ISO-10303-21;
HEADER;
/* Generated by software containing ST-Developer
 * from STEP Tools, Inc. (www.steptools.com) 
 */

FILE_DESCRIPTION(
/* description */ ('',
'CAx-IF Rec.Pracs.---Representation and Presentation of Product Manufa
cturing Information (PMI)---4.0---2014-10-13'),
/* implementation_level */ '2;1');

FILE_NAME(
/* name */ 'IMX335 v2.step',
/* time_stamp */ '2025-04-24T10:38:21-07:00',
/* author */ (''),
/* organization */ (''),
/* preprocessor_version */ 'ST-DEVELOPER v20',
/* originating_system */ 'Autodesk Translation Framework v13.20.0.188',

/* authorisation */ '');

FILE_SCHEMA (('AP242_MANAGED_MODEL_BASED_3D_ENGINEERING_MIM_LF { 1 0 10303 442 1 1 4 }'));
ENDSEC;

DATA;
#10=MECHANICAL_DESIGN_GEOMETRIC_PRESENTATION_REPRESENTATION('',(#13),#2823);
#11=SHAPE_REPRESENTATION_RELATIONSHIP('SRR','None',#2830,#12);
#12=ADVANCED_BREP_SHAPE_REPRESENTATION('',(#14),#2822);
#13=STYLED_ITEM('',(#2839),#14);
#14=MANIFOLD_SOLID_BREP('Body1',#1515);
#15=SPHERICAL_SURFACE('',#1623,0.125);
#16=SPHERICAL_SURFACE('',#1625,0.125);
#17=SPHERICAL_SURFACE('',#1627,0.125);
#18=SPHERICAL_SURFACE('',#1629,0.125);
#19=SPHERICAL_SURFACE('',#1631,0.125);
#20=SPHERICAL_SURFACE('',#1633,0.125);
#21=SPHERICAL_SURFACE('',#1635,0.125);
#22=SPHERICAL_SURFACE('',#1637,0.125);
#23=SPHERICAL_SURFACE('',#1639,0.125);
#24=SPHERICAL_SURFACE('',#1641,0.125);
#25=SPHERICAL_SURFACE('',#1643,0.125);
#26=SPHERICAL_SURFACE('',#1645,0.125);
#27=SPHERICAL_SURFACE('',#1647,0.125);
#28=SPHERICAL_SURFACE('',#1649,0.125);
#29=SPHERICAL_SURFACE('',#1651,0.125);
#30=SPHERICAL_SURFACE('',#1653,0.125);
#31=SPHERICAL_SURFACE('',#1655,0.125);
#32=SPHERICAL_SURFACE('',#1657,0.125);
#33=SPHERICAL_SURFACE('',#1659,0.125);
#34=SPHERICAL_SURFACE('',#1661,0.125);
#35=SPHERICAL_SURFACE('',#1663,0.125);
#36=SPHERICAL_SURFACE('',#1665,0.125);
#37=SPHERICAL_SURFACE('',#1667,0.125);
#38=SPHERICAL_SURFACE('',#1669,0.125);
#39=SPHERICAL_SURFACE('',#1671,0.125);
#40=SPHERICAL_SURFACE('',#1673,0.125);
#41=SPHERICAL_SURFACE('',#1675,0.125);
#42=SPHERICAL_SURFACE('',#1677,0.125);
#43=SPHERICAL_SURFACE('',#1679,0.125);
#44=SPHERICAL_SURFACE('',#1681,0.125);
#45=SPHERICAL_SURFACE('',#1683,0.125);
#46=SPHERICAL_SURFACE('',#1685,0.125);
#47=SPHERICAL_SURFACE('',#1687,0.125);
#48=SPHERICAL_SURFACE('',#1689,0.125);
#49=SPHERICAL_SURFACE('',#1691,0.125);
#50=SPHERICAL_SURFACE('',#1693,0.125);
#51=SPHERICAL_SURFACE('',#1695,0.125);
#52=SPHERICAL_SURFACE('',#1697,0.125);
#53=SPHERICAL_SURFACE('',#1699,0.125);
#54=SPHERICAL_SURFACE('',#1701,0.125);
#55=SPHERICAL_SURFACE('',#1703,0.125);
#56=SPHERICAL_SURFACE('',#1705,0.125);
#57=SPHERICAL_SURFACE('',#1707,0.125);
#58=SPHERICAL_SURFACE('',#1709,0.125);
#59=SPHERICAL_SURFACE('',#1711,0.125);
#60=SPHERICAL_SURFACE('',#1713,0.125);
#61=SPHERICAL_SURFACE('',#1715,0.125);
#62=SPHERICAL_SURFACE('',#1717,0.125);
#63=SPHERICAL_SURFACE('',#1719,0.125);
#64=SPHERICAL_SURFACE('',#1721,0.125);
#65=SPHERICAL_SURFACE('',#1723,0.125);
#66=SPHERICAL_SURFACE('',#1725,0.125);
#67=SPHERICAL_SURFACE('',#1727,0.125);
#68=SPHERICAL_SURFACE('',#1729,0.125);
#69=SPHERICAL_SURFACE('',#1731,0.125);
#70=SPHERICAL_SURFACE('',#1733,0.125);
#71=SPHERICAL_SURFACE('',#1735,0.125);
#72=SPHERICAL_SURFACE('',#1737,0.125);
#73=SPHERICAL_SURFACE('',#1739,0.125);
#74=SPHERICAL_SURFACE('',#1741,0.125);
#75=SPHERICAL_SURFACE('',#1743,0.125);
#76=SPHERICAL_SURFACE('',#1745,0.125);
#77=SPHERICAL_SURFACE('',#1747,0.125);
#78=SPHERICAL_SURFACE('',#1749,0.125);
#79=SPHERICAL_SURFACE('',#1751,0.125);
#80=SPHERICAL_SURFACE('',#1753,0.125);
#81=SPHERICAL_SURFACE('',#1755,0.125);
#82=SPHERICAL_SURFACE('',#1757,0.125);
#83=SPHERICAL_SURFACE('',#1759,0.125);
#84=SPHERICAL_SURFACE('',#1761,0.125);
#85=SPHERICAL_SURFACE('',#1763,0.125);
#86=SPHERICAL_SURFACE('',#1765,0.125);
#87=SPHERICAL_SURFACE('',#1767,0.125);
#88=SPHERICAL_SURFACE('',#1769,0.125);
#89=SPHERICAL_SURFACE('',#1771,0.125);
#90=SPHERICAL_SURFACE('',#1773,0.125);
#91=SPHERICAL_SURFACE('',#1775,0.125);
#92=SPHERICAL_SURFACE('',#1777,0.125);
#93=SPHERICAL_SURFACE('',#1779,0.125);
#94=SPHERICAL_SURFACE('',#1781,0.125);
#95=SPHERICAL_SURFACE('',#1783,0.125);
#96=SPHERICAL_SURFACE('',#1785,0.125);
#97=SPHERICAL_SURFACE('',#1787,0.125);
#98=SPHERICAL_SURFACE('',#1789,0.125);
#99=SPHERICAL_SURFACE('',#1791,0.125);
#100=SPHERICAL_SURFACE('',#1793,0.125);
#101=SPHERICAL_SURFACE('',#1795,0.125);
#102=SPHERICAL_SURFACE('',#1797,0.125);
#103=FACE_BOUND('',#462,.T.);
#104=FACE_BOUND('',#463,.T.);
#105=FACE_BOUND('',#464,.T.);
#106=FACE_BOUND('',#465,.T.);
#107=FACE_BOUND('',#466,.T.);
#108=FACE_BOUND('',#467,.T.);
#109=FACE_BOUND('',#468,.T.);
#110=FACE_BOUND('',#469,.T.);
#111=FACE_BOUND('',#470,.T.);
#112=FACE_BOUND('',#471,.T.);
#113=FACE_BOUND('',#472,.T.);
#114=FACE_BOUND('',#473,.T.);
#115=FACE_BOUND('',#474,.T.);
#116=FACE_BOUND('',#475,.T.);
#117=FACE_BOUND('',#476,.T.);
#118=FACE_BOUND('',#477,.T.);
#119=FACE_BOUND('',#478,.T.);
#120=FACE_BOUND('',#479,.T.);
#121=FACE_BOUND('',#480,.T.);
#122=FACE_BOUND('',#481,.T.);
#123=FACE_BOUND('',#482,.T.);
#124=FACE_BOUND('',#483,.T.);
#125=FACE_BOUND('',#484,.T.);
#126=FACE_BOUND('',#485,.T.);
#127=FACE_BOUND('',#486,.T.);
#128=FACE_BOUND('',#487,.T.);
#129=FACE_BOUND('',#488,.T.);
#130=FACE_BOUND('',#489,.T.);
#131=FACE_BOUND('',#490,.T.);
#132=FACE_BOUND('',#491,.T.);
#133=FACE_BOUND('',#492,.T.);
#134=FACE_BOUND('',#493,.T.);
#135=FACE_BOUND('',#494,.T.);
#136=FACE_BOUND('',#495,.T.);
#137=FACE_BOUND('',#496,.T.);
#138=FACE_BOUND('',#497,.T.);
#139=FACE_BOUND('',#498,.T.);
#140=FACE_BOUND('',#499,.T.);
#141=FACE_BOUND('',#500,.T.);
#142=FACE_BOUND('',#501,.T.);
#143=FACE_BOUND('',#502,.T.);
#144=FACE_BOUND('',#503,.T.);
#145=FACE_BOUND('',#504,.T.);
#146=FACE_BOUND('',#505,.T.);
#147=FACE_BOUND('',#506,.T.);
#148=FACE_BOUND('',#507,.T.);
#149=FACE_BOUND('',#508,.T.);
#150=FACE_BOUND('',#509,.T.);
#151=FACE_BOUND('',#510,.T.);
#152=FACE_BOUND('',#511,.T.);
#153=FACE_BOUND('',#512,.T.);
#154=FACE_BOUND('',#513,.T.);
#155=FACE_BOUND('',#514,.T.);
#156=FACE_BOUND('',#515,.T.);
#157=FACE_BOUND('',#516,.T.);
#158=FACE_BOUND('',#517,.T.);
#159=FACE_BOUND('',#518,.T.);
#160=FACE_BOUND('',#519,.T.);
#161=FACE_BOUND('',#520,.T.);
#162=FACE_BOUND('',#521,.T.);
#163=FACE_BOUND('',#522,.T.);
#164=FACE_BOUND('',#523,.T.);
#165=FACE_BOUND('',#524,.T.);
#166=FACE_BOUND('',#525,.T.);
#167=FACE_BOUND('',#526,.T.);
#168=FACE_BOUND('',#527,.T.);
#169=FACE_BOUND('',#528,.T.);
#170=FACE_BOUND('',#529,.T.);
#171=FACE_BOUND('',#530,.T.);
#172=FACE_BOUND('',#531,.T.);
#173=FACE_BOUND('',#532,.T.);
#174=FACE_BOUND('',#533,.T.);
#175=FACE_BOUND('',#534,.T.);
#176=FACE_BOUND('',#535,.T.);
#177=FACE_BOUND('',#536,.T.);
#178=FACE_BOUND('',#537,.T.);
#179=FACE_BOUND('',#538,.T.);
#180=FACE_BOUND('',#539,.T.);
#181=FACE_BOUND('',#540,.T.);
#182=FACE_BOUND('',#541,.T.);
#183=FACE_BOUND('',#542,.T.);
#184=FACE_BOUND('',#543,.T.);
#185=FACE_BOUND('',#544,.T.);
#186=FACE_BOUND('',#545,.T.);
#187=FACE_BOUND('',#546,.T.);
#188=FACE_BOUND('',#547,.T.);
#189=FACE_BOUND('',#548,.T.);
#190=FACE_BOUND('',#549,.T.);
#191=CIRCLE('',#1530,0.125);
#192=CIRCLE('',#1531,0.125);
#193=CIRCLE('',#1532,0.125);
#194=CIRCLE('',#1533,0.125);
#195=CIRCLE('',#1534,0.125);
#196=CIRCLE('',#1535,0.125);
#197=CIRCLE('',#1536,0.125);
#198=CIRCLE('',#1537,0.125);
#199=CIRCLE('',#1538,0.125);
#200=CIRCLE('',#1539,0.125);
#201=CIRCLE('',#1540,0.125);
#202=CIRCLE('',#1541,0.125);
#203=CIRCLE('',#1542,0.125);
#204=CIRCLE('',#1543,0.125);
#205=CIRCLE('',#1544,0.125);
#206=CIRCLE('',#1545,0.125);
#207=CIRCLE('',#1546,0.125);
#208=CIRCLE('',#1547,0.125);
#209=CIRCLE('',#1548,0.125);
#210=CIRCLE('',#1549,0.125);
#211=CIRCLE('',#1550,0.125);
#212=CIRCLE('',#1551,0.125);
#213=CIRCLE('',#1552,0.125);
#214=CIRCLE('',#1553,0.125);
#215=CIRCLE('',#1554,0.125);
#216=CIRCLE('',#1555,0.125);
#217=CIRCLE('',#1556,0.125);
#218=CIRCLE('',#1557,0.125);
#219=CIRCLE('',#1558,0.125);
#220=CIRCLE('',#1559,0.125);
#221=CIRCLE('',#1560,0.125);
#222=CIRCLE('',#1561,0.125);
#223=CIRCLE('',#1562,0.125);
#224=CIRCLE('',#1563,0.125);
#225=CIRCLE('',#1564,0.125);
#226=CIRCLE('',#1565,0.125);
#227=CIRCLE('',#1566,0.125);
#228=CIRCLE('',#1567,0.125);
#229=CIRCLE('',#1568,0.125);
#230=CIRCLE('',#1569,0.125);
#231=CIRCLE('',#1570,0.125);
#232=CIRCLE('',#1571,0.125);
#233=CIRCLE('',#1572,0.125);
#234=CIRCLE('',#1573,0.125);
#235=CIRCLE('',#1574,0.125);
#236=CIRCLE('',#1575,0.125);
#237=CIRCLE('',#1576,0.125);
#238=CIRCLE('',#1577,0.125);
#239=CIRCLE('',#1578,0.125);
#240=CIRCLE('',#1579,0.125);
#241=CIRCLE('',#1580,0.125);
#242=CIRCLE('',#1581,0.125);
#243=CIRCLE('',#1582,0.125);
#244=CIRCLE('',#1583,0.125);
#245=CIRCLE('',#1584,0.125);
#246=CIRCLE('',#1585,0.125);
#247=CIRCLE('',#1586,0.125);
#248=CIRCLE('',#1587,0.125);
#249=CIRCLE('',#1588,0.125);
#250=CIRCLE('',#1589,0.125);
#251=CIRCLE('',#1590,0.125);
#252=CIRCLE('',#1591,0.125);
#253=CIRCLE('',#1592,0.125);
#254=CIRCLE('',#1593,0.125);
#255=CIRCLE('',#1594,0.125);
#256=CIRCLE('',#1595,0.125);
#257=CIRCLE('',#1596,0.125);
#258=CIRCLE('',#1597,0.125);
#259=CIRCLE('',#1598,0.125);
#260=CIRCLE('',#1599,0.125);
#261=CIRCLE('',#1600,0.125);
#262=CIRCLE('',#1601,0.125);
#263=CIRCLE('',#1602,0.125);
#264=CIRCLE('',#1603,0.125);
#265=CIRCLE('',#1604,0.125);
#266=CIRCLE('',#1605,0.125);
#267=CIRCLE('',#1606,0.125);
#268=CIRCLE('',#1607,0.125);
#269=CIRCLE('',#1608,0.125);
#270=CIRCLE('',#1609,0.125);
#271=CIRCLE('',#1610,0.125);
#272=CIRCLE('',#1611,0.125);
#273=CIRCLE('',#1612,0.125);
#274=CIRCLE('',#1613,0.125);
#275=CIRCLE('',#1614,0.125);
#276=CIRCLE('',#1615,0.125);
#277=CIRCLE('',#1616,0.125);
#278=CIRCLE('',#1617,0.125);
#279=CIRCLE('',#1624,0.125);
#280=CIRCLE('',#1626,0.125);
#281=CIRCLE('',#1628,0.125);
#282=CIRCLE('',#1630,0.125);
#283=CIRCLE('',#1632,0.125);
#284=CIRCLE('',#1634,0.125);
#285=CIRCLE('',#1636,0.125);
#286=CIRCLE('',#1638,0.125);
#287=CIRCLE('',#1640,0.125);
#288=CIRCLE('',#1642,0.125);
#289=CIRCLE('',#1644,0.125);
#290=CIRCLE('',#1646,0.125);
#291=CIRCLE('',#1648,0.125);
#292=CIRCLE('',#1650,0.125);
#293=CIRCLE('',#1652,0.125);
#294=CIRCLE('',#1654,0.125);
#295=CIRCLE('',#1656,0.125);
#296=CIRCLE('',#1658,0.125);
#297=CIRCLE('',#1660,0.125);
#298=CIRCLE('',#1662,0.125);
#299=CIRCLE('',#1664,0.125);
#300=CIRCLE('',#1666,0.125);
#301=CIRCLE('',#1668,0.125);
#302=CIRCLE('',#1670,0.125);
#303=CIRCLE('',#1672,0.125);
#304=CIRCLE('',#1674,0.125);
#305=CIRCLE('',#1676,0.125);
#306=CIRCLE('',#1678,0.125);
#307=CIRCLE('',#1680,0.125);
#308=CIRCLE('',#1682,0.125);
#309=CIRCLE('',#1684,0.125);
#310=CIRCLE('',#1686,0.125);
#311=CIRCLE('',#1688,0.125);
#312=CIRCLE('',#1690,0.125);
#313=CIRCLE('',#1692,0.125);
#314=CIRCLE('',#1694,0.125);
#315=CIRCLE('',#1696,0.125);
#316=CIRCLE('',#1698,0.125);
#317=CIRCLE('',#1700,0.125);
#318=CIRCLE('',#1702,0.125);
#319=CIRCLE('',#1704,0.125);
#320=CIRCLE('',#1706,0.125);
#321=CIRCLE('',#1708,0.125);
#322=CIRCLE('',#1710,0.125);
#323=CIRCLE('',#1712,0.125);
#324=CIRCLE('',#1714,0.125);
#325=CIRCLE('',#1716,0.125);
#326=CIRCLE('',#1718,0.125);
#327=CIRCLE('',#1720,0.125);
#328=CIRCLE('',#1722,0.125);
#329=CIRCLE('',#1724,0.125);
#330=CIRCLE('',#1726,0.125);
#331=CIRCLE('',#1728,0.125);
#332=CIRCLE('',#1730,0.125);
#333=CIRCLE('',#1732,0.125);
#334=CIRCLE('',#1734,0.125);
#335=CIRCLE('',#1736,0.125);
#336=CIRCLE('',#1738,0.125);
#337=CIRCLE('',#1740,0.125);
#338=CIRCLE('',#1742,0.125);
#339=CIRCLE('',#1744,0.125);
#340=CIRCLE('',#1746,0.125);
#341=CIRCLE('',#1748,0.125);
#342=CIRCLE('',#1750,0.125);
#343=CIRCLE('',#1752,0.125);
#344=CIRCLE('',#1754,0.125);
#345=CIRCLE('',#1756,0.125);
#346=CIRCLE('',#1758,0.125);
#347=CIRCLE('',#1760,0.125);
#348=CIRCLE('',#1762,0.125);
#349=CIRCLE('',#1764,0.125);
#350=CIRCLE('',#1766,0.125);
#351=CIRCLE('',#1768,0.125);
#352=CIRCLE('',#1770,0.125);
#353=CIRCLE('',#1772,0.125);
#354=CIRCLE('',#1774,0.125);
#355=CIRCLE('',#1776,0.125);
#356=CIRCLE('',#1778,0.125);
#357=CIRCLE('',#1780,0.125);
#358=CIRCLE('',#1782,0.125);
#359=CIRCLE('',#1784,0.125);
#360=CIRCLE('',#1786,0.125);
#361=CIRCLE('',#1788,0.125);
#362=CIRCLE('',#1790,0.125);
#363=CIRCLE('',#1792,0.125);
#364=CIRCLE('',#1794,0.125);
#365=CIRCLE('',#1796,0.125);
#366=CIRCLE('',#1798,0.125);
#367=FACE_OUTER_BOUND('',#461,.T.);
#368=FACE_OUTER_BOUND('',#550,.T.);
#369=FACE_OUTER_BOUND('',#551,.T.);
#370=FACE_OUTER_BOUND('',#552,.T.);
#371=FACE_OUTER_BOUND('',#553,.T.);
#372=FACE_OUTER_BOUND('',#554,.T.);
#373=FACE_OUTER_BOUND('',#555,.T.);
#374=FACE_OUTER_BOUND('',#556,.T.);
#375=FACE_OUTER_BOUND('',#557,.T.);
#376=FACE_OUTER_BOUND('',#558,.T.);
#377=FACE_OUTER_BOUND('',#559,.T.);
#378=FACE_OUTER_BOUND('',#560,.T.);
#379=FACE_OUTER_BOUND('',#561,.T.);
#380=FACE_OUTER_BOUND('',#562,.T.);
#381=FACE_OUTER_BOUND('',#563,.T.);
#382=FACE_OUTER_BOUND('',#564,.T.);
#383=FACE_OUTER_BOUND('',#565,.T.);
#384=FACE_OUTER_BOUND('',#566,.T.);
#385=FACE_OUTER_BOUND('',#567,.T.);
#386=FACE_OUTER_BOUND('',#568,.T.);
#387=FACE_OUTER_BOUND('',#569,.T.);
#388=FACE_OUTER_BOUND('',#570,.T.);
#389=FACE_OUTER_BOUND('',#571,.T.);
#390=FACE_OUTER_BOUND('',#572,.T.);
#391=FACE_OUTER_BOUND('',#573,.T.);
#392=FACE_OUTER_BOUND('',#574,.T.);
#393=FACE_OUTER_BOUND('',#575,.T.);
#394=FACE_OUTER_BOUND('',#576,.T.);
#395=FACE_OUTER_BOUND('',#577,.T.);
#396=FACE_OUTER_BOUND('',#578,.T.);
#397=FACE_OUTER_BOUND('',#579,.T.);
#398=FACE_OUTER_BOUND('',#580,.T.);
#399=FACE_OUTER_BOUND('',#581,.T.);
#400=FACE_OUTER_BOUND('',#582,.T.);
#401=FACE_OUTER_BOUND('',#583,.T.);
#402=FACE_OUTER_BOUND('',#584,.T.);
#403=FACE_OUTER_BOUND('',#585,.T.);
#404=FACE_OUTER_BOUND('',#586,.T.);
#405=FACE_OUTER_BOUND('',#587,.T.);
#406=FACE_OUTER_BOUND('',#588,.T.);
#407=FACE_OUTER_BOUND('',#589,.T.);
#408=FACE_OUTER_BOUND('',#590,.T.);
#409=FACE_OUTER_BOUND('',#591,.T.);
#410=FACE_OUTER_BOUND('',#592,.T.);
#411=FACE_OUTER_BOUND('',#593,.T.);
#412=FACE_OUTER_BOUND('',#594,.T.);
#413=FACE_OUTER_BOUND('',#595,.T.);
#414=FACE_OUTER_BOUND('',#596,.T.);
#415=FACE_OUTER_BOUND('',#597,.T.);
#416=FACE_OUTER_BOUND('',#598,.T.);
#417=FACE_OUTER_BOUND('',#599,.T.);
#418=FACE_OUTER_BOUND('',#600,.T.);
#419=FACE_OUTER_BOUND('',#601,.T.);
#420=FACE_OUTER_BOUND('',#602,.T.);
#421=FACE_OUTER_BOUND('',#603,.T.);
#422=FACE_OUTER_BOUND('',#604,.T.);
#423=FACE_OUTER_BOUND('',#605,.T.);
#424=FACE_OUTER_BOUND('',#606,.T.);
#425=FACE_OUTER_BOUND('',#607,.T.);
#426=FACE_OUTER_BOUND('',#608,.T.);
#427=FACE_OUTER_BOUND('',#609,.T.);
#428=FACE_OUTER_BOUND('',#610,.T.);
#429=FACE_OUTER_BOUND('',#611,.T.);
#430=FACE_OUTER_BOUND('',#612,.T.);
#431=FACE_OUTER_BOUND('',#613,.T.);
#432=FACE_OUTER_BOUND('',#614,.T.);
#433=FACE_OUTER_BOUND('',#615,.T.);
#434=FACE_OUTER_BOUND('',#616,.T.);
#435=FACE_OUTER_BOUND('',#617,.T.);
#436=FACE_OUTER_BOUND('',#618,.T.);
#437=FACE_OUTER_BOUND('',#619,.T.);
#438=FACE_OUTER_BOUND('',#620,.T.);
#439=FACE_OUTER_BOUND('',#621,.T.);
#440=FACE_OUTER_BOUND('',#622,.T.);
#441=FACE_OUTER_BOUND('',#623,.T.);
#442=FACE_OUTER_BOUND('',#624,.T.);
#443=FACE_OUTER_BOUND('',#625,.T.);
#444=FACE_OUTER_BOUND('',#626,.T.);
#445=FACE_OUTER_BOUND('',#627,.T.);
#446=FACE_OUTER_BOUND('',#628,.T.);
#447=FACE_OUTER_BOUND('',#629,.T.);
#448=FACE_OUTER_BOUND('',#630,.T.);
#449=FACE_OUTER_BOUND('',#631,.T.);
#450=FACE_OUTER_BOUND('',#632,.T.);
#451=FACE_OUTER_BOUND('',#633,.T.);
#452=FACE_OUTER_BOUND('',#634,.T.);
#453=FACE_OUTER_BOUND('',#635,.T.);
#454=FACE_OUTER_BOUND('',#636,.T.);
#455=FACE_OUTER_BOUND('',#637,.T.);
#456=FACE_OUTER_BOUND('',#638,.T.);
#457=FACE_OUTER_BOUND('',#639,.T.);
#458=FACE_OUTER_BOUND('',#640,.T.);
#459=FACE_OUTER_BOUND('',#641,.T.);
#460=FACE_OUTER_BOUND('',#642,.T.);
#461=EDGE_LOOP('',(#1039,#1040,#1041,#1042));
#462=EDGE_LOOP('',(#1043));
#463=EDGE_LOOP('',(#1044));
#464=EDGE_LOOP('',(#1045));
#465=EDGE_LOOP('',(#1046));
#466=EDGE_LOOP('',(#1047));
#467=EDGE_LOOP('',(#1048));
#468=EDGE_LOOP('',(#1049));
#469=EDGE_LOOP('',(#1050));
#470=EDGE_LOOP('',(#1051));
#471=EDGE_LOOP('',(#1052));
#472=EDGE_LOOP('',(#1053));
#473=EDGE_LOOP('',(#1054));
#474=EDGE_LOOP('',(#1055));
#475=EDGE_LOOP('',(#1056));
#476=EDGE_LOOP('',(#1057));
#477=EDGE_LOOP('',(#1058));
#478=EDGE_LOOP('',(#1059));
#479=EDGE_LOOP('',(#1060));
#480=EDGE_LOOP('',(#1061));
#481=EDGE_LOOP('',(#1062));
#482=EDGE_LOOP('',(#1063));
#483=EDGE_LOOP('',(#1064));
#484=EDGE_LOOP('',(#1065));
#485=EDGE_LOOP('',(#1066));
#486=EDGE_LOOP('',(#1067));
#487=EDGE_LOOP('',(#1068));
#488=EDGE_LOOP('',(#1069));
#489=EDGE_LOOP('',(#1070));
#490=EDGE_LOOP('',(#1071));
#491=EDGE_LOOP('',(#1072));
#492=EDGE_LOOP('',(#1073));
#493=EDGE_LOOP('',(#1074));
#494=EDGE_LOOP('',(#1075));
#495=EDGE_LOOP('',(#1076));
#496=EDGE_LOOP('',(#1077));
#497=EDGE_LOOP('',(#1078));
#498=EDGE_LOOP('',(#1079));
#499=EDGE_LOOP('',(#1080));
#500=EDGE_LOOP('',(#1081));
#501=EDGE_LOOP('',(#1082));
#502=EDGE_LOOP('',(#1083));
#503=EDGE_LOOP('',(#1084));
#504=EDGE_LOOP('',(#1085));
#505=EDGE_LOOP('',(#1086));
#506=EDGE_LOOP('',(#1087));
#507=EDGE_LOOP('',(#1088));
#508=EDGE_LOOP('',(#1089));
#509=EDGE_LOOP('',(#1090));
#510=EDGE_LOOP('',(#1091));
#511=EDGE_LOOP('',(#1092));
#512=EDGE_LOOP('',(#1093));
#513=EDGE_LOOP('',(#1094));
#514=EDGE_LOOP('',(#1095));
#515=EDGE_LOOP('',(#1096));
#516=EDGE_LOOP('',(#1097));
#517=EDGE_LOOP('',(#1098));
#518=EDGE_LOOP('',(#1099));
#519=EDGE_LOOP('',(#1100));
#520=EDGE_LOOP('',(#1101));
#521=EDGE_LOOP('',(#1102));
#522=EDGE_LOOP('',(#1103));
#523=EDGE_LOOP('',(#1104));
#524=EDGE_LOOP('',(#1105));
#525=EDGE_LOOP('',(#1106));
#526=EDGE_LOOP('',(#1107));
#527=EDGE_LOOP('',(#1108));
#528=EDGE_LOOP('',(#1109));
#529=EDGE_LOOP('',(#1110));
#530=EDGE_LOOP('',(#1111));
#531=EDGE_LOOP('',(#1112));
#532=EDGE_LOOP('',(#1113));
#533=EDGE_LOOP('',(#1114));
#534=EDGE_LOOP('',(#1115));
#535=EDGE_LOOP('',(#1116));
#536=EDGE_LOOP('',(#1117));
#537=EDGE_LOOP('',(#1118));
#538=EDGE_LOOP('',(#1119));
#539=EDGE_LOOP('',(#1120));
#540=EDGE_LOOP('',(#1121));
#541=EDGE_LOOP('',(#1122));
#542=EDGE_LOOP('',(#1123));
#543=EDGE_LOOP('',(#1124));
#544=EDGE_LOOP('',(#1125));
#545=EDGE_LOOP('',(#1126));
#546=EDGE_LOOP('',(#1127));
#547=EDGE_LOOP('',(#1128));
#548=EDGE_LOOP('',(#1129));
#549=EDGE_LOOP('',(#1130));
#550=EDGE_LOOP('',(#1131,#1132,#1133,#1134));
#551=EDGE_LOOP('',(#1135,#1136,#1137,#1138));
#552=EDGE_LOOP('',(#1139,#1140,#1141,#1142));
#553=EDGE_LOOP('',(#1143,#1144,#1145,#1146));
#554=EDGE_LOOP('',(#1147,#1148,#1149,#1150));
#555=EDGE_LOOP('',(#1151,#1152,#1153));
#556=EDGE_LOOP('',(#1154,#1155,#1156));
#557=EDGE_LOOP('',(#1157,#1158,#1159));
#558=EDGE_LOOP('',(#1160,#1161,#1162));
#559=EDGE_LOOP('',(#1163,#1164,#1165));
#560=EDGE_LOOP('',(#1166,#1167,#1168));
#561=EDGE_LOOP('',(#1169,#1170,#1171));
#562=EDGE_LOOP('',(#1172,#1173,#1174));
#563=EDGE_LOOP('',(#1175,#1176,#1177));
#564=EDGE_LOOP('',(#1178,#1179,#1180));
#565=EDGE_LOOP('',(#1181,#1182,#1183));
#566=EDGE_LOOP('',(#1184,#1185,#1186));
#567=EDGE_LOOP('',(#1187,#1188,#1189));
#568=EDGE_LOOP('',(#1190,#1191,#1192));
#569=EDGE_LOOP('',(#1193,#1194,#1195));
#570=EDGE_LOOP('',(#1196,#1197,#1198));
#571=EDGE_LOOP('',(#1199,#1200,#1201));
#572=EDGE_LOOP('',(#1202,#1203,#1204));
#573=EDGE_LOOP('',(#1205,#1206,#1207));
#574=EDGE_LOOP('',(#1208,#1209,#1210));
#575=EDGE_LOOP('',(#1211,#1212,#1213));
#576=EDGE_LOOP('',(#1214,#1215,#1216));
#577=EDGE_LOOP('',(#1217,#1218,#1219));
#578=EDGE_LOOP('',(#1220,#1221,#1222));
#579=EDGE_LOOP('',(#1223,#1224,#1225));
#580=EDGE_LOOP('',(#1226,#1227,#1228));
#581=EDGE_LOOP('',(#1229,#1230,#1231));
#582=EDGE_LOOP('',(#1232,#1233,#1234));
#583=EDGE_LOOP('',(#1235,#1236,#1237));
#584=EDGE_LOOP('',(#1238,#1239,#1240));
#585=EDGE_LOOP('',(#1241,#1242,#1243));
#586=EDGE_LOOP('',(#1244,#1245,#1246));
#587=EDGE_LOOP('',(#1247,#1248,#1249));
#588=EDGE_LOOP('',(#1250,#1251,#1252));
#589=EDGE_LOOP('',(#1253,#1254,#1255));
#590=EDGE_LOOP('',(#1256,#1257,#1258));
#591=EDGE_LOOP('',(#1259,#1260,#1261));
#592=EDGE_LOOP('',(#1262,#1263,#1264));
#593=EDGE_LOOP('',(#1265,#1266,#1267));
#594=EDGE_LOOP('',(#1268,#1269,#1270));
#595=EDGE_LOOP('',(#1271,#1272,#1273));
#596=EDGE_LOOP('',(#1274,#1275,#1276));
#597=EDGE_LOOP('',(#1277,#1278,#1279));
#598=EDGE_LOOP('',(#1280,#1281,#1282));
#599=EDGE_LOOP('',(#1283,#1284,#1285));
#600=EDGE_LOOP('',(#1286,#1287,#1288));
#601=EDGE_LOOP('',(#1289,#1290,#1291));
#602=EDGE_LOOP('',(#1292,#1293,#1294));
#603=EDGE_LOOP('',(#1295,#1296,#1297));
#604=EDGE_LOOP('',(#1298,#1299,#1300));
#605=EDGE_LOOP('',(#1301,#1302,#1303));
#606=EDGE_LOOP('',(#1304,#1305,#1306));
#607=EDGE_LOOP('',(#1307,#1308,#1309));
#608=EDGE_LOOP('',(#1310,#1311,#1312));
#609=EDGE_LOOP('',(#1313,#1314,#1315));
#610=EDGE_LOOP('',(#1316,#1317,#1318));
#611=EDGE_LOOP('',(#1319,#1320,#1321));
#612=EDGE_LOOP('',(#1322,#1323,#1324));
#613=EDGE_LOOP('',(#1325,#1326,#1327));
#614=EDGE_LOOP('',(#1328,#1329,#1330));
#615=EDGE_LOOP('',(#1331,#1332,#1333));
#616=EDGE_LOOP('',(#1334,#1335,#1336));
#617=EDGE_LOOP('',(#1337,#1338,#1339));
#618=EDGE_LOOP('',(#1340,#1341,#1342));
#619=EDGE_LOOP('',(#1343,#1344,#1345));
#620=EDGE_LOOP('',(#1346,#1347,#1348));
#621=EDGE_LOOP('',(#1349,#1350,#1351));
#622=EDGE_LOOP('',(#1352,#1353,#1354));
#623=EDGE_LOOP('',(#1355,#1356,#1357));
#624=EDGE_LOOP('',(#1358,#1359,#1360));
#625=EDGE_LOOP('',(#1361,#1362,#1363));
#626=EDGE_LOOP('',(#1364,#1365,#1366));
#627=EDGE_LOOP('',(#1367,#1368,#1369));
#628=EDGE_LOOP('',(#1370,#1371,#1372));
#629=EDGE_LOOP('',(#1373,#1374,#1375));
#630=EDGE_LOOP('',(#1376,#1377,#1378));
#631=EDGE_LOOP('',(#1379,#1380,#1381));
#632=EDGE_LOOP('',(#1382,#1383,#1384));
#633=EDGE_LOOP('',(#1385,#1386,#1387));
#634=EDGE_LOOP('',(#1388,#1389,#1390));
#635=EDGE_LOOP('',(#1391,#1392,#1393));
#636=EDGE_LOOP('',(#1394,#1395,#1396));
#637=EDGE_LOOP('',(#1397,#1398,#1399));
#638=EDGE_LOOP('',(#1400,#1401,#1402));
#639=EDGE_LOOP('',(#1403,#1404,#1405));
#640=EDGE_LOOP('',(#1406,#1407,#1408));
#641=EDGE_LOOP('',(#1409,#1410,#1411));
#642=EDGE_LOOP('',(#1412,#1413,#1414));
#643=LINE('',#2357,#655);
#644=LINE('',#2359,#656);
#645=LINE('',#2361,#657);
#646=LINE('',#2362,#658);
#647=LINE('',#2541,#659);
#648=LINE('',#2543,#660);
#649=LINE('',#2544,#661);
#650=LINE('',#2547,#662);
#651=LINE('',#2548,#663);
#652=LINE('',#2551,#664);
#653=LINE('',#2552,#665);
#654=LINE('',#2554,#666);
#655=VECTOR('',#1803,10.);
#656=VECTOR('',#1804,10.);
#657=VECTOR('',#1805,10.);
#658=VECTOR('',#1806,10.);
#659=VECTOR('',#1985,10.);
#660=VECTOR('',#1986,10.);
#661=VECTOR('',#1987,10.);
#662=VECTOR('',#1990,10.);
#663=VECTOR('',#1991,10.);
#664=VECTOR('',#1994,10.);
#665=VECTOR('',#1995,10.);
#666=VECTOR('',#1998,10.);
#667=VERTEX_POINT('',#2355);
#668=VERTEX_POINT('',#2356);
#669=VERTEX_POINT('',#2358);
#670=VERTEX_POINT('',#2360);
#671=VERTEX_POINT('',#2363);
#672=VERTEX_POINT('',#2365);
#673=VERTEX_POINT('',#2367);
#674=VERTEX_POINT('',#2369);
#675=VERTEX_POINT('',#2371);
#676=VERTEX_POINT('',#2373);
#677=VERTEX_POINT('',#2375);
#678=VERTEX_POINT('',#2377);
#679=VERTEX_POINT('',#2379);
#680=VERTEX_POINT('',#2381);
#681=VERTEX_POINT('',#2383);
#682=VERTEX_POINT('',#2385);
#683=VERTEX_POINT('',#2387);
#684=VERTEX_POINT('',#2389);
#685=VERTEX_POINT('',#2391);
#686=VERTEX_POINT('',#2393);
#687=VERTEX_POINT('',#2395);
#688=VERTEX_POINT('',#2397);
#689=VERTEX_POINT('',#2399);
#690=VERTEX_POINT('',#2401);
#691=VERTEX_POINT('',#2403);
#692=VERTEX_POINT('',#2405);
#693=VERTEX_POINT('',#2407);
#694=VERTEX_POINT('',#2409);
#695=VERTEX_POINT('',#2411);
#696=VERTEX_POINT('',#2413);
#697=VERTEX_POINT('',#2415);
#698=VERTEX_POINT('',#2417);
#699=VERTEX_POINT('',#2419);
#700=VERTEX_POINT('',#2421);
#701=VERTEX_POINT('',#2423);
#702=VERTEX_POINT('',#2425);
#703=VERTEX_POINT('',#2427);
#704=VERTEX_POINT('',#2429);
#705=VERTEX_POINT('',#2431);
#706=VERTEX_POINT('',#2433);
#707=VERTEX_POINT('',#2435);
#708=VERTEX_POINT('',#2437);
#709=VERTEX_POINT('',#2439);
#710=VERTEX_POINT('',#2441);
#711=VERTEX_POINT('',#2443);
#712=VERTEX_POINT('',#2445);
#713=VERTEX_POINT('',#2447);
#714=VERTEX_POINT('',#2449);
#715=VERTEX_POINT('',#2451);
#716=VERTEX_POINT('',#2453);
#717=VERTEX_POINT('',#2455);
#718=VERTEX_POINT('',#2457);
#719=VERTEX_POINT('',#2459);
#720=VERTEX_POINT('',#2461);
#721=VERTEX_POINT('',#2463);
#722=VERTEX_POINT('',#2465);
#723=VERTEX_POINT('',#2467);
#724=VERTEX_POINT('',#2469);
#725=VERTEX_POINT('',#2471);
#726=VERTEX_POINT('',#2473);
#727=VERTEX_POINT('',#2475);
#728=VERTEX_POINT('',#2477);
#729=VERTEX_POINT('',#2479);
#730=VERTEX_POINT('',#2481);
#731=VERTEX_POINT('',#2483);
#732=VERTEX_POINT('',#2485);
#733=VERTEX_POINT('',#2487);
#734=VERTEX_POINT('',#2489);
#735=VERTEX_POINT('',#2491);
#736=VERTEX_POINT('',#2493);
#737=VERTEX_POINT('',#2495);
#738=VERTEX_POINT('',#2497);
#739=VERTEX_POINT('',#2499);
#740=VERTEX_POINT('',#2501);
#741=VERTEX_POINT('',#2503);
#742=VERTEX_POINT('',#2505);
#743=VERTEX_POINT('',#2507);
#744=VERTEX_POINT('',#2509);
#745=VERTEX_POINT('',#2511);
#746=VERTEX_POINT('',#2513);
#747=VERTEX_POINT('',#2515);
#748=VERTEX_POINT('',#2517);
#749=VERTEX_POINT('',#2519);
#750=VERTEX_POINT('',#2521);
#751=VERTEX_POINT('',#2523);
#752=VERTEX_POINT('',#2525);
#753=VERTEX_POINT('',#2527);
#754=VERTEX_POINT('',#2529);
#755=VERTEX_POINT('',#2531);
#756=VERTEX_POINT('',#2533);
#757=VERTEX_POINT('',#2535);
#758=VERTEX_POINT('',#2537);
#759=VERTEX_POINT('',#2540);
#760=VERTEX_POINT('',#2542);
#761=VERTEX_POINT('',#2546);
#762=VERTEX_POINT('',#2550);
#763=VERTEX_POINT('',#2557);
#764=VERTEX_POINT('',#2560);
#765=VERTEX_POINT('',#2563);
#766=VERTEX_POINT('',#2566);
#767=VERTEX_POINT('',#2569);
#768=VERTEX_POINT('',#2572);
#769=VERTEX_POINT('',#2575);
#770=VERTEX_POINT('',#2578);
#771=VERTEX_POINT('',#2581);
#772=VERTEX_POINT('',#2584);
#773=VERTEX_POINT('',#2587);
#774=VERTEX_POINT('',#2590);
#775=VERTEX_POINT('',#2593);
#776=VERTEX_POINT('',#2596);
#777=VERTEX_POINT('',#2599);
#778=VERTEX_POINT('',#2602);
#779=VERTEX_POINT('',#2605);
#780=VERTEX_POINT('',#2608);
#781=VERTEX_POINT('',#2611);
#782=VERTEX_POINT('',#2614);
#783=VERTEX_POINT('',#2617);
#784=VERTEX_POINT('',#2620);
#785=VERTEX_POINT('',#2623);
#786=VERTEX_POINT('',#2626);
#787=VERTEX_POINT('',#2629);
#788=VERTEX_POINT('',#2632);
#789=VERTEX_POINT('',#2635);
#790=VERTEX_POINT('',#2638);
#791=VERTEX_POINT('',#2641);
#792=VERTEX_POINT('',#2644);
#793=VERTEX_POINT('',#2647);
#794=VERTEX_POINT('',#2650);
#795=VERTEX_POINT('',#2653);
#796=VERTEX_POINT('',#2656);
#797=VERTEX_POINT('',#2659);
#798=VERTEX_POINT('',#2662);
#799=VERTEX_POINT('',#2665);
#800=VERTEX_POINT('',#2668);
#801=VERTEX_POINT('',#2671);
#802=VERTEX_POINT('',#2674);
#803=VERTEX_POINT('',#2677);
#804=VERTEX_POINT('',#2680);
#805=VERTEX_POINT('',#2683);
#806=VERTEX_POINT('',#2686);
#807=VERTEX_POINT('',#2689);
#808=VERTEX_POINT('',#2692);
#809=VERTEX_POINT('',#2695);
#810=VERTEX_POINT('',#2698);
#811=VERTEX_POINT('',#2701);
#812=VERTEX_POINT('',#2704);
#813=VERTEX_POINT('',#2707);
#814=VERTEX_POINT('',#2710);
#815=VERTEX_POINT('',#2713);
#816=VERTEX_POINT('',#2716);
#817=VERTEX_POINT('',#2719);
#818=VERTEX_POINT('',#2722);
#819=VERTEX_POINT('',#2725);
#820=VERTEX_POINT('',#2728);
#821=VERTEX_POINT('',#2731);
#822=VERTEX_POINT('',#2734);
#823=VERTEX_POINT('',#2737);
#824=VERTEX_POINT('',#2740);
#825=VERTEX_POINT('',#2743);
#826=VERTEX_POINT('',#2746);
#827=VERTEX_POINT('',#2749);
#828=VERTEX_POINT('',#2752);
#829=VERTEX_POINT('',#2755);
#830=VERTEX_POINT('',#2758);
#831=VERTEX_POINT('',#2761);
#832=VERTEX_POINT('',#2764);
#833=VERTEX_POINT('',#2767);
#834=VERTEX_POINT('',#2770);
#835=VERTEX_POINT('',#2773);
#836=VERTEX_POINT('',#2776);
#837=VERTEX_POINT('',#2779);
#838=VERTEX_POINT('',#2782);
#839=VERTEX_POINT('',#2785);
#840=VERTEX_POINT('',#2788);
#841=VERTEX_POINT('',#2791);
#842=VERTEX_POINT('',#2794);
#843=VERTEX_POINT('',#2797);
#844=VERTEX_POINT('',#2800);
#845=VERTEX_POINT('',#2803);
#846=VERTEX_POINT('',#2806);
#847=VERTEX_POINT('',#2809);
#848=VERTEX_POINT('',#2812);
#849=VERTEX_POINT('',#2815);
#850=VERTEX_POINT('',#2818);
#851=EDGE_CURVE('',#667,#668,#643,.T.);
#852=EDGE_CURVE('',#668,#669,#644,.T.);
#853=EDGE_CURVE('',#669,#670,#645,.T.);
#854=EDGE_CURVE('',#670,#667,#646,.T.);
#855=EDGE_CURVE('',#671,#671,#191,.T.);
#856=EDGE_CURVE('',#672,#672,#192,.T.);
#857=EDGE_CURVE('',#673,#673,#193,.T.);
#858=EDGE_CURVE('',#674,#674,#194,.T.);
#859=EDGE_CURVE('',#675,#675,#195,.T.);
#860=EDGE_CURVE('',#676,#676,#196,.T.);
#861=EDGE_CURVE('',#677,#677,#197,.T.);
#862=EDGE_CURVE('',#678,#678,#198,.T.);
#863=EDGE_CURVE('',#679,#679,#199,.T.);
#864=EDGE_CURVE('',#680,#680,#200,.T.);
#865=EDGE_CURVE('',#681,#681,#201,.T.);
#866=EDGE_CURVE('',#682,#682,#202,.T.);
#867=EDGE_CURVE('',#683,#683,#203,.T.);
#868=EDGE_CURVE('',#684,#684,#204,.T.);
#869=EDGE_CURVE('',#685,#685,#205,.T.);
#870=EDGE_CURVE('',#686,#686,#206,.T.);
#871=EDGE_CURVE('',#687,#687,#207,.T.);
#872=EDGE_CURVE('',#688,#688,#208,.T.);
#873=EDGE_CURVE('',#689,#689,#209,.T.);
#874=EDGE_CURVE('',#690,#690,#210,.T.);
#875=EDGE_CURVE('',#691,#691,#211,.T.);
#876=EDGE_CURVE('',#692,#692,#212,.T.);
#877=EDGE_CURVE('',#693,#693,#213,.T.);
#878=EDGE_CURVE('',#694,#694,#214,.T.);
#879=EDGE_CURVE('',#695,#695,#215,.T.);
#880=EDGE_CURVE('',#696,#696,#216,.T.);
#881=EDGE_CURVE('',#697,#697,#217,.T.);
#882=EDGE_CURVE('',#698,#698,#218,.T.);
#883=EDGE_CURVE('',#699,#699,#219,.T.);
#884=EDGE_CURVE('',#700,#700,#220,.T.);
#885=EDGE_CURVE('',#701,#701,#221,.T.);
#886=EDGE_CURVE('',#702,#702,#222,.T.);
#887=EDGE_CURVE('',#703,#703,#223,.T.);
#888=EDGE_CURVE('',#704,#704,#224,.T.);
#889=EDGE_CURVE('',#705,#705,#225,.T.);
#890=EDGE_CURVE('',#706,#706,#226,.T.);
#891=EDGE_CURVE('',#707,#707,#227,.T.);
#892=EDGE_CURVE('',#708,#708,#228,.T.);
#893=EDGE_CURVE('',#709,#709,#229,.T.);
#894=EDGE_CURVE('',#710,#710,#230,.T.);
#895=EDGE_CURVE('',#711,#711,#231,.T.);
#896=EDGE_CURVE('',#712,#712,#232,.T.);
#897=EDGE_CURVE('',#713,#713,#233,.T.);
#898=EDGE_CURVE('',#714,#714,#234,.T.);
#899=EDGE_CURVE('',#715,#715,#235,.T.);
#900=EDGE_CURVE('',#716,#716,#236,.T.);
#901=EDGE_CURVE('',#717,#717,#237,.T.);
#902=EDGE_CURVE('',#718,#718,#238,.T.);
#903=EDGE_CURVE('',#719,#719,#239,.T.);
#904=EDGE_CURVE('',#720,#720,#240,.T.);
#905=EDGE_CURVE('',#721,#721,#241,.T.);
#906=EDGE_CURVE('',#722,#722,#242,.T.);
#907=EDGE_CURVE('',#723,#723,#243,.T.);
#908=EDGE_CURVE('',#724,#724,#244,.T.);
#909=EDGE_CURVE('',#725,#725,#245,.T.);
#910=EDGE_CURVE('',#726,#726,#246,.T.);
#911=EDGE_CURVE('',#727,#727,#247,.T.);
#912=EDGE_CURVE('',#728,#728,#248,.T.);
#913=EDGE_CURVE('',#729,#729,#249,.T.);
#914=EDGE_CURVE('',#730,#730,#250,.T.);
#915=EDGE_CURVE('',#731,#731,#251,.T.);
#916=EDGE_CURVE('',#732,#732,#252,.T.);
#917=EDGE_CURVE('',#733,#733,#253,.T.);
#918=EDGE_CURVE('',#734,#734,#254,.T.);
#919=EDGE_CURVE('',#735,#735,#255,.T.);
#920=EDGE_CURVE('',#736,#736,#256,.T.);
#921=EDGE_CURVE('',#737,#737,#257,.T.);
#922=EDGE_CURVE('',#738,#738,#258,.T.);
#923=EDGE_CURVE('',#739,#739,#259,.T.);
#924=EDGE_CURVE('',#740,#740,#260,.T.);
#925=EDGE_CURVE('',#741,#741,#261,.T.);
#926=EDGE_CURVE('',#742,#742,#262,.T.);
#927=EDGE_CURVE('',#743,#743,#263,.T.);
#928=EDGE_CURVE('',#744,#744,#264,.T.);
#929=EDGE_CURVE('',#745,#745,#265,.T.);
#930=EDGE_CURVE('',#746,#746,#266,.T.);
#931=EDGE_CURVE('',#747,#747,#267,.T.);
#932=EDGE_CURVE('',#748,#748,#268,.T.);
#933=EDGE_CURVE('',#749,#749,#269,.T.);
#934=EDGE_CURVE('',#750,#750,#270,.T.);
#935=EDGE_CURVE('',#751,#751,#271,.T.);
#936=EDGE_CURVE('',#752,#752,#272,.T.);
#937=EDGE_CURVE('',#753,#753,#273,.T.);
#938=EDGE_CURVE('',#754,#754,#274,.T.);
#939=EDGE_CURVE('',#755,#755,#275,.T.);
#940=EDGE_CURVE('',#756,#756,#276,.T.);
#941=EDGE_CURVE('',#757,#757,#277,.T.);
#942=EDGE_CURVE('',#758,#758,#278,.T.);
#943=EDGE_CURVE('',#668,#759,#647,.T.);
#944=EDGE_CURVE('',#760,#759,#648,.T.);
#945=EDGE_CURVE('',#669,#760,#649,.T.);
#946=EDGE_CURVE('',#761,#760,#650,.T.);
#947=EDGE_CURVE('',#670,#761,#651,.T.);
#948=EDGE_CURVE('',#762,#761,#652,.T.);
#949=EDGE_CURVE('',#667,#762,#653,.T.);
#950=EDGE_CURVE('',#759,#762,#654,.T.);
#951=EDGE_CURVE('',#758,#763,#279,.T.);
#952=EDGE_CURVE('',#757,#764,#280,.T.);
#953=EDGE_CURVE('',#756,#765,#281,.T.);
#954=EDGE_CURVE('',#755,#766,#282,.T.);
#955=EDGE_CURVE('',#754,#767,#283,.T.);
#956=EDGE_CURVE('',#753,#768,#284,.T.);
#957=EDGE_CURVE('',#752,#769,#285,.T.);
#958=EDGE_CURVE('',#751,#770,#286,.T.);
#959=EDGE_CURVE('',#750,#771,#287,.T.);
#960=EDGE_CURVE('',#749,#772,#288,.T.);
#961=EDGE_CURVE('',#748,#773,#289,.T.);
#962=EDGE_CURVE('',#747,#774,#290,.T.);
#963=EDGE_CURVE('',#746,#775,#291,.T.);
#964=EDGE_CURVE('',#745,#776,#292,.T.);
#965=EDGE_CURVE('',#744,#777,#293,.T.);
#966=EDGE_CURVE('',#743,#778,#294,.T.);
#967=EDGE_CURVE('',#742,#779,#295,.T.);
#968=EDGE_CURVE('',#741,#780,#296,.T.);
#969=EDGE_CURVE('',#740,#781,#297,.T.);
#970=EDGE_CURVE('',#739,#782,#298,.T.);
#971=EDGE_CURVE('',#738,#783,#299,.T.);
#972=EDGE_CURVE('',#737,#784,#300,.T.);
#973=EDGE_CURVE('',#736,#785,#301,.T.);
#974=EDGE_CURVE('',#735,#786,#302,.T.);
#975=EDGE_CURVE('',#734,#787,#303,.T.);
#976=EDGE_CURVE('',#733,#788,#304,.T.);
#977=EDGE_CURVE('',#732,#789,#305,.T.);
#978=EDGE_CURVE('',#731,#790,#306,.T.);
#979=EDGE_CURVE('',#730,#791,#307,.T.);
#980=EDGE_CURVE('',#729,#792,#308,.T.);
#981=EDGE_CURVE('',#728,#793,#309,.T.);
#982=EDGE_CURVE('',#727,#794,#310,.T.);
#983=EDGE_CURVE('',#726,#795,#311,.T.);
#984=EDGE_CURVE('',#725,#796,#312,.T.);
#985=EDGE_CURVE('',#724,#797,#313,.T.);
#986=EDGE_CURVE('',#723,#798,#314,.T.);
#987=EDGE_CURVE('',#722,#799,#315,.T.);
#988=EDGE_CURVE('',#721,#800,#316,.T.);
#989=EDGE_CURVE('',#720,#801,#317,.T.);
#990=EDGE_CURVE('',#719,#802,#318,.T.);
#991=EDGE_CURVE('',#718,#803,#319,.T.);
#992=EDGE_CURVE('',#717,#804,#320,.T.);
#993=EDGE_CURVE('',#716,#805,#321,.T.);
#994=EDGE_CURVE('',#715,#806,#322,.T.);
#995=EDGE_CURVE('',#714,#807,#323,.T.);
#996=EDGE_CURVE('',#713,#808,#324,.T.);
#997=EDGE_CURVE('',#712,#809,#325,.T.);
#998=EDGE_CURVE('',#711,#810,#326,.T.);
#999=EDGE_CURVE('',#710,#811,#327,.T.);
#1000=EDGE_CURVE('',#709,#812,#328,.T.);
#1001=EDGE_CURVE('',#708,#813,#329,.T.);
#1002=EDGE_CURVE('',#707,#814,#330,.T.);
#1003=EDGE_CURVE('',#706,#815,#331,.T.);
#1004=EDGE_CURVE('',#705,#816,#332,.T.);
#1005=EDGE_CURVE('',#704,#817,#333,.T.);
#1006=EDGE_CURVE('',#703,#818,#334,.T.);
#1007=EDGE_CURVE('',#702,#819,#335,.T.);
#1008=EDGE_CURVE('',#701,#820,#336,.T.);
#1009=EDGE_CURVE('',#700,#821,#337,.T.);
#1010=EDGE_CURVE('',#699,#822,#338,.T.);
#1011=EDGE_CURVE('',#698,#823,#339,.T.);
#1012=EDGE_CURVE('',#697,#824,#340,.T.);
#1013=EDGE_CURVE('',#696,#825,#341,.T.);
#1014=EDGE_CURVE('',#695,#826,#342,.T.);
#1015=EDGE_CURVE('',#694,#827,#343,.T.);
#1016=EDGE_CURVE('',#693,#828,#344,.T.);
#1017=EDGE_CURVE('',#692,#829,#345,.T.);
#1018=EDGE_CURVE('',#691,#830,#346,.T.);
#1019=EDGE_CURVE('',#690,#831,#347,.T.);
#1020=EDGE_CURVE('',#689,#832,#348,.T.);
#1021=EDGE_CURVE('',#688,#833,#349,.T.);
#1022=EDGE_CURVE('',#687,#834,#350,.T.);
#1023=EDGE_CURVE('',#686,#835,#351,.T.);
#1024=EDGE_CURVE('',#685,#836,#352,.T.);
#1025=EDGE_CURVE('',#684,#837,#353,.T.);
#1026=EDGE_CURVE('',#683,#838,#354,.T.);
#1027=EDGE_CURVE('',#682,#839,#355,.T.);
#1028=EDGE_CURVE('',#681,#840,#356,.T.);
#1029=EDGE_CURVE('',#680,#841,#357,.T.);
#1030=EDGE_CURVE('',#679,#842,#358,.T.);
#1031=EDGE_CURVE('',#678,#843,#359,.T.);
#1032=EDGE_CURVE('',#677,#844,#360,.T.);
#1033=EDGE_CURVE('',#676,#845,#361,.T.);
#1034=EDGE_CURVE('',#675,#846,#362,.T.);
#1035=EDGE_CURVE('',#674,#847,#363,.T.);
#1036=EDGE_CURVE('',#673,#848,#364,.T.);
#1037=EDGE_CURVE('',#672,#849,#365,.T.);
#1038=EDGE_CURVE('',#671,#850,#366,.T.);
#1039=ORIENTED_EDGE('',*,*,#851,.T.);
#1040=ORIENTED_EDGE('',*,*,#852,.T.);
#1041=ORIENTED_EDGE('',*,*,#853,.T.);
#1042=ORIENTED_EDGE('',*,*,#854,.T.);
#1043=ORIENTED_EDGE('',*,*,#855,.F.);
#1044=ORIENTED_EDGE('',*,*,#856,.F.);
#1045=ORIENTED_EDGE('',*,*,#857,.F.);
#1046=ORIENTED_EDGE('',*,*,#858,.F.);
#1047=ORIENTED_EDGE('',*,*,#859,.F.);
#1048=ORIENTED_EDGE('',*,*,#860,.F.);
#1049=ORIENTED_EDGE('',*,*,#861,.F.);
#1050=ORIENTED_EDGE('',*,*,#862,.F.);
#1051=ORIENTED_EDGE('',*,*,#863,.F.);
#1052=ORIENTED_EDGE('',*,*,#864,.F.);
#1053=ORIENTED_EDGE('',*,*,#865,.F.);
#1054=ORIENTED_EDGE('',*,*,#866,.F.);
#1055=ORIENTED_EDGE('',*,*,#867,.F.);
#1056=ORIENTED_EDGE('',*,*,#868,.F.);
#1057=ORIENTED_EDGE('',*,*,#869,.F.);
#1058=ORIENTED_EDGE('',*,*,#870,.F.);
#1059=ORIENTED_EDGE('',*,*,#871,.F.);
#1060=ORIENTED_EDGE('',*,*,#872,.F.);
#1061=ORIENTED_EDGE('',*,*,#873,.F.);
#1062=ORIENTED_EDGE('',*,*,#874,.F.);
#1063=ORIENTED_EDGE('',*,*,#875,.F.);
#1064=ORIENTED_EDGE('',*,*,#876,.F.);
#1065=ORIENTED_EDGE('',*,*,#877,.F.);
#1066=ORIENTED_EDGE('',*,*,#878,.F.);
#1067=ORIENTED_EDGE('',*,*,#879,.F.);
#1068=ORIENTED_EDGE('',*,*,#880,.F.);
#1069=ORIENTED_EDGE('',*,*,#881,.F.);
#1070=ORIENTED_EDGE('',*,*,#882,.F.);
#1071=ORIENTED_EDGE('',*,*,#883,.F.);
#1072=ORIENTED_EDGE('',*,*,#884,.F.);
#1073=ORIENTED_EDGE('',*,*,#885,.F.);
#1074=ORIENTED_EDGE('',*,*,#886,.F.);
#1075=ORIENTED_EDGE('',*,*,#887,.F.);
#1076=ORIENTED_EDGE('',*,*,#888,.F.);
#1077=ORIENTED_EDGE('',*,*,#889,.F.);
#1078=ORIENTED_EDGE('',*,*,#890,.F.);
#1079=ORIENTED_EDGE('',*,*,#891,.F.);
#1080=ORIENTED_EDGE('',*,*,#892,.F.);
#1081=ORIENTED_EDGE('',*,*,#893,.F.);
#1082=ORIENTED_EDGE('',*,*,#894,.F.);
#1083=ORIENTED_EDGE('',*,*,#895,.F.);
#1084=ORIENTED_EDGE('',*,*,#896,.F.);
#1085=ORIENTED_EDGE('',*,*,#897,.F.);
#1086=ORIENTED_EDGE('',*,*,#898,.F.);
#1087=ORIENTED_EDGE('',*,*,#899,.F.);
#1088=ORIENTED_EDGE('',*,*,#900,.F.);
#1089=ORIENTED_EDGE('',*,*,#901,.F.);
#1090=ORIENTED_EDGE('',*,*,#902,.F.);
#1091=ORIENTED_EDGE('',*,*,#903,.F.);
#1092=ORIENTED_EDGE('',*,*,#904,.F.);
#1093=ORIENTED_EDGE('',*,*,#905,.F.);
#1094=ORIENTED_EDGE('',*,*,#906,.F.);
#1095=ORIENTED_EDGE('',*,*,#907,.F.);
#1096=ORIENTED_EDGE('',*,*,#908,.F.);
#1097=ORIENTED_EDGE('',*,*,#909,.F.);
#1098=ORIENTED_EDGE('',*,*,#910,.F.);
#1099=ORIENTED_EDGE('',*,*,#911,.F.);
#1100=ORIENTED_EDGE('',*,*,#912,.F.);
#1101=ORIENTED_EDGE('',*,*,#913,.F.);
#1102=ORIENTED_EDGE('',*,*,#914,.F.);
#1103=ORIENTED_EDGE('',*,*,#915,.F.);
#1104=ORIENTED_EDGE('',*,*,#916,.F.);
#1105=ORIENTED_EDGE('',*,*,#917,.F.);
#1106=ORIENTED_EDGE('',*,*,#918,.F.);
#1107=ORIENTED_EDGE('',*,*,#919,.F.);
#1108=ORIENTED_EDGE('',*,*,#920,.F.);
#1109=ORIENTED_EDGE('',*,*,#921,.F.);
#1110=ORIENTED_EDGE('',*,*,#922,.F.);
#1111=ORIENTED_EDGE('',*,*,#923,.F.);
#1112=ORIENTED_EDGE('',*,*,#924,.F.);
#1113=ORIENTED_EDGE('',*,*,#925,.F.);
#1114=ORIENTED_EDGE('',*,*,#926,.F.);
#1115=ORIENTED_EDGE('',*,*,#927,.F.);
#1116=ORIENTED_EDGE('',*,*,#928,.F.);
#1117=ORIENTED_EDGE('',*,*,#929,.F.);
#1118=ORIENTED_EDGE('',*,*,#930,.F.);
#1119=ORIENTED_EDGE('',*,*,#931,.F.);
#1120=ORIENTED_EDGE('',*,*,#932,.F.);
#1121=ORIENTED_EDGE('',*,*,#933,.F.);
#1122=ORIENTED_EDGE('',*,*,#934,.F.);
#1123=ORIENTED_EDGE('',*,*,#935,.F.);
#1124=ORIENTED_EDGE('',*,*,#936,.F.);
#1125=ORIENTED_EDGE('',*,*,#937,.F.);
#1126=ORIENTED_EDGE('',*,*,#938,.F.);
#1127=ORIENTED_EDGE('',*,*,#939,.F.);
#1128=ORIENTED_EDGE('',*,*,#940,.F.);
#1129=ORIENTED_EDGE('',*,*,#941,.F.);
#1130=ORIENTED_EDGE('',*,*,#942,.F.);
#1131=ORIENTED_EDGE('',*,*,#852,.F.);
#1132=ORIENTED_EDGE('',*,*,#943,.T.);
#1133=ORIENTED_EDGE('',*,*,#944,.F.);
#1134=ORIENTED_EDGE('',*,*,#945,.F.);
#1135=ORIENTED_EDGE('',*,*,#853,.F.);
#1136=ORIENTED_EDGE('',*,*,#945,.T.);
#1137=ORIENTED_EDGE('',*,*,#946,.F.);
#1138=ORIENTED_EDGE('',*,*,#947,.F.);
#1139=ORIENTED_EDGE('',*,*,#854,.F.);
#1140=ORIENTED_EDGE('',*,*,#947,.T.);
#1141=ORIENTED_EDGE('',*,*,#948,.F.);
#1142=ORIENTED_EDGE('',*,*,#949,.F.);
#1143=ORIENTED_EDGE('',*,*,#851,.F.);
#1144=ORIENTED_EDGE('',*,*,#949,.T.);
#1145=ORIENTED_EDGE('',*,*,#950,.F.);
#1146=ORIENTED_EDGE('',*,*,#943,.F.);
#1147=ORIENTED_EDGE('',*,*,#950,.T.);
#1148=ORIENTED_EDGE('',*,*,#948,.T.);
#1149=ORIENTED_EDGE('',*,*,#946,.T.);
#1150=ORIENTED_EDGE('',*,*,#944,.T.);
#1151=ORIENTED_EDGE('',*,*,#942,.T.);
#1152=ORIENTED_EDGE('',*,*,#951,.T.);
#1153=ORIENTED_EDGE('',*,*,#951,.F.);
#1154=ORIENTED_EDGE('',*,*,#941,.T.);
#1155=ORIENTED_EDGE('',*,*,#952,.T.);
#1156=ORIENTED_EDGE('',*,*,#952,.F.);
#1157=ORIENTED_EDGE('',*,*,#940,.T.);
#1158=ORIENTED_EDGE('',*,*,#953,.T.);
#1159=ORIENTED_EDGE('',*,*,#953,.F.);
#1160=ORIENTED_EDGE('',*,*,#939,.T.);
#1161=ORIENTED_EDGE('',*,*,#954,.T.);
#1162=ORIENTED_EDGE('',*,*,#954,.F.);
#1163=ORIENTED_EDGE('',*,*,#938,.T.);
#1164=ORIENTED_EDGE('',*,*,#955,.T.);
#1165=ORIENTED_EDGE('',*,*,#955,.F.);
#1166=ORIENTED_EDGE('',*,*,#937,.T.);
#1167=ORIENTED_EDGE('',*,*,#956,.T.);
#1168=ORIENTED_EDGE('',*,*,#956,.F.);
#1169=ORIENTED_EDGE('',*,*,#936,.T.);
#1170=ORIENTED_EDGE('',*,*,#957,.T.);
#1171=ORIENTED_EDGE('',*,*,#957,.F.);
#1172=ORIENTED_EDGE('',*,*,#935,.T.);
#1173=ORIENTED_EDGE('',*,*,#958,.T.);
#1174=ORIENTED_EDGE('',*,*,#958,.F.);
#1175=ORIENTED_EDGE('',*,*,#934,.T.);
#1176=ORIENTED_EDGE('',*,*,#959,.T.);
#1177=ORIENTED_EDGE('',*,*,#959,.F.);
#1178=ORIENTED_EDGE('',*,*,#933,.T.);
#1179=ORIENTED_EDGE('',*,*,#960,.T.);
#1180=ORIENTED_EDGE('',*,*,#960,.F.);
#1181=ORIENTED_EDGE('',*,*,#932,.T.);
#1182=ORIENTED_EDGE('',*,*,#961,.T.);
#1183=ORIENTED_EDGE('',*,*,#961,.F.);
#1184=ORIENTED_EDGE('',*,*,#931,.T.);
#1185=ORIENTED_EDGE('',*,*,#962,.T.);
#1186=ORIENTED_EDGE('',*,*,#962,.F.);
#1187=ORIENTED_EDGE('',*,*,#930,.T.);
#1188=ORIENTED_EDGE('',*,*,#963,.T.);
#1189=ORIENTED_EDGE('',*,*,#963,.F.);
#1190=ORIENTED_EDGE('',*,*,#929,.T.);
#1191=ORIENTED_EDGE('',*,*,#964,.T.);
#1192=ORIENTED_EDGE('',*,*,#964,.F.);
#1193=ORIENTED_EDGE('',*,*,#928,.T.);
#1194=ORIENTED_EDGE('',*,*,#965,.T.);
#1195=ORIENTED_EDGE('',*,*,#965,.F.);
#1196=ORIENTED_EDGE('',*,*,#927,.T.);
#1197=ORIENTED_EDGE('',*,*,#966,.T.);
#1198=ORIENTED_EDGE('',*,*,#966,.F.);
#1199=ORIENTED_EDGE('',*,*,#926,.T.);
#1200=ORIENTED_EDGE('',*,*,#967,.T.);
#1201=ORIENTED_EDGE('',*,*,#967,.F.);
#1202=ORIENTED_EDGE('',*,*,#925,.T.);
#1203=ORIENTED_EDGE('',*,*,#968,.T.);
#1204=ORIENTED_EDGE('',*,*,#968,.F.);
#1205=ORIENTED_EDGE('',*,*,#924,.T.);
#1206=ORIENTED_EDGE('',*,*,#969,.T.);
#1207=ORIENTED_EDGE('',*,*,#969,.F.);
#1208=ORIENTED_EDGE('',*,*,#923,.T.);
#1209=ORIENTED_EDGE('',*,*,#970,.T.);
#1210=ORIENTED_EDGE('',*,*,#970,.F.);
#1211=ORIENTED_EDGE('',*,*,#922,.T.);
#1212=ORIENTED_EDGE('',*,*,#971,.T.);
#1213=ORIENTED_EDGE('',*,*,#971,.F.);
#1214=ORIENTED_EDGE('',*,*,#921,.T.);
#1215=ORIENTED_EDGE('',*,*,#972,.T.);
#1216=ORIENTED_EDGE('',*,*,#972,.F.);
#1217=ORIENTED_EDGE('',*,*,#920,.T.);
#1218=ORIENTED_EDGE('',*,*,#973,.T.);
#1219=ORIENTED_EDGE('',*,*,#973,.F.);
#1220=ORIENTED_EDGE('',*,*,#919,.T.);
#1221=ORIENTED_EDGE('',*,*,#974,.T.);
#1222=ORIENTED_EDGE('',*,*,#974,.F.);
#1223=ORIENTED_EDGE('',*,*,#918,.T.);
#1224=ORIENTED_EDGE('',*,*,#975,.T.);
#1225=ORIENTED_EDGE('',*,*,#975,.F.);
#1226=ORIENTED_EDGE('',*,*,#917,.T.);
#1227=ORIENTED_EDGE('',*,*,#976,.T.);
#1228=ORIENTED_EDGE('',*,*,#976,.F.);
#1229=ORIENTED_EDGE('',*,*,#916,.T.);
#1230=ORIENTED_EDGE('',*,*,#977,.T.);
#1231=ORIENTED_EDGE('',*,*,#977,.F.);
#1232=ORIENTED_EDGE('',*,*,#915,.T.);
#1233=ORIENTED_EDGE('',*,*,#978,.T.);
#1234=ORIENTED_EDGE('',*,*,#978,.F.);
#1235=ORIENTED_EDGE('',*,*,#914,.T.);
#1236=ORIENTED_EDGE('',*,*,#979,.T.);
#1237=ORIENTED_EDGE('',*,*,#979,.F.);
#1238=ORIENTED_EDGE('',*,*,#913,.T.);
#1239=ORIENTED_EDGE('',*,*,#980,.T.);
#1240=ORIENTED_EDGE('',*,*,#980,.F.);
#1241=ORIENTED_EDGE('',*,*,#912,.T.);
#1242=ORIENTED_EDGE('',*,*,#981,.T.);
#1243=ORIENTED_EDGE('',*,*,#981,.F.);
#1244=ORIENTED_EDGE('',*,*,#911,.T.);
#1245=ORIENTED_EDGE('',*,*,#982,.T.);
#1246=ORIENTED_EDGE('',*,*,#982,.F.);
#1247=ORIENTED_EDGE('',*,*,#910,.T.);
#1248=ORIENTED_EDGE('',*,*,#983,.T.);
#1249=ORIENTED_EDGE('',*,*,#983,.F.);
#1250=ORIENTED_EDGE('',*,*,#909,.T.);
#1251=ORIENTED_EDGE('',*,*,#984,.T.);
#1252=ORIENTED_EDGE('',*,*,#984,.F.);
#1253=ORIENTED_EDGE('',*,*,#908,.T.);
#1254=ORIENTED_EDGE('',*,*,#985,.T.);
#1255=ORIENTED_EDGE('',*,*,#985,.F.);
#1256=ORIENTED_EDGE('',*,*,#907,.T.);
#1257=ORIENTED_EDGE('',*,*,#986,.T.);
#1258=ORIENTED_EDGE('',*,*,#986,.F.);
#1259=ORIENTED_EDGE('',*,*,#906,.T.);
#1260=ORIENTED_EDGE('',*,*,#987,.T.);
#1261=ORIENTED_EDGE('',*,*,#987,.F.);
#1262=ORIENTED_EDGE('',*,*,#905,.T.);
#1263=ORIENTED_EDGE('',*,*,#988,.T.);
#1264=ORIENTED_EDGE('',*,*,#988,.F.);
#1265=ORIENTED_EDGE('',*,*,#904,.T.);
#1266=ORIENTED_EDGE('',*,*,#989,.T.);
#1267=ORIENTED_EDGE('',*,*,#989,.F.);
#1268=ORIENTED_EDGE('',*,*,#903,.T.);
#1269=ORIENTED_EDGE('',*,*,#990,.T.);
#1270=ORIENTED_EDGE('',*,*,#990,.F.);
#1271=ORIENTED_EDGE('',*,*,#902,.T.);
#1272=ORIENTED_EDGE('',*,*,#991,.T.);
#1273=ORIENTED_EDGE('',*,*,#991,.F.);
#1274=ORIENTED_EDGE('',*,*,#901,.T.);
#1275=ORIENTED_EDGE('',*,*,#992,.T.);
#1276=ORIENTED_EDGE('',*,*,#992,.F.);
#1277=ORIENTED_EDGE('',*,*,#900,.T.);
#1278=ORIENTED_EDGE('',*,*,#993,.T.);
#1279=ORIENTED_EDGE('',*,*,#993,.F.);
#1280=ORIENTED_EDGE('',*,*,#899,.T.);
#1281=ORIENTED_EDGE('',*,*,#994,.T.);
#1282=ORIENTED_EDGE('',*,*,#994,.F.);
#1283=ORIENTED_EDGE('',*,*,#898,.T.);
#1284=ORIENTED_EDGE('',*,*,#995,.T.);
#1285=ORIENTED_EDGE('',*,*,#995,.F.);
#1286=ORIENTED_EDGE('',*,*,#897,.T.);
#1287=ORIENTED_EDGE('',*,*,#996,.T.);
#1288=ORIENTED_EDGE('',*,*,#996,.F.);
#1289=ORIENTED_EDGE('',*,*,#896,.T.);
#1290=ORIENTED_EDGE('',*,*,#997,.T.);
#1291=ORIENTED_EDGE('',*,*,#997,.F.);
#1292=ORIENTED_EDGE('',*,*,#895,.T.);
#1293=ORIENTED_EDGE('',*,*,#998,.T.);
#1294=ORIENTED_EDGE('',*,*,#998,.F.);
#1295=ORIENTED_EDGE('',*,*,#894,.T.);
#1296=ORIENTED_EDGE('',*,*,#999,.T.);
#1297=ORIENTED_EDGE('',*,*,#999,.F.);
#1298=ORIENTED_EDGE('',*,*,#893,.T.);
#1299=ORIENTED_EDGE('',*,*,#1000,.T.);
#1300=ORIENTED_EDGE('',*,*,#1000,.F.);
#1301=ORIENTED_EDGE('',*,*,#892,.T.);
#1302=ORIENTED_EDGE('',*,*,#1001,.T.);
#1303=ORIENTED_EDGE('',*,*,#1001,.F.);
#1304=ORIENTED_EDGE('',*,*,#891,.T.);
#1305=ORIENTED_EDGE('',*,*,#1002,.T.);
#1306=ORIENTED_EDGE('',*,*,#1002,.F.);
#1307=ORIENTED_EDGE('',*,*,#890,.T.);
#1308=ORIENTED_EDGE('',*,*,#1003,.T.);
#1309=ORIENTED_EDGE('',*,*,#1003,.F.);
#1310=ORIENTED_EDGE('',*,*,#889,.T.);
#1311=ORIENTED_EDGE('',*,*,#1004,.T.);
#1312=ORIENTED_EDGE('',*,*,#1004,.F.);
#1313=ORIENTED_EDGE('',*,*,#888,.T.);
#1314=ORIENTED_EDGE('',*,*,#1005,.T.);
#1315=ORIENTED_EDGE('',*,*,#1005,.F.);
#1316=ORIENTED_EDGE('',*,*,#887,.T.);
#1317=ORIENTED_EDGE('',*,*,#1006,.T.);
#1318=ORIENTED_EDGE('',*,*,#1006,.F.);
#1319=ORIENTED_EDGE('',*,*,#886,.T.);
#1320=ORIENTED_EDGE('',*,*,#1007,.T.);
#1321=ORIENTED_EDGE('',*,*,#1007,.F.);
#1322=ORIENTED_EDGE('',*,*,#885,.T.);
#1323=ORIENTED_EDGE('',*,*,#1008,.T.);
#1324=ORIENTED_EDGE('',*,*,#1008,.F.);
#1325=ORIENTED_EDGE('',*,*,#884,.T.);
#1326=ORIENTED_EDGE('',*,*,#1009,.T.);
#1327=ORIENTED_EDGE('',*,*,#1009,.F.);
#1328=ORIENTED_EDGE('',*,*,#883,.T.);
#1329=ORIENTED_EDGE('',*,*,#1010,.T.);
#1330=ORIENTED_EDGE('',*,*,#1010,.F.);
#1331=ORIENTED_EDGE('',*,*,#882,.T.);
#1332=ORIENTED_EDGE('',*,*,#1011,.T.);
#1333=ORIENTED_EDGE('',*,*,#1011,.F.);
#1334=ORIENTED_EDGE('',*,*,#881,.T.);
#1335=ORIENTED_EDGE('',*,*,#1012,.T.);
#1336=ORIENTED_EDGE('',*,*,#1012,.F.);
#1337=ORIENTED_EDGE('',*,*,#880,.T.);
#1338=ORIENTED_EDGE('',*,*,#1013,.T.);
#1339=ORIENTED_EDGE('',*,*,#1013,.F.);
#1340=ORIENTED_EDGE('',*,*,#879,.T.);
#1341=ORIENTED_EDGE('',*,*,#1014,.T.);
#1342=ORIENTED_EDGE('',*,*,#1014,.F.);
#1343=ORIENTED_EDGE('',*,*,#878,.T.);
#1344=ORIENTED_EDGE('',*,*,#1015,.T.);
#1345=ORIENTED_EDGE('',*,*,#1015,.F.);
#1346=ORIENTED_EDGE('',*,*,#877,.T.);
#1347=ORIENTED_EDGE('',*,*,#1016,.T.);
#1348=ORIENTED_EDGE('',*,*,#1016,.F.);
#1349=ORIENTED_EDGE('',*,*,#876,.T.);
#1350=ORIENTED_EDGE('',*,*,#1017,.T.);
#1351=ORIENTED_EDGE('',*,*,#1017,.F.);
#1352=ORIENTED_EDGE('',*,*,#875,.T.);
#1353=ORIENTED_EDGE('',*,*,#1018,.T.);
#1354=ORIENTED_EDGE('',*,*,#1018,.F.);
#1355=ORIENTED_EDGE('',*,*,#874,.T.);
#1356=ORIENTED_EDGE('',*,*,#1019,.T.);
#1357=ORIENTED_EDGE('',*,*,#1019,.F.);
#1358=ORIENTED_EDGE('',*,*,#873,.T.);
#1359=ORIENTED_EDGE('',*,*,#1020,.T.);
#1360=ORIENTED_EDGE('',*,*,#1020,.F.);
#1361=ORIENTED_EDGE('',*,*,#872,.T.);
#1362=ORIENTED_EDGE('',*,*,#1021,.T.);
#1363=ORIENTED_EDGE('',*,*,#1021,.F.);
#1364=ORIENTED_EDGE('',*,*,#871,.T.);
#1365=ORIENTED_EDGE('',*,*,#1022,.T.);
#1366=ORIENTED_EDGE('',*,*,#1022,.F.);
#1367=ORIENTED_EDGE('',*,*,#870,.T.);
#1368=ORIENTED_EDGE('',*,*,#1023,.T.);
#1369=ORIENTED_EDGE('',*,*,#1023,.F.);
#1370=ORIENTED_EDGE('',*,*,#869,.T.);
#1371=ORIENTED_EDGE('',*,*,#1024,.T.);
#1372=ORIENTED_EDGE('',*,*,#1024,.F.);
#1373=ORIENTED_EDGE('',*,*,#868,.T.);
#1374=ORIENTED_EDGE('',*,*,#1025,.T.);
#1375=ORIENTED_EDGE('',*,*,#1025,.F.);
#1376=ORIENTED_EDGE('',*,*,#867,.T.);
#1377=ORIENTED_EDGE('',*,*,#1026,.T.);
#1378=ORIENTED_EDGE('',*,*,#1026,.F.);
#1379=ORIENTED_EDGE('',*,*,#866,.T.);
#1380=ORIENTED_EDGE('',*,*,#1027,.T.);
#1381=ORIENTED_EDGE('',*,*,#1027,.F.);
#1382=ORIENTED_EDGE('',*,*,#865,.T.);
#1383=ORIENTED_EDGE('',*,*,#1028,.T.);
#1384=ORIENTED_EDGE('',*,*,#1028,.F.);
#1385=ORIENTED_EDGE('',*,*,#864,.T.);
#1386=ORIENTED_EDGE('',*,*,#1029,.T.);
#1387=ORIENTED_EDGE('',*,*,#1029,.F.);
#1388=ORIENTED_EDGE('',*,*,#863,.T.);
#1389=ORIENTED_EDGE('',*,*,#1030,.T.);
#1390=ORIENTED_EDGE('',*,*,#1030,.F.);
#1391=ORIENTED_EDGE('',*,*,#862,.T.);
#1392=ORIENTED_EDGE('',*,*,#1031,.T.);
#1393=ORIENTED_EDGE('',*,*,#1031,.F.);
#1394=ORIENTED_EDGE('',*,*,#861,.T.);
#1395=ORIENTED_EDGE('',*,*,#1032,.T.);
#1396=ORIENTED_EDGE('',*,*,#1032,.F.);
#1397=ORIENTED_EDGE('',*,*,#860,.T.);
#1398=ORIENTED_EDGE('',*,*,#1033,.T.);
#1399=ORIENTED_EDGE('',*,*,#1033,.F.);
#1400=ORIENTED_EDGE('',*,*,#859,.T.);
#1401=ORIENTED_EDGE('',*,*,#1034,.T.);
#1402=ORIENTED_EDGE('',*,*,#1034,.F.);
#1403=ORIENTED_EDGE('',*,*,#858,.T.);
#1404=ORIENTED_EDGE('',*,*,#1035,.T.);
#1405=ORIENTED_EDGE('',*,*,#1035,.F.);
#1406=ORIENTED_EDGE('',*,*,#857,.T.);
#1407=ORIENTED_EDGE('',*,*,#1036,.T.);
#1408=ORIENTED_EDGE('',*,*,#1036,.F.);
#1409=ORIENTED_EDGE('',*,*,#856,.T.);
#1410=ORIENTED_EDGE('',*,*,#1037,.T.);
#1411=ORIENTED_EDGE('',*,*,#1037,.F.);
#1412=ORIENTED_EDGE('',*,*,#855,.T.);
#1413=ORIENTED_EDGE('',*,*,#1038,.T.);
#1414=ORIENTED_EDGE('',*,*,#1038,.F.);
#1415=PLANE('',#1529);
#1416=PLANE('',#1618);
#1417=PLANE('',#1619);
#1418=PLANE('',#1620);
#1419=PLANE('',#1621);
#1420=PLANE('',#1622);
#1421=ADVANCED_FACE('',(#367,#103,#104,#105,#106,#107,#108,#109,#110,#111,
#112,#113,#114,#115,#116,#117,#118,#119,#120,#121,#122,#123,#124,#125,#126,
#127,#128,#129,#130,#131,#132,#133,#134,#135,#136,#137,#138,#139,#140,#141,
#142,#143,#144,#145,#146,#147,#148,#149,#150,#151,#152,#153,#154,#155,#156,
#157,#158,#159,#160,#161,#162,#163,#164,#165,#166,#167,#168,#169,#170,#171,
#172,#173,#174,#175,#176,#177,#178,#179,#180,#181,#182,#183,#184,#185,#186,
#187,#188,#189,#190),#1415,.F.);
#1422=ADVANCED_FACE('',(#368),#1416,.T.);
#1423=ADVANCED_FACE('',(#369),#1417,.T.);
#1424=ADVANCED_FACE('',(#370),#1418,.T.);
#1425=ADVANCED_FACE('',(#371),#1419,.T.);
#1426=ADVANCED_FACE('',(#372),#1420,.T.);
#1427=ADVANCED_FACE('',(#373),#15,.T.);
#1428=ADVANCED_FACE('',(#374),#16,.T.);
#1429=ADVANCED_FACE('',(#375),#17,.T.);
#1430=ADVANCED_FACE('',(#376),#18,.T.);
#1431=ADVANCED_FACE('',(#377),#19,.T.);
#1432=ADVANCED_FACE('',(#378),#20,.T.);
#1433=ADVANCED_FACE('',(#379),#21,.T.);
#1434=ADVANCED_FACE('',(#380),#22,.T.);
#1435=ADVANCED_FACE('',(#381),#23,.T.);
#1436=ADVANCED_FACE('',(#382),#24,.T.);
#1437=ADVANCED_FACE('',(#383),#25,.T.);
#1438=ADVANCED_FACE('',(#384),#26,.T.);
#1439=ADVANCED_FACE('',(#385),#27,.T.);
#1440=ADVANCED_FACE('',(#386),#28,.T.);
#1441=ADVANCED_FACE('',(#387),#29,.T.);
#1442=ADVANCED_FACE('',(#388),#30,.T.);
#1443=ADVANCED_FACE('',(#389),#31,.T.);
#1444=ADVANCED_FACE('',(#390),#32,.T.);
#1445=ADVANCED_FACE('',(#391),#33,.T.);
#1446=ADVANCED_FACE('',(#392),#34,.T.);
#1447=ADVANCED_FACE('',(#393),#35,.T.);
#1448=ADVANCED_FACE('',(#394),#36,.T.);
#1449=ADVANCED_FACE('',(#395),#37,.T.);
#1450=ADVANCED_FACE('',(#396),#38,.T.);
#1451=ADVANCED_FACE('',(#397),#39,.T.);
#1452=ADVANCED_FACE('',(#398),#40,.T.);
#1453=ADVANCED_FACE('',(#399),#41,.T.);
#1454=ADVANCED_FACE('',(#400),#42,.T.);
#1455=ADVANCED_FACE('',(#401),#43,.T.);
#1456=ADVANCED_FACE('',(#402),#44,.T.);
#1457=ADVANCED_FACE('',(#403),#45,.T.);
#1458=ADVANCED_FACE('',(#404),#46,.T.);
#1459=ADVANCED_FACE('',(#405),#47,.T.);
#1460=ADVANCED_FACE('',(#406),#48,.T.);
#1461=ADVANCED_FACE('',(#407),#49,.T.);
#1462=ADVANCED_FACE('',(#408),#50,.T.);
#1463=ADVANCED_FACE('',(#409),#51,.T.);
#1464=ADVANCED_FACE('',(#410),#52,.T.);
#1465=ADVANCED_FACE('',(#411),#53,.T.);
#1466=ADVANCED_FACE('',(#412),#54,.T.);
#1467=ADVANCED_FACE('',(#413),#55,.T.);
#1468=ADVANCED_FACE('',(#414),#56,.T.);
#1469=ADVANCED_FACE('',(#415),#57,.T.);
#1470=ADVANCED_FACE('',(#416),#58,.T.);
#1471=ADVANCED_FACE('',(#417),#59,.T.);
#1472=ADVANCED_FACE('',(#418),#60,.T.);
#1473=ADVANCED_FACE('',(#419),#61,.T.);
#1474=ADVANCED_FACE('',(#420),#62,.T.);
#1475=ADVANCED_FACE('',(#421),#63,.T.);
#1476=ADVANCED_FACE('',(#422),#64,.T.);
#1477=ADVANCED_FACE('',(#423),#65,.T.);
#1478=ADVANCED_FACE('',(#424),#66,.T.);
#1479=ADVANCED_FACE('',(#425),#67,.T.);
#1480=ADVANCED_FACE('',(#426),#68,.T.);
#1481=ADVANCED_FACE('',(#427),#69,.T.);
#1482=ADVANCED_FACE('',(#428),#70,.T.);
#1483=ADVANCED_FACE('',(#429),#71,.T.);
#1484=ADVANCED_FACE('',(#430),#72,.T.);
#1485=ADVANCED_FACE('',(#431),#73,.T.);
#1486=ADVANCED_FACE('',(#432),#74,.T.);
#1487=ADVANCED_FACE('',(#433),#75,.T.);
#1488=ADVANCED_FACE('',(#434),#76,.T.);
#1489=ADVANCED_FACE('',(#435),#77,.T.);
#1490=ADVANCED_FACE('',(#436),#78,.T.);
#1491=ADVANCED_FACE('',(#437),#79,.T.);
#1492=ADVANCED_FACE('',(#438),#80,.T.);
#1493=ADVANCED_FACE('',(#439),#81,.T.);
#1494=ADVANCED_FACE('',(#440),#82,.T.);
#1495=ADVANCED_FACE('',(#441),#83,.T.);
#1496=ADVANCED_FACE('',(#442),#84,.T.);
#1497=ADVANCED_FACE('',(#443),#85,.T.);
#1498=ADVANCED_FACE('',(#444),#86,.T.);
#1499=ADVANCED_FACE('',(#445),#87,.T.);
#1500=ADVANCED_FACE('',(#446),#88,.T.);
#1501=ADVANCED_FACE('',(#447),#89,.T.);
#1502=ADVANCED_FACE('',(#448),#90,.T.);
#1503=ADVANCED_FACE('',(#449),#91,.T.);
#1504=ADVANCED_FACE('',(#450),#92,.T.);
#1505=ADVANCED_FACE('',(#451),#93,.T.);
#1506=ADVANCED_FACE('',(#452),#94,.T.);
#1507=ADVANCED_FACE('',(#453),#95,.T.);
#1508=ADVANCED_FACE('',(#454),#96,.T.);
#1509=ADVANCED_FACE('',(#455),#97,.T.);
#1510=ADVANCED_FACE('',(#456),#98,.T.);
#1511=ADVANCED_FACE('',(#457),#99,.T.);
#1512=ADVANCED_FACE('',(#458),#100,.T.);
#1513=ADVANCED_FACE('',(#459),#101,.T.);
#1514=ADVANCED_FACE('',(#460),#102,.T.);
#1515=CLOSED_SHELL('',(#1421,#1422,#1423,#1424,#1425,#1426,#1427,#1428,
#1429,#1430,#1431,#1432,#1433,#1434,#1435,#1436,#1437,#1438,#1439,#1440,
#1441,#1442,#1443,#1444,#1445,#1446,#1447,#1448,#1449,#1450,#1451,#1452,
#1453,#1454,#1455,#1456,#1457,#1458,#1459,#1460,#1461,#1462,#1463,#1464,
#1465,#1466,#1467,#1468,#1469,#1470,#1471,#1472,#1473,#1474,#1475,#1476,
#1477,#1478,#1479,#1480,#1481,#1482,#1483,#1484,#1485,#1486,#1487,#1488,
#1489,#1490,#1491,#1492,#1493,#1494,#1495,#1496,#1497,#1498,#1499,#1500,
#1501,#1502,#1503,#1504,#1505,#1506,#1507,#1508,#1509,#1510,#1511,#1512,
#1513,#1514));
#1516=DERIVED_UNIT_ELEMENT(#1518,1.);
#1517=DERIVED_UNIT_ELEMENT(#2825,-3.);
#1518=(
MASS_UNIT()
NAMED_UNIT(*)
SI_UNIT(.KILO.,.GRAM.)
);
#1519=DERIVED_UNIT((#1516,#1517));
#1520=MEASURE_REPRESENTATION_ITEM('density measure',
POSITIVE_RATIO_MEASURE(7850.),#1519);
#1521=PROPERTY_DEFINITION_REPRESENTATION(#1526,#1523);
#1522=PROPERTY_DEFINITION_REPRESENTATION(#1527,#1524);
#1523=REPRESENTATION('material name',(#1525),#2822);
#1524=REPRESENTATION('density',(#1520),#2822);
#1525=DESCRIPTIVE_REPRESENTATION_ITEM('Steel','Steel');
#1526=PROPERTY_DEFINITION('material property','material name',#2832);
#1527=PROPERTY_DEFINITION('material property','density of part',#2832);
#1528=AXIS2_PLACEMENT_3D('',#2353,#1799,#1800);
#1529=AXIS2_PLACEMENT_3D('',#2354,#1801,#1802);
#1530=AXIS2_PLACEMENT_3D('',#2364,#1807,#1808);
#1531=AXIS2_PLACEMENT_3D('',#2366,#1809,#1810);
#1532=AXIS2_PLACEMENT_3D('',#2368,#1811,#1812);
#1533=AXIS2_PLACEMENT_3D('',#2370,#1813,#1814);
#1534=AXIS2_PLACEMENT_3D('',#2372,#1815,#1816);
#1535=AXIS2_PLACEMENT_3D('',#2374,#1817,#1818);
#1536=AXIS2_PLACEMENT_3D('',#2376,#1819,#1820);
#1537=AXIS2_PLACEMENT_3D('',#2378,#1821,#1822);
#1538=AXIS2_PLACEMENT_3D('',#2380,#1823,#1824);
#1539=AXIS2_PLACEMENT_3D('',#2382,#1825,#1826);
#1540=AXIS2_PLACEMENT_3D('',#2384,#1827,#1828);
#1541=AXIS2_PLACEMENT_3D('',#2386,#1829,#1830);
#1542=AXIS2_PLACEMENT_3D('',#2388,#1831,#1832);
#1543=AXIS2_PLACEMENT_3D('',#2390,#1833,#1834);
#1544=AXIS2_PLACEMENT_3D('',#2392,#1835,#1836);
#1545=AXIS2_PLACEMENT_3D('',#2394,#1837,#1838);
#1546=AXIS2_PLACEMENT_3D('',#2396,#1839,#1840);
#1547=AXIS2_PLACEMENT_3D('',#2398,#1841,#1842);
#1548=AXIS2_PLACEMENT_3D('',#2400,#1843,#1844);
#1549=AXIS2_PLACEMENT_3D('',#2402,#1845,#1846);
#1550=AXIS2_PLACEMENT_3D('',#2404,#1847,#1848);
#1551=AXIS2_PLACEMENT_3D('',#2406,#1849,#1850);
#1552=AXIS2_PLACEMENT_3D('',#2408,#1851,#1852);
#1553=AXIS2_PLACEMENT_3D('',#2410,#1853,#1854);
#1554=AXIS2_PLACEMENT_3D('',#2412,#1855,#1856);
#1555=AXIS2_PLACEMENT_3D('',#2414,#1857,#1858);
#1556=AXIS2_PLACEMENT_3D('',#2416,#1859,#1860);
#1557=AXIS2_PLACEMENT_3D('',#2418,#1861,#1862);
#1558=AXIS2_PLACEMENT_3D('',#2420,#1863,#1864);
#1559=AXIS2_PLACEMENT_3D('',#2422,#1865,#1866);
#1560=AXIS2_PLACEMENT_3D('',#2424,#1867,#1868);
#1561=AXIS2_PLACEMENT_3D('',#2426,#1869,#1870);
#1562=AXIS2_PLACEMENT_3D('',#2428,#1871,#1872);
#1563=AXIS2_PLACEMENT_3D('',#2430,#1873,#1874);
#1564=AXIS2_PLACEMENT_3D('',#2432,#1875,#1876);
#1565=AXIS2_PLACEMENT_3D('',#2434,#1877,#1878);
#1566=AXIS2_PLACEMENT_3D('',#2436,#1879,#1880);
#1567=AXIS2_PLACEMENT_3D('',#2438,#1881,#1882);
#1568=AXIS2_PLACEMENT_3D('',#2440,#1883,#1884);
#1569=AXIS2_PLACEMENT_3D('',#2442,#1885,#1886);
#1570=AXIS2_PLACEMENT_3D('',#2444,#1887,#1888);
#1571=AXIS2_PLACEMENT_3D('',#2446,#1889,#1890);
#1572=AXIS2_PLACEMENT_3D('',#2448,#1891,#1892);
#1573=AXIS2_PLACEMENT_3D('',#2450,#1893,#1894);
#1574=AXIS2_PLACEMENT_3D('',#2452,#1895,#1896);
#1575=AXIS2_PLACEMENT_3D('',#2454,#1897,#1898);
#1576=AXIS2_PLACEMENT_3D('',#2456,#1899,#1900);
#1577=AXIS2_PLACEMENT_3D('',#2458,#1901,#1902);
#1578=AXIS2_PLACEMENT_3D('',#2460,#1903,#1904);
#1579=AXIS2_PLACEMENT_3D('',#2462,#1905,#1906);
#1580=AXIS2_PLACEMENT_3D('',#2464,#1907,#1908);
#1581=AXIS2_PLACEMENT_3D('',#2466,#1909,#1910);
#1582=AXIS2_PLACEMENT_3D('',#2468,#1911,#1912);
#1583=AXIS2_PLACEMENT_3D('',#2470,#1913,#1914);
#1584=AXIS2_PLACEMENT_3D('',#2472,#1915,#1916);
#1585=AXIS2_PLACEMENT_3D('',#2474,#1917,#1918);
#1586=AXIS2_PLACEMENT_3D('',#2476,#1919,#1920);
#1587=AXIS2_PLACEMENT_3D('',#2478,#1921,#1922);
#1588=AXIS2_PLACEMENT_3D('',#2480,#1923,#1924);
#1589=AXIS2_PLACEMENT_3D('',#2482,#1925,#1926);
#1590=AXIS2_PLACEMENT_3D('',#2484,#1927,#1928);
#1591=AXIS2_PLACEMENT_3D('',#2486,#1929,#1930);
#1592=AXIS2_PLACEMENT_3D('',#2488,#1931,#1932);
#1593=AXIS2_PLACEMENT_3D('',#2490,#1933,#1934);
#1594=AXIS2_PLACEMENT_3D('',#2492,#1935,#1936);
#1595=AXIS2_PLACEMENT_3D('',#2494,#1937,#1938);
#1596=AXIS2_PLACEMENT_3D('',#2496,#1939,#1940);
#1597=AXIS2_PLACEMENT_3D('',#2498,#1941,#1942);
#1598=AXIS2_PLACEMENT_3D('',#2500,#1943,#1944);
#1599=AXIS2_PLACEMENT_3D('',#2502,#1945,#1946);
#1600=AXIS2_PLACEMENT_3D('',#2504,#1947,#1948);
#1601=AXIS2_PLACEMENT_3D('',#2506,#1949,#1950);
#1602=AXIS2_PLACEMENT_3D('',#2508,#1951,#1952);
#1603=AXIS2_PLACEMENT_3D('',#2510,#1953,#1954);
#1604=AXIS2_PLACEMENT_3D('',#2512,#1955,#1956);
#1605=AXIS2_PLACEMENT_3D('',#2514,#1957,#1958);
#1606=AXIS2_PLACEMENT_3D('',#2516,#1959,#1960);
#1607=AXIS2_PLACEMENT_3D('',#2518,#1961,#1962);
#1608=AXIS2_PLACEMENT_3D('',#2520,#1963,#1964);
#1609=AXIS2_PLACEMENT_3D('',#2522,#1965,#1966);
#1610=AXIS2_PLACEMENT_3D('',#2524,#1967,#1968);
#1611=AXIS2_PLACEMENT_3D('',#2526,#1969,#1970);
#1612=AXIS2_PLACEMENT_3D('',#2528,#1971,#1972);
#1613=AXIS2_PLACEMENT_3D('',#2530,#1973,#1974);
#1614=AXIS2_PLACEMENT_3D('',#2532,#1975,#1976);
#1615=AXIS2_PLACEMENT_3D('',#2534,#1977,#1978);
#1616=AXIS2_PLACEMENT_3D('',#2536,#1979,#1980);
#1617=AXIS2_PLACEMENT_3D('',#2538,#1981,#1982);
#1618=AXIS2_PLACEMENT_3D('',#2539,#1983,#1984);
#1619=AXIS2_PLACEMENT_3D('',#2545,#1988,#1989);
#1620=AXIS2_PLACEMENT_3D('',#2549,#1992,#1993);
#1621=AXIS2_PLACEMENT_3D('',#2553,#1996,#1997);
#1622=AXIS2_PLACEMENT_3D('',#2555,#1999,#2000);
#1623=AXIS2_PLACEMENT_3D('',#2556,#2001,#2002);
#1624=AXIS2_PLACEMENT_3D('',#2558,#2003,#2004);
#1625=AXIS2_PLACEMENT_3D('',#2559,#2005,#2006);
#1626=AXIS2_PLACEMENT_3D('',#2561,#2007,#2008);
#1627=AXIS2_PLACEMENT_3D('',#2562,#2009,#2010);
#1628=AXIS2_PLACEMENT_3D('',#2564,#2011,#2012);
#1629=AXIS2_PLACEMENT_3D('',#2565,#2013,#2014);
#1630=AXIS2_PLACEMENT_3D('',#2567,#2015,#2016);
#1631=AXIS2_PLACEMENT_3D('',#2568,#2017,#2018);
#1632=AXIS2_PLACEMENT_3D('',#2570,#2019,#2020);
#1633=AXIS2_PLACEMENT_3D('',#2571,#2021,#2022);
#1634=AXIS2_PLACEMENT_3D('',#2573,#2023,#2024);
#1635=AXIS2_PLACEMENT_3D('',#2574,#2025,#2026);
#1636=AXIS2_PLACEMENT_3D('',#2576,#2027,#2028);
#1637=AXIS2_PLACEMENT_3D('',#2577,#2029,#2030);
#1638=AXIS2_PLACEMENT_3D('',#2579,#2031,#2032);
#1639=AXIS2_PLACEMENT_3D('',#2580,#2033,#2034);
#1640=AXIS2_PLACEMENT_3D('',#2582,#2035,#2036);
#1641=AXIS2_PLACEMENT_3D('',#2583,#2037,#2038);
#1642=AXIS2_PLACEMENT_3D('',#2585,#2039,#2040);
#1643=AXIS2_PLACEMENT_3D('',#2586,#2041,#2042);
#1644=AXIS2_PLACEMENT_3D('',#2588,#2043,#2044);
#1645=AXIS2_PLACEMENT_3D('',#2589,#2045,#2046);
#1646=AXIS2_PLACEMENT_3D('',#2591,#2047,#2048);
#1647=AXIS2_PLACEMENT_3D('',#2592,#2049,#2050);
#1648=AXIS2_PLACEMENT_3D('',#2594,#2051,#2052);
#1649=AXIS2_PLACEMENT_3D('',#2595,#2053,#2054);
#1650=AXIS2_PLACEMENT_3D('',#2597,#2055,#2056);
#1651=AXIS2_PLACEMENT_3D('',#2598,#2057,#2058);
#1652=AXIS2_PLACEMENT_3D('',#2600,#2059,#2060);
#1653=AXIS2_PLACEMENT_3D('',#2601,#2061,#2062);
#1654=AXIS2_PLACEMENT_3D('',#2603,#2063,#2064);
#1655=AXIS2_PLACEMENT_3D('',#2604,#2065,#2066);
#1656=AXIS2_PLACEMENT_3D('',#2606,#2067,#2068);
#1657=AXIS2_PLACEMENT_3D('',#2607,#2069,#2070);
#1658=AXIS2_PLACEMENT_3D('',#2609,#2071,#2072);
#1659=AXIS2_PLACEMENT_3D('',#2610,#2073,#2074);
#1660=AXIS2_PLACEMENT_3D('',#2612,#2075,#2076);
#1661=AXIS2_PLACEMENT_3D('',#2613,#2077,#2078);
#1662=AXIS2_PLACEMENT_3D('',#2615,#2079,#2080);
#1663=AXIS2_PLACEMENT_3D('',#2616,#2081,#2082);
#1664=AXIS2_PLACEMENT_3D('',#2618,#2083,#2084);
#1665=AXIS2_PLACEMENT_3D('',#2619,#2085,#2086);
#1666=AXIS2_PLACEMENT_3D('',#2621,#2087,#2088);
#1667=AXIS2_PLACEMENT_3D('',#2622,#2089,#2090);
#1668=AXIS2_PLACEMENT_3D('',#2624,#2091,#2092);
#1669=AXIS2_PLACEMENT_3D('',#2625,#2093,#2094);
#1670=AXIS2_PLACEMENT_3D('',#2627,#2095,#2096);
#1671=AXIS2_PLACEMENT_3D('',#2628,#2097,#2098);
#1672=AXIS2_PLACEMENT_3D('',#2630,#2099,#2100);
#1673=AXIS2_PLACEMENT_3D('',#2631,#2101,#2102);
#1674=AXIS2_PLACEMENT_3D('',#2633,#2103,#2104);
#1675=AXIS2_PLACEMENT_3D('',#2634,#2105,#2106);
#1676=AXIS2_PLACEMENT_3D('',#2636,#2107,#2108);
#1677=AXIS2_PLACEMENT_3D('',#2637,#2109,#2110);
#1678=AXIS2_PLACEMENT_3D('',#2639,#2111,#2112);
#1679=AXIS2_PLACEMENT_3D('',#2640,#2113,#2114);
#1680=AXIS2_PLACEMENT_3D('',#2642,#2115,#2116);
#1681=AXIS2_PLACEMENT_3D('',#2643,#2117,#2118);
#1682=AXIS2_PLACEMENT_3D('',#2645,#2119,#2120);
#1683=AXIS2_PLACEMENT_3D('',#2646,#2121,#2122);
#1684=AXIS2_PLACEMENT_3D('',#2648,#2123,#2124);
#1685=AXIS2_PLACEMENT_3D('',#2649,#2125,#2126);
#1686=AXIS2_PLACEMENT_3D('',#2651,#2127,#2128);
#1687=AXIS2_PLACEMENT_3D('',#2652,#2129,#2130);
#1688=AXIS2_PLACEMENT_3D('',#2654,#2131,#2132);
#1689=AXIS2_PLACEMENT_3D('',#2655,#2133,#2134);
#1690=AXIS2_PLACEMENT_3D('',#2657,#2135,#2136);
#1691=AXIS2_PLACEMENT_3D('',#2658,#2137,#2138);
#1692=AXIS2_PLACEMENT_3D('',#2660,#2139,#2140);
#1693=AXIS2_PLACEMENT_3D('',#2661,#2141,#2142);
#1694=AXIS2_PLACEMENT_3D('',#2663,#2143,#2144);
#1695=AXIS2_PLACEMENT_3D('',#2664,#2145,#2146);
#1696=AXIS2_PLACEMENT_3D('',#2666,#2147,#2148);
#1697=AXIS2_PLACEMENT_3D('',#2667,#2149,#2150);
#1698=AXIS2_PLACEMENT_3D('',#2669,#2151,#2152);
#1699=AXIS2_PLACEMENT_3D('',#2670,#2153,#2154);
#1700=AXIS2_PLACEMENT_3D('',#2672,#2155,#2156);
#1701=AXIS2_PLACEMENT_3D('',#2673,#2157,#2158);
#1702=AXIS2_PLACEMENT_3D('',#2675,#2159,#2160);
#1703=AXIS2_PLACEMENT_3D('',#2676,#2161,#2162);
#1704=AXIS2_PLACEMENT_3D('',#2678,#2163,#2164);
#1705=AXIS2_PLACEMENT_3D('',#2679,#2165,#2166);
#1706=AXIS2_PLACEMENT_3D('',#2681,#2167,#2168);
#1707=AXIS2_PLACEMENT_3D('',#2682,#2169,#2170);
#1708=AXIS2_PLACEMENT_3D('',#2684,#2171,#2172);
#1709=AXIS2_PLACEMENT_3D('',#2685,#2173,#2174);
#1710=AXIS2_PLACEMENT_3D('',#2687,#2175,#2176);
#1711=AXIS2_PLACEMENT_3D('',#2688,#2177,#2178);
#1712=AXIS2_PLACEMENT_3D('',#2690,#2179,#2180);
#1713=AXIS2_PLACEMENT_3D('',#2691,#2181,#2182);
#1714=AXIS2_PLACEMENT_3D('',#2693,#2183,#2184);
#1715=AXIS2_PLACEMENT_3D('',#2694,#2185,#2186);
#1716=AXIS2_PLACEMENT_3D('',#2696,#2187,#2188);
#1717=AXIS2_PLACEMENT_3D('',#2697,#2189,#2190);
#1718=AXIS2_PLACEMENT_3D('',#2699,#2191,#2192);
#1719=AXIS2_PLACEMENT_3D('',#2700,#2193,#2194);
#1720=AXIS2_PLACEMENT_3D('',#2702,#2195,#2196);
#1721=AXIS2_PLACEMENT_3D('',#2703,#2197,#2198);
#1722=AXIS2_PLACEMENT_3D('',#2705,#2199,#2200);
#1723=AXIS2_PLACEMENT_3D('',#2706,#2201,#2202);
#1724=AXIS2_PLACEMENT_3D('',#2708,#2203,#2204);
#1725=AXIS2_PLACEMENT_3D('',#2709,#2205,#2206);
#1726=AXIS2_PLACEMENT_3D('',#2711,#2207,#2208);
#1727=AXIS2_PLACEMENT_3D('',#2712,#2209,#2210);
#1728=AXIS2_PLACEMENT_3D('',#2714,#2211,#2212);
#1729=AXIS2_PLACEMENT_3D('',#2715,#2213,#2214);
#1730=AXIS2_PLACEMENT_3D('',#2717,#2215,#2216);
#1731=AXIS2_PLACEMENT_3D('',#2718,#2217,#2218);
#1732=AXIS2_PLACEMENT_3D('',#2720,#2219,#2220);
#1733=AXIS2_PLACEMENT_3D('',#2721,#2221,#2222);
#1734=AXIS2_PLACEMENT_3D('',#2723,#2223,#2224);
#1735=AXIS2_PLACEMENT_3D('',#2724,#2225,#2226);
#1736=AXIS2_PLACEMENT_3D('',#2726,#2227,#2228);
#1737=AXIS2_PLACEMENT_3D('',#2727,#2229,#2230);
#1738=AXIS2_PLACEMENT_3D('',#2729,#2231,#2232);
#1739=AXIS2_PLACEMENT_3D('',#2730,#2233,#2234);
#1740=AXIS2_PLACEMENT_3D('',#2732,#2235,#2236);
#1741=AXIS2_PLACEMENT_3D('',#2733,#2237,#2238);
#1742=AXIS2_PLACEMENT_3D('',#2735,#2239,#2240);
#1743=AXIS2_PLACEMENT_3D('',#2736,#2241,#2242);
#1744=AXIS2_PLACEMENT_3D('',#2738,#2243,#2244);
#1745=AXIS2_PLACEMENT_3D('',#2739,#2245,#2246);
#1746=AXIS2_PLACEMENT_3D('',#2741,#2247,#2248);
#1747=AXIS2_PLACEMENT_3D('',#2742,#2249,#2250);
#1748=AXIS2_PLACEMENT_3D('',#2744,#2251,#2252);
#1749=AXIS2_PLACEMENT_3D('',#2745,#2253,#2254);
#1750=AXIS2_PLACEMENT_3D('',#2747,#2255,#2256);
#1751=AXIS2_PLACEMENT_3D('',#2748,#2257,#2258);
#1752=AXIS2_PLACEMENT_3D('',#2750,#2259,#2260);
#1753=AXIS2_PLACEMENT_3D('',#2751,#2261,#2262);
#1754=AXIS2_PLACEMENT_3D('',#2753,#2263,#2264);
#1755=AXIS2_PLACEMENT_3D('',#2754,#2265,#2266);
#1756=AXIS2_PLACEMENT_3D('',#2756,#2267,#2268);
#1757=AXIS2_PLACEMENT_3D('',#2757,#2269,#2270);
#1758=AXIS2_PLACEMENT_3D('',#2759,#2271,#2272);
#1759=AXIS2_PLACEMENT_3D('',#2760,#2273,#2274);
#1760=AXIS2_PLACEMENT_3D('',#2762,#2275,#2276);
#1761=AXIS2_PLACEMENT_3D('',#2763,#2277,#2278);
#1762=AXIS2_PLACEMENT_3D('',#2765,#2279,#2280);
#1763=AXIS2_PLACEMENT_3D('',#2766,#2281,#2282);
#1764=AXIS2_PLACEMENT_3D('',#2768,#2283,#2284);
#1765=AXIS2_PLACEMENT_3D('',#2769,#2285,#2286);
#1766=AXIS2_PLACEMENT_3D('',#2771,#2287,#2288);
#1767=AXIS2_PLACEMENT_3D('',#2772,#2289,#2290);
#1768=AXIS2_PLACEMENT_3D('',#2774,#2291,#2292);
#1769=AXIS2_PLACEMENT_3D('',#2775,#2293,#2294);
#1770=AXIS2_PLACEMENT_3D('',#2777,#2295,#2296);
#1771=AXIS2_PLACEMENT_3D('',#2778,#2297,#2298);
#1772=AXIS2_PLACEMENT_3D('',#2780,#2299,#2300);
#1773=AXIS2_PLACEMENT_3D('',#2781,#2301,#2302);
#1774=AXIS2_PLACEMENT_3D('',#2783,#2303,#2304);
#1775=AXIS2_PLACEMENT_3D('',#2784,#2305,#2306);
#1776=AXIS2_PLACEMENT_3D('',#2786,#2307,#2308);
#1777=AXIS2_PLACEMENT_3D('',#2787,#2309,#2310);
#1778=AXIS2_PLACEMENT_3D('',#2789,#2311,#2312);
#1779=AXIS2_PLACEMENT_3D('',#2790,#2313,#2314);
#1780=AXIS2_PLACEMENT_3D('',#2792,#2315,#2316);
#1781=AXIS2_PLACEMENT_3D('',#2793,#2317,#2318);
#1782=AXIS2_PLACEMENT_3D('',#2795,#2319,#2320);
#1783=AXIS2_PLACEMENT_3D('',#2796,#2321,#2322);
#1784=AXIS2_PLACEMENT_3D('',#2798,#2323,#2324);
#1785=AXIS2_PLACEMENT_3D('',#2799,#2325,#2326);
#1786=AXIS2_PLACEMENT_3D('',#2801,#2327,#2328);
#1787=AXIS2_PLACEMENT_3D('',#2802,#2329,#2330);
#1788=AXIS2_PLACEMENT_3D('',#2804,#2331,#2332);
#1789=AXIS2_PLACEMENT_3D('',#2805,#2333,#2334);
#1790=AXIS2_PLACEMENT_3D('',#2807,#2335,#2336);
#1791=AXIS2_PLACEMENT_3D('',#2808,#2337,#2338);
#1792=AXIS2_PLACEMENT_3D('',#2810,#2339,#2340);
#1793=AXIS2_PLACEMENT_3D('',#2811,#2341,#2342);
#1794=AXIS2_PLACEMENT_3D('',#2813,#2343,#2344);
#1795=AXIS2_PLACEMENT_3D('',#2814,#2345,#2346);
#1796=AXIS2_PLACEMENT_3D('',#2816,#2347,#2348);
#1797=AXIS2_PLACEMENT_3D('',#2817,#2349,#2350);
#1798=AXIS2_PLACEMENT_3D('',#2819,#2351,#2352);
#1799=DIRECTION('axis',(0.,0.,1.));
#1800=DIRECTION('refdir',(1.,0.,0.));
#1801=DIRECTION('center_axis',(0.,0.,1.));
#1802=DIRECTION('ref_axis',(1.,0.,0.));
#1803=DIRECTION('',(-1.,0.,0.));
#1804=DIRECTION('',(0.,1.,0.));
#1805=DIRECTION('',(1.,0.,0.));
#1806=DIRECTION('',(0.,-1.,0.));
#1807=DIRECTION('center_axis',(0.,0.,-1.));
#1808=DIRECTION('ref_axis',(0.,-1.,0.));
#1809=DIRECTION('center_axis',(0.,0.,-1.));
#1810=DIRECTION('ref_axis',(0.,-1.,0.));
#1811=DIRECTION('center_axis',(0.,0.,-1.));
#1812=DIRECTION('ref_axis',(0.,-1.,0.));
#1813=DIRECTION('center_axis',(0.,0.,-1.));
#1814=DIRECTION('ref_axis',(0.,-1.,0.));
#1815=DIRECTION('center_axis',(0.,0.,-1.));
#1816=DIRECTION('ref_axis',(0.,-1.,0.));
#1817=DIRECTION('center_axis',(0.,0.,-1.));
#1818=DIRECTION('ref_axis',(0.,-1.,0.));
#1819=DIRECTION('center_axis',(0.,0.,-1.));
#1820=DIRECTION('ref_axis',(0.,-1.,0.));
#1821=DIRECTION('center_axis',(0.,0.,-1.));
#1822=DIRECTION('ref_axis',(0.,-1.,0.));
#1823=DIRECTION('center_axis',(0.,0.,-1.));
#1824=DIRECTION('ref_axis',(0.,-1.,0.));
#1825=DIRECTION('center_axis',(0.,0.,-1.));
#1826=DIRECTION('ref_axis',(0.,-1.,0.));
#1827=DIRECTION('center_axis',(0.,0.,-1.));
#1828=DIRECTION('ref_axis',(0.,-1.,0.));
#1829=DIRECTION('center_axis',(0.,0.,-1.));
#1830=DIRECTION('ref_axis',(0.,-1.,0.));
#1831=DIRECTION('center_axis',(0.,0.,-1.));
#1832=DIRECTION('ref_axis',(0.,-1.,0.));
#1833=DIRECTION('center_axis',(0.,0.,-1.));
#1834=DIRECTION('ref_axis',(0.,-1.,0.));
#1835=DIRECTION('center_axis',(0.,0.,-1.));
#1836=DIRECTION('ref_axis',(0.,-1.,0.));
#1837=DIRECTION('center_axis',(0.,0.,-1.));
#1838=DIRECTION('ref_axis',(0.,-1.,0.));
#1839=DIRECTION('center_axis',(0.,0.,-1.));
#1840=DIRECTION('ref_axis',(0.,-1.,0.));
#1841=DIRECTION('center_axis',(0.,0.,-1.));
#1842=DIRECTION('ref_axis',(0.,-1.,0.));
#1843=DIRECTION('center_axis',(0.,0.,-1.));
#1844=DIRECTION('ref_axis',(0.,-1.,0.));
#1845=DIRECTION('center_axis',(0.,0.,-1.));
#1846=DIRECTION('ref_axis',(0.,-1.,0.));
#1847=DIRECTION('center_axis',(0.,0.,-1.));
#1848=DIRECTION('ref_axis',(0.,-1.,0.));
#1849=DIRECTION('center_axis',(0.,0.,-1.));
#1850=DIRECTION('ref_axis',(0.,-1.,0.));
#1851=DIRECTION('center_axis',(0.,0.,-1.));
#1852=DIRECTION('ref_axis',(0.,-1.,0.));
#1853=DIRECTION('center_axis',(0.,0.,-1.));
#1854=DIRECTION('ref_axis',(0.,-1.,0.));
#1855=DIRECTION('center_axis',(0.,0.,-1.));
#1856=DIRECTION('ref_axis',(0.,-1.,0.));
#1857=DIRECTION('center_axis',(0.,0.,-1.));
#1858=DIRECTION('ref_axis',(0.,-1.,0.));
#1859=DIRECTION('center_axis',(0.,0.,-1.));
#1860=DIRECTION('ref_axis',(0.,-1.,0.));
#1861=DIRECTION('center_axis',(0.,0.,-1.));
#1862=DIRECTION('ref_axis',(0.,-1.,0.));
#1863=DIRECTION('center_axis',(0.,0.,-1.));
#1864=DIRECTION('ref_axis',(0.,-1.,0.));
#1865=DIRECTION('center_axis',(0.,0.,-1.));
#1866=DIRECTION('ref_axis',(0.,-1.,0.));
#1867=DIRECTION('center_axis',(0.,0.,-1.));
#1868=DIRECTION('ref_axis',(0.,-1.,0.));
#1869=DIRECTION('center_axis',(0.,0.,-1.));
#1870=DIRECTION('ref_axis',(0.,-1.,0.));
#1871=DIRECTION('center_axis',(0.,0.,-1.));
#1872=DIRECTION('ref_axis',(0.,-1.,0.));
#1873=DIRECTION('center_axis',(0.,0.,-1.));
#1874=DIRECTION('ref_axis',(0.,-1.,0.));
#1875=DIRECTION('center_axis',(0.,0.,-1.));
#1876=DIRECTION('ref_axis',(0.,-1.,0.));
#1877=DIRECTION('center_axis',(0.,0.,-1.));
#1878=DIRECTION('ref_axis',(0.,-1.,0.));
#1879=DIRECTION('center_axis',(0.,0.,-1.));
#1880=DIRECTION('ref_axis',(0.,-1.,0.));
#1881=DIRECTION('center_axis',(0.,0.,-1.));
#1882=DIRECTION('ref_axis',(0.,-1.,0.));
#1883=DIRECTION('center_axis',(0.,0.,-1.));
#1884=DIRECTION('ref_axis',(0.,-1.,0.));
#1885=DIRECTION('center_axis',(0.,0.,-1.));
#1886=DIRECTION('ref_axis',(0.,-1.,0.));
#1887=DIRECTION('center_axis',(0.,0.,-1.));
#1888=DIRECTION('ref_axis',(0.,-1.,0.));
#1889=DIRECTION('center_axis',(0.,0.,-1.));
#1890=DIRECTION('ref_axis',(0.,-1.,0.));
#1891=DIRECTION('center_axis',(0.,0.,-1.));
#1892=DIRECTION('ref_axis',(0.,-1.,0.));
#1893=DIRECTION('center_axis',(0.,0.,-1.));
#1894=DIRECTION('ref_axis',(0.,-1.,0.));
#1895=DIRECTION('center_axis',(0.,0.,-1.));
#1896=DIRECTION('ref_axis',(0.,-1.,0.));
#1897=DIRECTION('center_axis',(0.,0.,-1.));
#1898=DIRECTION('ref_axis',(0.,-1.,0.));
#1899=DIRECTION('center_axis',(0.,0.,-1.));
#1900=DIRECTION('ref_axis',(0.,-1.,0.));
#1901=DIRECTION('center_axis',(0.,0.,-1.));
#1902=DIRECTION('ref_axis',(0.,-1.,0.));
#1903=DIRECTION('center_axis',(0.,0.,-1.));
#1904=DIRECTION('ref_axis',(0.,-1.,0.));
#1905=DIRECTION('center_axis',(0.,0.,-1.));
#1906=DIRECTION('ref_axis',(0.,-1.,0.));
#1907=DIRECTION('center_axis',(0.,0.,-1.));
#1908=DIRECTION('ref_axis',(0.,-1.,0.));
#1909=DIRECTION('center_axis',(0.,0.,-1.));
#1910=DIRECTION('ref_axis',(0.,-1.,0.));
#1911=DIRECTION('center_axis',(0.,0.,-1.));
#1912=DIRECTION('ref_axis',(0.,-1.,0.));
#1913=DIRECTION('center_axis',(0.,0.,-1.));
#1914=DIRECTION('ref_axis',(0.,-1.,0.));
#1915=DIRECTION('center_axis',(0.,0.,-1.));
#1916=DIRECTION('ref_axis',(0.,-1.,0.));
#1917=DIRECTION('center_axis',(0.,0.,-1.));
#1918=DIRECTION('ref_axis',(0.,-1.,0.));
#1919=DIRECTION('center_axis',(0.,0.,-1.));
#1920=DIRECTION('ref_axis',(0.,-1.,0.));
#1921=DIRECTION('center_axis',(0.,0.,-1.));
#1922=DIRECTION('ref_axis',(0.,-1.,0.));
#1923=DIRECTION('center_axis',(0.,0.,-1.));
#1924=DIRECTION('ref_axis',(0.,-1.,0.));
#1925=DIRECTION('center_axis',(0.,0.,-1.));
#1926=DIRECTION('ref_axis',(0.,-1.,0.));
#1927=DIRECTION('center_axis',(0.,0.,-1.));
#1928=DIRECTION('ref_axis',(0.,-1.,0.));
#1929=DIRECTION('center_axis',(0.,0.,-1.));
#1930=DIRECTION('ref_axis',(0.,-1.,0.));
#1931=DIRECTION('center_axis',(0.,0.,-1.));
#1932=DIRECTION('ref_axis',(0.,-1.,0.));
#1933=DIRECTION('center_axis',(0.,0.,-1.));
#1934=DIRECTION('ref_axis',(0.,-1.,0.));
#1935=DIRECTION('center_axis',(0.,0.,-1.));
#1936=DIRECTION('ref_axis',(0.,-1.,0.));
#1937=DIRECTION('center_axis',(0.,0.,-1.));
#1938=DIRECTION('ref_axis',(0.,-1.,0.));
#1939=DIRECTION('center_axis',(0.,0.,-1.));
#1940=DIRECTION('ref_axis',(0.,-1.,0.));
#1941=DIRECTION('center_axis',(0.,0.,-1.));
#1942=DIRECTION('ref_axis',(0.,-1.,0.));
#1943=DIRECTION('center_axis',(0.,0.,-1.));
#1944=DIRECTION('ref_axis',(0.,-1.,0.));
#1945=DIRECTION('center_axis',(0.,0.,-1.));
#1946=DIRECTION('ref_axis',(0.,-1.,0.));
#1947=DIRECTION('center_axis',(0.,0.,-1.));
#1948=DIRECTION('ref_axis',(0.,-1.,0.));
#1949=DIRECTION('center_axis',(0.,0.,-1.));
#1950=DIRECTION('ref_axis',(0.,-1.,0.));
#1951=DIRECTION('center_axis',(0.,0.,-1.));
#1952=DIRECTION('ref_axis',(0.,-1.,0.));
#1953=DIRECTION('center_axis',(0.,0.,-1.));
#1954=DIRECTION('ref_axis',(0.,-1.,0.));
#1955=DIRECTION('center_axis',(0.,0.,-1.));
#1956=DIRECTION('ref_axis',(0.,-1.,0.));
#1957=DIRECTION('center_axis',(0.,0.,-1.));
#1958=DIRECTION('ref_axis',(0.,-1.,0.));
#1959=DIRECTION('center_axis',(0.,0.,-1.));
#1960=DIRECTION('ref_axis',(0.,-1.,0.));
#1961=DIRECTION('center_axis',(0.,0.,-1.));
#1962=DIRECTION('ref_axis',(0.,-1.,0.));
#1963=DIRECTION('center_axis',(0.,0.,-1.));
#1964=DIRECTION('ref_axis',(0.,-1.,0.));
#1965=DIRECTION('center_axis',(0.,0.,-1.));
#1966=DIRECTION('ref_axis',(0.,-1.,0.));
#1967=DIRECTION('center_axis',(0.,0.,-1.));
#1968=DIRECTION('ref_axis',(0.,-1.,0.));
#1969=DIRECTION('center_axis',(0.,0.,-1.));
#1970=DIRECTION('ref_axis',(0.,-1.,0.));
#1971=DIRECTION('center_axis',(0.,0.,-1.));
#1972=DIRECTION('ref_axis',(0.,-1.,0.));
#1973=DIRECTION('center_axis',(0.,0.,-1.));
#1974=DIRECTION('ref_axis',(0.,-1.,0.));
#1975=DIRECTION('center_axis',(0.,0.,-1.));
#1976=DIRECTION('ref_axis',(0.,-1.,0.));
#1977=DIRECTION('center_axis',(0.,0.,-1.));
#1978=DIRECTION('ref_axis',(0.,-1.,0.));
#1979=DIRECTION('center_axis',(0.,0.,-1.));
#1980=DIRECTION('ref_axis',(0.,-1.,0.));
#1981=DIRECTION('center_axis',(0.,0.,-1.));
#1982=DIRECTION('ref_axis',(0.,-1.,0.));
#1983=DIRECTION('center_axis',(-1.,0.,0.));
#1984=DIRECTION('ref_axis',(0.,-1.,0.));
#1985=DIRECTION('',(0.,0.,1.));
#1986=DIRECTION('',(0.,-1.,0.));
#1987=DIRECTION('',(0.,0.,1.));
#1988=DIRECTION('center_axis',(0.,1.,0.));
#1989=DIRECTION('ref_axis',(-1.,0.,0.));
#1990=DIRECTION('',(-1.,0.,0.));
#1991=DIRECTION('',(0.,0.,1.));
#1992=DIRECTION('center_axis',(1.,0.,0.));
#1993=DIRECTION('ref_axis',(0.,1.,0.));
#1994=DIRECTION('',(0.,1.,0.));
#1995=DIRECTION('',(0.,0.,1.));
#1996=DIRECTION('center_axis',(0.,-1.,0.));
#1997=DIRECTION('ref_axis',(1.,0.,0.));
#1998=DIRECTION('',(1.,0.,0.));
#1999=DIRECTION('center_axis',(0.,0.,1.));
#2000=DIRECTION('ref_axis',(1.,0.,0.));
#2001=DIRECTION('center_axis',(0.,0.,1.));
#2002=DIRECTION('ref_axis',(1.,0.,0.));
#2003=DIRECTION('center_axis',(0.,-1.,0.));
#2004=DIRECTION('ref_axis',(-1.,0.,0.));
#2005=DIRECTION('center_axis',(0.,0.,1.));
#2006=DIRECTION('ref_axis',(1.,0.,0.));
#2007=DIRECTION('center_axis',(0.,-1.,0.));
#2008=DIRECTION('ref_axis',(-1.,0.,0.));
#2009=DIRECTION('center_axis',(0.,0.,1.));
#2010=DIRECTION('ref_axis',(1.,0.,0.));
#2011=DIRECTION('center_axis',(0.,-1.,0.));
#2012=DIRECTION('ref_axis',(-1.,0.,0.));
#2013=DIRECTION('center_axis',(0.,0.,1.));
#2014=DIRECTION('ref_axis',(1.,0.,0.));
#2015=DIRECTION('center_axis',(0.,-1.,0.));
#2016=DIRECTION('ref_axis',(-1.,0.,0.));
#2017=DIRECTION('center_axis',(0.,0.,1.));
#2018=DIRECTION('ref_axis',(1.,0.,0.));
#2019=DIRECTION('center_axis',(0.,-1.,0.));
#2020=DIRECTION('ref_axis',(-1.,0.,0.));
#2021=DIRECTION('center_axis',(0.,0.,1.));
#2022=DIRECTION('ref_axis',(1.,0.,0.));
#2023=DIRECTION('center_axis',(0.,-1.,0.));
#2024=DIRECTION('ref_axis',(-1.,0.,0.));
#2025=DIRECTION('center_axis',(0.,0.,1.));
#2026=DIRECTION('ref_axis',(1.,0.,0.));
#2027=DIRECTION('center_axis',(0.,-1.,0.));
#2028=DIRECTION('ref_axis',(-1.,0.,0.));
#2029=DIRECTION('center_axis',(0.,0.,1.));
#2030=DIRECTION('ref_axis',(1.,0.,0.));
#2031=DIRECTION('center_axis',(0.,-1.,0.));
#2032=DIRECTION('ref_axis',(-1.,0.,0.));
#2033=DIRECTION('center_axis',(0.,0.,1.));
#2034=DIRECTION('ref_axis',(1.,0.,0.));
#2035=DIRECTION('center_axis',(0.,-1.,0.));
#2036=DIRECTION('ref_axis',(-1.,0.,0.));
#2037=DIRECTION('center_axis',(0.,0.,1.));
#2038=DIRECTION('ref_axis',(1.,0.,0.));
#2039=DIRECTION('center_axis',(0.,-1.,0.));
#2040=DIRECTION('ref_axis',(-1.,0.,0.));
#2041=DIRECTION('center_axis',(0.,0.,1.));
#2042=DIRECTION('ref_axis',(1.,0.,0.));
#2043=DIRECTION('center_axis',(0.,-1.,0.));
#2044=DIRECTION('ref_axis',(-1.,0.,0.));
#2045=DIRECTION('center_axis',(0.,0.,1.));
#2046=DIRECTION('ref_axis',(1.,0.,0.));
#2047=DIRECTION('center_axis',(0.,-1.,0.));
#2048=DIRECTION('ref_axis',(-1.,0.,0.));
#2049=DIRECTION('center_axis',(0.,0.,1.));
#2050=DIRECTION('ref_axis',(1.,0.,0.));
#2051=DIRECTION('center_axis',(0.,-1.,0.));
#2052=DIRECTION('ref_axis',(-1.,0.,0.));
#2053=DIRECTION('center_axis',(0.,0.,1.));
#2054=DIRECTION('ref_axis',(1.,0.,0.));
#2055=DIRECTION('center_axis',(0.,-1.,0.));
#2056=DIRECTION('ref_axis',(-1.,0.,0.));
#2057=DIRECTION('center_axis',(0.,0.,1.));
#2058=DIRECTION('ref_axis',(1.,0.,0.));
#2059=DIRECTION('center_axis',(0.,-1.,0.));
#2060=DIRECTION('ref_axis',(-1.,0.,0.));
#2061=DIRECTION('center_axis',(0.,0.,1.));
#2062=DIRECTION('ref_axis',(1.,0.,0.));
#2063=DIRECTION('center_axis',(0.,-1.,0.));
#2064=DIRECTION('ref_axis',(-1.,0.,0.));
#2065=DIRECTION('center_axis',(0.,0.,1.));
#2066=DIRECTION('ref_axis',(1.,0.,0.));
#2067=DIRECTION('center_axis',(0.,-1.,0.));
#2068=DIRECTION('ref_axis',(-1.,0.,0.));
#2069=DIRECTION('center_axis',(0.,0.,1.));
#2070=DIRECTION('ref_axis',(1.,0.,0.));
#2071=DIRECTION('center_axis',(0.,-1.,0.));
#2072=DIRECTION('ref_axis',(-1.,0.,0.));
#2073=DIRECTION('center_axis',(0.,0.,1.));
#2074=DIRECTION('ref_axis',(1.,0.,0.));
#2075=DIRECTION('center_axis',(0.,-1.,0.));
#2076=DIRECTION('ref_axis',(-1.,0.,0.));
#2077=DIRECTION('center_axis',(0.,0.,1.));
#2078=DIRECTION('ref_axis',(1.,0.,0.));
#2079=DIRECTION('center_axis',(0.,-1.,0.));
#2080=DIRECTION('ref_axis',(-1.,0.,0.));
#2081=DIRECTION('center_axis',(0.,0.,1.));
#2082=DIRECTION('ref_axis',(1.,0.,0.));
#2083=DIRECTION('center_axis',(0.,-1.,0.));
#2084=DIRECTION('ref_axis',(-1.,0.,0.));
#2085=DIRECTION('center_axis',(0.,0.,1.));
#2086=DIRECTION('ref_axis',(1.,0.,0.));
#2087=DIRECTION('center_axis',(0.,-1.,0.));
#2088=DIRECTION('ref_axis',(-1.,0.,0.));
#2089=DIRECTION('center_axis',(0.,0.,1.));
#2090=DIRECTION('ref_axis',(1.,0.,0.));
#2091=DIRECTION('center_axis',(0.,-1.,0.));
#2092=DIRECTION('ref_axis',(-1.,0.,0.));
#2093=DIRECTION('center_axis',(0.,0.,1.));
#2094=DIRECTION('ref_axis',(1.,0.,0.));
#2095=DIRECTION('center_axis',(0.,-1.,0.));
#2096=DIRECTION('ref_axis',(-1.,0.,0.));
#2097=DIRECTION('center_axis',(0.,0.,1.));
#2098=DIRECTION('ref_axis',(1.,0.,0.));
#2099=DIRECTION('center_axis',(0.,-1.,0.));
#2100=DIRECTION('ref_axis',(-1.,0.,0.));
#2101=DIRECTION('center_axis',(0.,0.,1.));
#2102=DIRECTION('ref_axis',(1.,0.,0.));
#2103=DIRECTION('center_axis',(0.,-1.,0.));
#2104=DIRECTION('ref_axis',(-1.,0.,0.));
#2105=DIRECTION('center_axis',(0.,0.,1.));
#2106=DIRECTION('ref_axis',(1.,0.,0.));
#2107=DIRECTION('center_axis',(0.,-1.,0.));
#2108=DIRECTION('ref_axis',(-1.,0.,0.));
#2109=DIRECTION('center_axis',(0.,0.,1.));
#2110=DIRECTION('ref_axis',(1.,0.,0.));
#2111=DIRECTION('center_axis',(0.,-1.,0.));
#2112=DIRECTION('ref_axis',(-1.,0.,0.));
#2113=DIRECTION('center_axis',(0.,0.,1.));
#2114=DIRECTION('ref_axis',(1.,0.,0.));
#2115=DIRECTION('center_axis',(0.,-1.,0.));
#2116=DIRECTION('ref_axis',(-1.,0.,0.));
#2117=DIRECTION('center_axis',(0.,0.,1.));
#2118=DIRECTION('ref_axis',(1.,0.,0.));
#2119=DIRECTION('center_axis',(0.,-1.,0.));
#2120=DIRECTION('ref_axis',(-1.,0.,0.));
#2121=DIRECTION('center_axis',(0.,0.,1.));
#2122=DIRECTION('ref_axis',(1.,0.,0.));
#2123=DIRECTION('center_axis',(0.,-1.,0.));
#2124=DIRECTION('ref_axis',(-1.,0.,0.));
#2125=DIRECTION('center_axis',(0.,0.,1.));
#2126=DIRECTION('ref_axis',(1.,0.,0.));
#2127=DIRECTION('center_axis',(0.,-1.,0.));
#2128=DIRECTION('ref_axis',(-1.,0.,0.));
#2129=DIRECTION('center_axis',(0.,0.,1.));
#2130=DIRECTION('ref_axis',(1.,0.,0.));
#2131=DIRECTION('center_axis',(0.,-1.,0.));
#2132=DIRECTION('ref_axis',(-1.,0.,0.));
#2133=DIRECTION('center_axis',(0.,0.,1.));
#2134=DIRECTION('ref_axis',(1.,0.,0.));
#2135=DIRECTION('center_axis',(0.,-1.,0.));
#2136=DIRECTION('ref_axis',(-1.,0.,0.));
#2137=DIRECTION('center_axis',(0.,0.,1.));
#2138=DIRECTION('ref_axis',(1.,0.,0.));
#2139=DIRECTION('center_axis',(0.,-1.,0.));
#2140=DIRECTION('ref_axis',(-1.,0.,0.));
#2141=DIRECTION('center_axis',(0.,0.,1.));
#2142=DIRECTION('ref_axis',(1.,0.,0.));
#2143=DIRECTION('center_axis',(0.,-1.,0.));
#2144=DIRECTION('ref_axis',(-1.,0.,0.));
#2145=DIRECTION('center_axis',(0.,0.,1.));
#2146=DIRECTION('ref_axis',(1.,0.,0.));
#2147=DIRECTION('center_axis',(0.,-1.,0.));
#2148=DIRECTION('ref_axis',(-1.,0.,0.));
#2149=DIRECTION('center_axis',(0.,0.,1.));
#2150=DIRECTION('ref_axis',(1.,0.,0.));
#2151=DIRECTION('center_axis',(0.,-1.,0.));
#2152=DIRECTION('ref_axis',(-1.,0.,0.));
#2153=DIRECTION('center_axis',(0.,0.,1.));
#2154=DIRECTION('ref_axis',(1.,0.,0.));
#2155=DIRECTION('center_axis',(0.,-1.,0.));
#2156=DIRECTION('ref_axis',(-1.,0.,0.));
#2157=DIRECTION('center_axis',(0.,0.,1.));
#2158=DIRECTION('ref_axis',(1.,0.,0.));
#2159=DIRECTION('center_axis',(0.,-1.,0.));
#2160=DIRECTION('ref_axis',(-1.,0.,0.));
#2161=DIRECTION('center_axis',(0.,0.,1.));
#2162=DIRECTION('ref_axis',(1.,0.,0.));
#2163=DIRECTION('center_axis',(0.,-1.,0.));
#2164=DIRECTION('ref_axis',(-1.,0.,0.));
#2165=DIRECTION('center_axis',(0.,0.,1.));
#2166=DIRECTION('ref_axis',(1.,0.,0.));
#2167=DIRECTION('center_axis',(0.,-1.,0.));
#2168=DIRECTION('ref_axis',(-1.,0.,0.));
#2169=DIRECTION('center_axis',(0.,0.,1.));
#2170=DIRECTION('ref_axis',(1.,0.,0.));
#2171=DIRECTION('center_axis',(0.,-1.,0.));
#2172=DIRECTION('ref_axis',(-1.,0.,0.));
#2173=DIRECTION('center_axis',(0.,0.,1.));
#2174=DIRECTION('ref_axis',(1.,0.,0.));
#2175=DIRECTION('center_axis',(0.,-1.,0.));
#2176=DIRECTION('ref_axis',(-1.,0.,0.));
#2177=DIRECTION('center_axis',(0.,0.,1.));
#2178=DIRECTION('ref_axis',(1.,0.,0.));
#2179=DIRECTION('center_axis',(0.,-1.,0.));
#2180=DIRECTION('ref_axis',(-1.,0.,0.));
#2181=DIRECTION('center_axis',(0.,0.,1.));
#2182=DIRECTION('ref_axis',(1.,0.,0.));
#2183=DIRECTION('center_axis',(0.,-1.,0.));
#2184=DIRECTION('ref_axis',(-1.,0.,0.));
#2185=DIRECTION('center_axis',(0.,0.,1.));
#2186=DIRECTION('ref_axis',(1.,0.,0.));
#2187=DIRECTION('center_axis',(0.,-1.,0.));
#2188=DIRECTION('ref_axis',(-1.,0.,0.));
#2189=DIRECTION('center_axis',(0.,0.,1.));
#2190=DIRECTION('ref_axis',(1.,0.,0.));
#2191=DIRECTION('center_axis',(0.,-1.,0.));
#2192=DIRECTION('ref_axis',(-1.,0.,0.));
#2193=DIRECTION('center_axis',(0.,0.,1.));
#2194=DIRECTION('ref_axis',(1.,0.,0.));
#2195=DIRECTION('center_axis',(0.,-1.,0.));
#2196=DIRECTION('ref_axis',(-1.,0.,0.));
#2197=DIRECTION('center_axis',(0.,0.,1.));
#2198=DIRECTION('ref_axis',(1.,0.,0.));
#2199=DIRECTION('center_axis',(0.,-1.,0.));
#2200=DIRECTION('ref_axis',(-1.,0.,0.));
#2201=DIRECTION('center_axis',(0.,0.,1.));
#2202=DIRECTION('ref_axis',(1.,0.,0.));
#2203=DIRECTION('center_axis',(0.,-1.,0.));
#2204=DIRECTION('ref_axis',(-1.,0.,0.));
#2205=DIRECTION('center_axis',(0.,0.,1.));
#2206=DIRECTION('ref_axis',(1.,0.,0.));
#2207=DIRECTION('center_axis',(0.,-1.,0.));
#2208=DIRECTION('ref_axis',(-1.,0.,0.));
#2209=DIRECTION('center_axis',(0.,0.,1.));
#2210=DIRECTION('ref_axis',(1.,0.,0.));
#2211=DIRECTION('center_axis',(0.,-1.,0.));
#2212=DIRECTION('ref_axis',(-1.,0.,0.));
#2213=DIRECTION('center_axis',(0.,0.,1.));
#2214=DIRECTION('ref_axis',(1.,0.,0.));
#2215=DIRECTION('center_axis',(0.,-1.,0.));
#2216=DIRECTION('ref_axis',(-1.,0.,0.));
#2217=DIRECTION('center_axis',(0.,0.,1.));
#2218=DIRECTION('ref_axis',(1.,0.,0.));
#2219=DIRECTION('center_axis',(0.,-1.,0.));
#2220=DIRECTION('ref_axis',(-1.,0.,0.));
#2221=DIRECTION('center_axis',(0.,0.,1.));
#2222=DIRECTION('ref_axis',(1.,0.,0.));
#2223=DIRECTION('center_axis',(0.,-1.,0.));
#2224=DIRECTION('ref_axis',(-1.,0.,0.));
#2225=DIRECTION('center_axis',(0.,0.,1.));
#2226=DIRECTION('ref_axis',(1.,0.,0.));
#2227=DIRECTION('center_axis',(0.,-1.,0.));
#2228=DIRECTION('ref_axis',(-1.,0.,0.));
#2229=DIRECTION('center_axis',(0.,0.,1.));
#2230=DIRECTION('ref_axis',(1.,0.,0.));
#2231=DIRECTION('center_axis',(0.,-1.,0.));
#2232=DIRECTION('ref_axis',(-1.,0.,0.));
#2233=DIRECTION('center_axis',(0.,0.,1.));
#2234=DIRECTION('ref_axis',(1.,0.,0.));
#2235=DIRECTION('center_axis',(0.,-1.,0.));
#2236=DIRECTION('ref_axis',(-1.,0.,0.));
#2237=DIRECTION('center_axis',(0.,0.,1.));
#2238=DIRECTION('ref_axis',(1.,0.,0.));
#2239=DIRECTION('center_axis',(0.,-1.,0.));
#2240=DIRECTION('ref_axis',(-1.,0.,0.));
#2241=DIRECTION('center_axis',(0.,0.,1.));
#2242=DIRECTION('ref_axis',(1.,0.,0.));
#2243=DIRECTION('center_axis',(0.,-1.,0.));
#2244=DIRECTION('ref_axis',(-1.,0.,0.));
#2245=DIRECTION('center_axis',(0.,0.,1.));
#2246=DIRECTION('ref_axis',(1.,0.,0.));
#2247=DIRECTION('center_axis',(0.,-1.,0.));
#2248=DIRECTION('ref_axis',(-1.,0.,0.));
#2249=DIRECTION('center_axis',(0.,0.,1.));
#2250=DIRECTION('ref_axis',(1.,0.,0.));
#2251=DIRECTION('center_axis',(0.,-1.,0.));
#2252=DIRECTION('ref_axis',(-1.,0.,0.));
#2253=DIRECTION('center_axis',(0.,0.,1.));
#2254=DIRECTION('ref_axis',(1.,0.,0.));
#2255=DIRECTION('center_axis',(0.,-1.,0.));
#2256=DIRECTION('ref_axis',(-1.,0.,0.));
#2257=DIRECTION('center_axis',(0.,0.,1.));
#2258=DIRECTION('ref_axis',(1.,0.,0.));
#2259=DIRECTION('center_axis',(0.,-1.,0.));
#2260=DIRECTION('ref_axis',(-1.,0.,0.));
#2261=DIRECTION('center_axis',(0.,0.,1.));
#2262=DIRECTION('ref_axis',(1.,0.,0.));
#2263=DIRECTION('center_axis',(0.,-1.,0.));
#2264=DIRECTION('ref_axis',(-1.,0.,0.));
#2265=DIRECTION('center_axis',(0.,0.,1.));
#2266=DIRECTION('ref_axis',(1.,0.,0.));
#2267=DIRECTION('center_axis',(0.,-1.,0.));
#2268=DIRECTION('ref_axis',(-1.,0.,0.));
#2269=DIRECTION('center_axis',(0.,0.,1.));
#2270=DIRECTION('ref_axis',(1.,0.,0.));
#2271=DIRECTION('center_axis',(0.,-1.,0.));
#2272=DIRECTION('ref_axis',(-1.,0.,0.));
#2273=DIRECTION('center_axis',(0.,0.,1.));
#2274=DIRECTION('ref_axis',(1.,0.,0.));
#2275=DIRECTION('center_axis',(0.,-1.,0.));
#2276=DIRECTION('ref_axis',(-1.,0.,0.));
#2277=DIRECTION('center_axis',(0.,0.,1.));
#2278=DIRECTION('ref_axis',(1.,0.,0.));
#2279=DIRECTION('center_axis',(0.,-1.,0.));
#2280=DIRECTION('ref_axis',(-1.,0.,0.));
#2281=DIRECTION('center_axis',(0.,0.,1.));
#2282=DIRECTION('ref_axis',(1.,0.,0.));
#2283=DIRECTION('center_axis',(0.,-1.,0.));
#2284=DIRECTION('ref_axis',(-1.,0.,0.));
#2285=DIRECTION('center_axis',(0.,0.,1.));
#2286=DIRECTION('ref_axis',(1.,0.,0.));
#2287=DIRECTION('center_axis',(0.,-1.,0.));
#2288=DIRECTION('ref_axis',(-1.,0.,0.));
#2289=DIRECTION('center_axis',(0.,0.,1.));
#2290=DIRECTION('ref_axis',(1.,0.,0.));
#2291=DIRECTION('center_axis',(0.,-1.,0.));
#2292=DIRECTION('ref_axis',(-1.,0.,0.));
#2293=DIRECTION('center_axis',(0.,0.,1.));
#2294=DIRECTION('ref_axis',(1.,0.,0.));
#2295=DIRECTION('center_axis',(0.,-1.,0.));
#2296=DIRECTION('ref_axis',(-1.,0.,0.));
#2297=DIRECTION('center_axis',(0.,0.,1.));
#2298=DIRECTION('ref_axis',(1.,0.,0.));
#2299=DIRECTION('center_axis',(0.,-1.,0.));
#2300=DIRECTION('ref_axis',(-1.,0.,0.));
#2301=DIRECTION('center_axis',(0.,0.,1.));
#2302=DIRECTION('ref_axis',(1.,0.,0.));
#2303=DIRECTION('center_axis',(0.,-1.,0.));
#2304=DIRECTION('ref_axis',(-1.,0.,0.));
#2305=DIRECTION('center_axis',(0.,0.,1.));
#2306=DIRECTION('ref_axis',(1.,0.,0.));
#2307=DIRECTION('center_axis',(0.,-1.,0.));
#2308=DIRECTION('ref_axis',(-1.,0.,0.));
#2309=DIRECTION('center_axis',(0.,0.,1.));
#2310=DIRECTION('ref_axis',(1.,0.,0.));
#2311=DIRECTION('center_axis',(0.,-1.,0.));
#2312=DIRECTION('ref_axis',(-1.,0.,0.));
#2313=DIRECTION('center_axis',(0.,0.,1.));
#2314=DIRECTION('ref_axis',(1.,0.,0.));
#2315=DIRECTION('center_axis',(0.,-1.,0.));
#2316=DIRECTION('ref_axis',(-1.,0.,0.));
#2317=DIRECTION('center_axis',(0.,0.,1.));
#2318=DIRECTION('ref_axis',(1.,0.,0.));
#2319=DIRECTION('center_axis',(0.,-1.,0.));
#2320=DIRECTION('ref_axis',(-1.,0.,0.));
#2321=DIRECTION('center_axis',(0.,0.,1.));
#2322=DIRECTION('ref_axis',(1.,0.,0.));
#2323=DIRECTION('center_axis',(0.,-1.,0.));
#2324=DIRECTION('ref_axis',(-1.,0.,0.));
#2325=DIRECTION('center_axis',(0.,0.,1.));
#2326=DIRECTION('ref_axis',(1.,0.,0.));
#2327=DIRECTION('center_axis',(0.,-1.,0.));
#2328=DIRECTION('ref_axis',(-1.,0.,0.));
#2329=DIRECTION('center_axis',(0.,0.,1.));
#2330=DIRECTION('ref_axis',(1.,0.,0.));
#2331=DIRECTION('center_axis',(0.,-1.,0.));
#2332=DIRECTION('ref_axis',(-1.,0.,0.));
#2333=DIRECTION('center_axis',(0.,0.,1.));
#2334=DIRECTION('ref_axis',(1.,0.,0.));
#2335=DIRECTION('center_axis',(0.,-1.,0.));
#2336=DIRECTION('ref_axis',(-1.,0.,0.));
#2337=DIRECTION('center_axis',(0.,0.,1.));
#2338=DIRECTION('ref_axis',(1.,0.,0.));
#2339=DIRECTION('center_axis',(0.,-1.,0.));
#2340=DIRECTION('ref_axis',(-1.,0.,0.));
#2341=DIRECTION('center_axis',(0.,0.,1.));
#2342=DIRECTION('ref_axis',(1.,0.,0.));
#2343=DIRECTION('center_axis',(0.,-1.,0.));
#2344=DIRECTION('ref_axis',(-1.,0.,0.));
#2345=DIRECTION('center_axis',(0.,0.,1.));
#2346=DIRECTION('ref_axis',(1.,0.,0.));
#2347=DIRECTION('center_axis',(0.,-1.,0.));
#2348=DIRECTION('ref_axis',(-1.,0.,0.));
#2349=DIRECTION('center_axis',(0.,0.,1.));
#2350=DIRECTION('ref_axis',(1.,0.,0.));
#2351=DIRECTION('center_axis',(0.,-1.,0.));
#2352=DIRECTION('ref_axis',(-1.,0.,0.));
#2353=CARTESIAN_POINT('',(0.,0.,0.));
#2354=CARTESIAN_POINT('Origin',(-0.0685000000000002,-0.0750000000000006,
0.));
#2355=CARTESIAN_POINT('',(3.543,-3.6,0.));
#2356=CARTESIAN_POINT('',(-3.68,-3.6,0.));
#2357=CARTESIAN_POINT('',(3.543,-3.6,0.));
#2358=CARTESIAN_POINT('',(-3.68,3.45,0.));
#2359=CARTESIAN_POINT('',(-3.68,-3.6,0.));
#2360=CARTESIAN_POINT('',(3.543,3.45,0.));
#2361=CARTESIAN_POINT('',(-3.68,3.45,0.));
#2362=CARTESIAN_POINT('',(3.543,3.45,0.));
#2363=CARTESIAN_POINT('',(2.075,2.85,0.));
#2364=CARTESIAN_POINT('Origin',(2.2,2.85,0.));
#2365=CARTESIAN_POINT('',(0.775,2.85,0.));
#2366=CARTESIAN_POINT('Origin',(0.9,2.85,0.));
#2367=CARTESIAN_POINT('',(-0.525,2.85,0.));
#2368=CARTESIAN_POINT('Origin',(-0.4,2.85,0.));
#2369=CARTESIAN_POINT('',(-1.825,2.85,0.));
#2370=CARTESIAN_POINT('Origin',(-1.7,2.85,0.));
#2371=CARTESIAN_POINT('',(-3.125,2.85,0.));
#2372=CARTESIAN_POINT('Origin',(-3.,2.85,0.));
#2373=CARTESIAN_POINT('',(2.075,2.2,0.));
#2374=CARTESIAN_POINT('Origin',(2.2,2.2,0.));
#2375=CARTESIAN_POINT('',(0.775,2.2,0.));
#2376=CARTESIAN_POINT('Origin',(0.9,2.2,0.));
#2377=CARTESIAN_POINT('',(-0.525,2.2,0.));
#2378=CARTESIAN_POINT('Origin',(-0.4,2.2,0.));
#2379=CARTESIAN_POINT('',(-1.825,2.2,0.));
#2380=CARTESIAN_POINT('Origin',(-1.7,2.2,0.));
#2381=CARTESIAN_POINT('',(-3.125,2.2,0.));
#2382=CARTESIAN_POINT('Origin',(-3.,2.2,0.));
#2383=CARTESIAN_POINT('',(2.075,1.55,0.));
#2384=CARTESIAN_POINT('Origin',(2.2,1.55,0.));
#2385=CARTESIAN_POINT('',(0.775,1.55,0.));
#2386=CARTESIAN_POINT('Origin',(0.9,1.55,0.));
#2387=CARTESIAN_POINT('',(-0.525,1.55,0.));
#2388=CARTESIAN_POINT('Origin',(-0.4,1.55,0.));
#2389=CARTESIAN_POINT('',(-1.825,1.55,0.));
#2390=CARTESIAN_POINT('Origin',(-1.7,1.55,0.));
#2391=CARTESIAN_POINT('',(-3.125,1.55,0.));
#2392=CARTESIAN_POINT('Origin',(-3.,1.55,0.));
#2393=CARTESIAN_POINT('',(2.075,0.9,0.));
#2394=CARTESIAN_POINT('Origin',(2.2,0.9,0.));
#2395=CARTESIAN_POINT('',(-1.825,0.9,0.));
#2396=CARTESIAN_POINT('Origin',(-1.7,0.9,0.));
#2397=CARTESIAN_POINT('',(-3.125,0.9,0.));
#2398=CARTESIAN_POINT('Origin',(-3.,0.9,0.));
#2399=CARTESIAN_POINT('',(2.075,0.25,0.));
#2400=CARTESIAN_POINT('Origin',(2.2,0.25,0.));
#2401=CARTESIAN_POINT('',(-1.825,0.25,0.));
#2402=CARTESIAN_POINT('Origin',(-1.7,0.25,0.));
#2403=CARTESIAN_POINT('',(-3.125,0.25,0.));
#2404=CARTESIAN_POINT('Origin',(-3.,0.25,0.));
#2405=CARTESIAN_POINT('',(2.075,-0.4,0.));
#2406=CARTESIAN_POINT('Origin',(2.2,-0.4,0.));
#2407=CARTESIAN_POINT('',(-1.825,-0.4,0.));
#2408=CARTESIAN_POINT('Origin',(-1.7,-0.4,0.));
#2409=CARTESIAN_POINT('',(-3.125,-0.4,0.));
#2410=CARTESIAN_POINT('Origin',(-3.,-0.4,0.));
#2411=CARTESIAN_POINT('',(2.075,-1.05,0.));
#2412=CARTESIAN_POINT('Origin',(2.2,-1.05,0.));
#2413=CARTESIAN_POINT('',(0.775,-1.05,0.));
#2414=CARTESIAN_POINT('Origin',(0.9,-1.05,0.));
#2415=CARTESIAN_POINT('',(-0.525,-1.05,0.));
#2416=CARTESIAN_POINT('Origin',(-0.4,-1.05,0.));
#2417=CARTESIAN_POINT('',(-1.825,-1.05,0.));
#2418=CARTESIAN_POINT('Origin',(-1.7,-1.05,0.));
#2419=CARTESIAN_POINT('',(-3.125,-1.05,0.));
#2420=CARTESIAN_POINT('Origin',(-3.,-1.05,0.));
#2421=CARTESIAN_POINT('',(2.075,-1.7,0.));
#2422=CARTESIAN_POINT('Origin',(2.2,-1.7,0.));
#2423=CARTESIAN_POINT('',(0.775,-1.7,0.));
#2424=CARTESIAN_POINT('Origin',(0.9,-1.7,0.));
#2425=CARTESIAN_POINT('',(-0.525,-1.7,0.));
#2426=CARTESIAN_POINT('Origin',(-0.4,-1.7,0.));
#2427=CARTESIAN_POINT('',(-1.825,-1.7,0.));
#2428=CARTESIAN_POINT('Origin',(-1.7,-1.7,0.));
#2429=CARTESIAN_POINT('',(-3.125,-1.7,0.));
#2430=CARTESIAN_POINT('Origin',(-3.,-1.7,0.));
#2431=CARTESIAN_POINT('',(2.075,-2.35,0.));
#2432=CARTESIAN_POINT('Origin',(2.2,-2.35,0.));
#2433=CARTESIAN_POINT('',(0.775,-2.35,0.));
#2434=CARTESIAN_POINT('Origin',(0.9,-2.35,0.));
#2435=CARTESIAN_POINT('',(-0.525,-2.35,0.));
#2436=CARTESIAN_POINT('Origin',(-0.4,-2.35,0.));
#2437=CARTESIAN_POINT('',(-1.825,-2.35,0.));
#2438=CARTESIAN_POINT('Origin',(-1.7,-2.35,0.));
#2439=CARTESIAN_POINT('',(-3.125,-2.35,0.));
#2440=CARTESIAN_POINT('Origin',(-3.,-2.35,0.));
#2441=CARTESIAN_POINT('',(2.075,-3.,0.));
#2442=CARTESIAN_POINT('Origin',(2.2,-3.,0.));
#2443=CARTESIAN_POINT('',(0.775,-3.,0.));
#2444=CARTESIAN_POINT('Origin',(0.9,-3.,0.));
#2445=CARTESIAN_POINT('',(-0.525,-3.,0.));
#2446=CARTESIAN_POINT('Origin',(-0.4,-3.,0.));
#2447=CARTESIAN_POINT('',(-1.825,-3.,0.));
#2448=CARTESIAN_POINT('Origin',(-1.7,-3.,0.));
#2449=CARTESIAN_POINT('',(-3.125,-3.,0.));
#2450=CARTESIAN_POINT('Origin',(-3.,-3.,0.));
#2451=CARTESIAN_POINT('',(-2.475,-3.,0.));
#2452=CARTESIAN_POINT('Origin',(-2.35,-3.,0.));
#2453=CARTESIAN_POINT('',(-1.175,-3.,0.));
#2454=CARTESIAN_POINT('Origin',(-1.05,-3.,0.));
#2455=CARTESIAN_POINT('',(0.125,-3.,0.));
#2456=CARTESIAN_POINT('Origin',(0.25,-3.,0.));
#2457=CARTESIAN_POINT('',(1.425,-3.,0.));
#2458=CARTESIAN_POINT('Origin',(1.55,-3.,0.));
#2459=CARTESIAN_POINT('',(2.725,-3.,0.));
#2460=CARTESIAN_POINT('Origin',(2.85,-3.,0.));
#2461=CARTESIAN_POINT('',(-2.475,-2.35,0.));
#2462=CARTESIAN_POINT('Origin',(-2.35,-2.35,0.));
#2463=CARTESIAN_POINT('',(-1.175,-2.35,0.));
#2464=CARTESIAN_POINT('Origin',(-1.05,-2.35,0.));
#2465=CARTESIAN_POINT('',(0.125,-2.35,0.));
#2466=CARTESIAN_POINT('Origin',(0.25,-2.35,0.));
#2467=CARTESIAN_POINT('',(1.425,-2.35,0.));
#2468=CARTESIAN_POINT('Origin',(1.55,-2.35,0.));
#2469=CARTESIAN_POINT('',(2.725,-2.35,0.));
#2470=CARTESIAN_POINT('Origin',(2.85,-2.35,0.));
#2471=CARTESIAN_POINT('',(-2.475,-1.7,0.));
#2472=CARTESIAN_POINT('Origin',(-2.35,-1.7,0.));
#2473=CARTESIAN_POINT('',(-1.175,-1.7,0.));
#2474=CARTESIAN_POINT('Origin',(-1.05,-1.7,0.));
#2475=CARTESIAN_POINT('',(0.125,-1.7,0.));
#2476=CARTESIAN_POINT('Origin',(0.25,-1.7,0.));
#2477=CARTESIAN_POINT('',(1.425,-1.7,0.));
#2478=CARTESIAN_POINT('Origin',(1.55,-1.7,0.));
#2479=CARTESIAN_POINT('',(2.725,-1.7,0.));
#2480=CARTESIAN_POINT('Origin',(2.85,-1.7,0.));
#2481=CARTESIAN_POINT('',(-2.475,-1.05,0.));
#2482=CARTESIAN_POINT('Origin',(-2.35,-1.05,0.));
#2483=CARTESIAN_POINT('',(-1.175,-1.05,0.));
#2484=CARTESIAN_POINT('Origin',(-1.05,-1.05,0.));
#2485=CARTESIAN_POINT('',(0.125,-1.05,0.));
#2486=CARTESIAN_POINT('Origin',(0.25,-1.05,0.));
#2487=CARTESIAN_POINT('',(1.425,-1.05,0.));
#2488=CARTESIAN_POINT('Origin',(1.55,-1.05,0.));
#2489=CARTESIAN_POINT('',(2.725,-1.05,0.));
#2490=CARTESIAN_POINT('Origin',(2.85,-1.05,0.));
#2491=CARTESIAN_POINT('',(-2.475,-0.4,0.));
#2492=CARTESIAN_POINT('Origin',(-2.35,-0.4,0.));
#2493=CARTESIAN_POINT('',(1.425,-0.4,0.));
#2494=CARTESIAN_POINT('Origin',(1.55,-0.4,0.));
#2495=CARTESIAN_POINT('',(2.725,-0.4,0.));
#2496=CARTESIAN_POINT('Origin',(2.85,-0.4,0.));
#2497=CARTESIAN_POINT('',(-2.475,0.25,0.));
#2498=CARTESIAN_POINT('Origin',(-2.35,0.25,0.));
#2499=CARTESIAN_POINT('',(1.425,0.25,0.));
#2500=CARTESIAN_POINT('Origin',(1.55,0.25,0.));
#2501=CARTESIAN_POINT('',(2.725,0.25,0.));
#2502=CARTESIAN_POINT('Origin',(2.85,0.25,0.));
#2503=CARTESIAN_POINT('',(-2.475,0.9,0.));
#2504=CARTESIAN_POINT('Origin',(-2.35,0.9,0.));
#2505=CARTESIAN_POINT('',(1.425,0.9,0.));
#2506=CARTESIAN_POINT('Origin',(1.55,0.9,0.));
#2507=CARTESIAN_POINT('',(2.725,0.9,0.));
#2508=CARTESIAN_POINT('Origin',(2.85,0.9,0.));
#2509=CARTESIAN_POINT('',(-2.475,1.55,0.));
#2510=CARTESIAN_POINT('Origin',(-2.35,1.55,0.));
#2511=CARTESIAN_POINT('',(-1.175,1.55,0.));
#2512=CARTESIAN_POINT('Origin',(-1.05,1.55,0.));
#2513=CARTESIAN_POINT('',(0.125,1.55,0.));
#2514=CARTESIAN_POINT('Origin',(0.25,1.55,0.));
#2515=CARTESIAN_POINT('',(1.425,1.55,0.));
#2516=CARTESIAN_POINT('Origin',(1.55,1.55,0.));
#2517=CARTESIAN_POINT('',(2.725,1.55,0.));
#2518=CARTESIAN_POINT('Origin',(2.85,1.55,0.));
#2519=CARTESIAN_POINT('',(-2.475,2.2,0.));
#2520=CARTESIAN_POINT('Origin',(-2.35,2.2,0.));
#2521=CARTESIAN_POINT('',(-1.175,2.2,0.));
#2522=CARTESIAN_POINT('Origin',(-1.05,2.2,0.));
#2523=CARTESIAN_POINT('',(0.125,2.2,0.));
#2524=CARTESIAN_POINT('Origin',(0.25,2.2,0.));
#2525=CARTESIAN_POINT('',(1.425,2.2,0.));
#2526=CARTESIAN_POINT('Origin',(1.55,2.2,0.));
#2527=CARTESIAN_POINT('',(2.725,2.2,0.));
#2528=CARTESIAN_POINT('Origin',(2.85,2.2,0.));
#2529=CARTESIAN_POINT('',(-2.475,2.85,0.));
#2530=CARTESIAN_POINT('Origin',(-2.35,2.85,0.));
#2531=CARTESIAN_POINT('',(-1.175,2.85,0.));
#2532=CARTESIAN_POINT('Origin',(-1.05,2.85,0.));
#2533=CARTESIAN_POINT('',(0.125,2.85,0.));
#2534=CARTESIAN_POINT('Origin',(0.25,2.85,0.));
#2535=CARTESIAN_POINT('',(1.425,2.85,0.));
#2536=CARTESIAN_POINT('Origin',(1.55,2.85,0.));
#2537=CARTESIAN_POINT('',(2.725,2.85,0.));
#2538=CARTESIAN_POINT('Origin',(2.85,2.85,0.));
#2539=CARTESIAN_POINT('Origin',(-3.68,3.45,0.));
#2540=CARTESIAN_POINT('',(-3.68,-3.6,0.77));
#2541=CARTESIAN_POINT('',(-3.68,-3.6,0.));
#2542=CARTESIAN_POINT('',(-3.68,3.45,0.77));
#2543=CARTESIAN_POINT('',(-3.68,-3.6,0.77));
#2544=CARTESIAN_POINT('',(-3.68,3.45,0.));
#2545=CARTESIAN_POINT('Origin',(3.543,3.45,0.));
#2546=CARTESIAN_POINT('',(3.543,3.45,0.77));
#2547=CARTESIAN_POINT('',(-3.68,3.45,0.77));
#2548=CARTESIAN_POINT('',(3.543,3.45,0.));
#2549=CARTESIAN_POINT('Origin',(3.543,-3.6,0.));
#2550=CARTESIAN_POINT('',(3.543,-3.6,0.77));
#2551=CARTESIAN_POINT('',(3.543,3.45,0.77));
#2552=CARTESIAN_POINT('',(3.543,-3.6,0.));
#2553=CARTESIAN_POINT('Origin',(-3.68,-3.6,0.));
#2554=CARTESIAN_POINT('',(3.543,-3.6,0.77));
#2555=CARTESIAN_POINT('Origin',(-0.0685000000000002,-0.0750000000000006,
0.77));
#2556=CARTESIAN_POINT('Origin',(2.85,2.85,0.));
#2557=CARTESIAN_POINT('',(2.85,2.85,-0.125));
#2558=CARTESIAN_POINT('Origin',(2.85,2.85,0.));
#2559=CARTESIAN_POINT('Origin',(1.55,2.85,0.));
#2560=CARTESIAN_POINT('',(1.55,2.85,-0.125));
#2561=CARTESIAN_POINT('Origin',(1.55,2.85,0.));
#2562=CARTESIAN_POINT('Origin',(0.25,2.85,0.));
#2563=CARTESIAN_POINT('',(0.25,2.85,-0.125));
#2564=CARTESIAN_POINT('Origin',(0.25,2.85,0.));
#2565=CARTESIAN_POINT('Origin',(-1.05,2.85,0.));
#2566=CARTESIAN_POINT('',(-1.05,2.85,-0.125));
#2567=CARTESIAN_POINT('Origin',(-1.05,2.85,0.));
#2568=CARTESIAN_POINT('Origin',(-2.35,2.85,0.));
#2569=CARTESIAN_POINT('',(-2.35,2.85,-0.125));
#2570=CARTESIAN_POINT('Origin',(-2.35,2.85,0.));
#2571=CARTESIAN_POINT('Origin',(2.85,2.2,0.));
#2572=CARTESIAN_POINT('',(2.85,2.2,-0.125));
#2573=CARTESIAN_POINT('Origin',(2.85,2.2,0.));
#2574=CARTESIAN_POINT('Origin',(1.55,2.2,0.));
#2575=CARTESIAN_POINT('',(1.55,2.2,-0.125));
#2576=CARTESIAN_POINT('Origin',(1.55,2.2,0.));
#2577=CARTESIAN_POINT('Origin',(0.25,2.2,0.));
#2578=CARTESIAN_POINT('',(0.25,2.2,-0.125));
#2579=CARTESIAN_POINT('Origin',(0.25,2.2,0.));
#2580=CARTESIAN_POINT('Origin',(-1.05,2.2,0.));
#2581=CARTESIAN_POINT('',(-1.05,2.2,-0.125));
#2582=CARTESIAN_POINT('Origin',(-1.05,2.2,0.));
#2583=CARTESIAN_POINT('Origin',(-2.35,2.2,0.));
#2584=CARTESIAN_POINT('',(-2.35,2.2,-0.125));
#2585=CARTESIAN_POINT('Origin',(-2.35,2.2,0.));
#2586=CARTESIAN_POINT('Origin',(2.85,1.55,0.));
#2587=CARTESIAN_POINT('',(2.85,1.55,-0.125));
#2588=CARTESIAN_POINT('Origin',(2.85,1.55,0.));
#2589=CARTESIAN_POINT('Origin',(1.55,1.55,0.));
#2590=CARTESIAN_POINT('',(1.55,1.55,-0.125));
#2591=CARTESIAN_POINT('Origin',(1.55,1.55,0.));
#2592=CARTESIAN_POINT('Origin',(0.25,1.55,0.));
#2593=CARTESIAN_POINT('',(0.25,1.55,-0.125));
#2594=CARTESIAN_POINT('Origin',(0.25,1.55,0.));
#2595=CARTESIAN_POINT('Origin',(-1.05,1.55,0.));
#2596=CARTESIAN_POINT('',(-1.05,1.55,-0.125));
#2597=CARTESIAN_POINT('Origin',(-1.05,1.55,0.));
#2598=CARTESIAN_POINT('Origin',(-2.35,1.55,0.));
#2599=CARTESIAN_POINT('',(-2.35,1.55,-0.125));
#2600=CARTESIAN_POINT('Origin',(-2.35,1.55,0.));
#2601=CARTESIAN_POINT('Origin',(2.85,0.9,0.));
#2602=CARTESIAN_POINT('',(2.85,0.9,-0.125));
#2603=CARTESIAN_POINT('Origin',(2.85,0.9,0.));
#2604=CARTESIAN_POINT('Origin',(1.55,0.9,0.));
#2605=CARTESIAN_POINT('',(1.55,0.9,-0.125));
#2606=CARTESIAN_POINT('Origin',(1.55,0.9,0.));
#2607=CARTESIAN_POINT('Origin',(-2.35,0.9,0.));
#2608=CARTESIAN_POINT('',(-2.35,0.9,-0.125));
#2609=CARTESIAN_POINT('Origin',(-2.35,0.9,0.));
#2610=CARTESIAN_POINT('Origin',(2.85,0.25,0.));
#2611=CARTESIAN_POINT('',(2.85,0.25,-0.125));
#2612=CARTESIAN_POINT('Origin',(2.85,0.25,0.));
#2613=CARTESIAN_POINT('Origin',(1.55,0.25,0.));
#2614=CARTESIAN_POINT('',(1.55,0.25,-0.125));
#2615=CARTESIAN_POINT('Origin',(1.55,0.25,0.));
#2616=CARTESIAN_POINT('Origin',(-2.35,0.25,0.));
#2617=CARTESIAN_POINT('',(-2.35,0.25,-0.125));
#2618=CARTESIAN_POINT('Origin',(-2.35,0.25,0.));
#2619=CARTESIAN_POINT('Origin',(2.85,-0.4,0.));
#2620=CARTESIAN_POINT('',(2.85,-0.4,-0.125));
#2621=CARTESIAN_POINT('Origin',(2.85,-0.4,0.));
#2622=CARTESIAN_POINT('Origin',(1.55,-0.4,0.));
#2623=CARTESIAN_POINT('',(1.55,-0.4,-0.125));
#2624=CARTESIAN_POINT('Origin',(1.55,-0.4,0.));
#2625=CARTESIAN_POINT('Origin',(-2.35,-0.4,0.));
#2626=CARTESIAN_POINT('',(-2.35,-0.4,-0.125));
#2627=CARTESIAN_POINT('Origin',(-2.35,-0.4,0.));
#2628=CARTESIAN_POINT('Origin',(2.85,-1.05,0.));
#2629=CARTESIAN_POINT('',(2.85,-1.05,-0.125));
#2630=CARTESIAN_POINT('Origin',(2.85,-1.05,0.));
#2631=CARTESIAN_POINT('Origin',(1.55,-1.05,0.));
#2632=CARTESIAN_POINT('',(1.55,-1.05,-0.125));
#2633=CARTESIAN_POINT('Origin',(1.55,-1.05,0.));
#2634=CARTESIAN_POINT('Origin',(0.25,-1.05,0.));
#2635=CARTESIAN_POINT('',(0.25,-1.05,-0.125));
#2636=CARTESIAN_POINT('Origin',(0.25,-1.05,0.));
#2637=CARTESIAN_POINT('Origin',(-1.05,-1.05,0.));
#2638=CARTESIAN_POINT('',(-1.05,-1.05,-0.125));
#2639=CARTESIAN_POINT('Origin',(-1.05,-1.05,0.));
#2640=CARTESIAN_POINT('Origin',(-2.35,-1.05,0.));
#2641=CARTESIAN_POINT('',(-2.35,-1.05,-0.125));
#2642=CARTESIAN_POINT('Origin',(-2.35,-1.05,0.));
#2643=CARTESIAN_POINT('Origin',(2.85,-1.7,0.));
#2644=CARTESIAN_POINT('',(2.85,-1.7,-0.125));
#2645=CARTESIAN_POINT('Origin',(2.85,-1.7,0.));
#2646=CARTESIAN_POINT('Origin',(1.55,-1.7,0.));
#2647=CARTESIAN_POINT('',(1.55,-1.7,-0.125));
#2648=CARTESIAN_POINT('Origin',(1.55,-1.7,0.));
#2649=CARTESIAN_POINT('Origin',(0.25,-1.7,0.));
#2650=CARTESIAN_POINT('',(0.25,-1.7,-0.125));
#2651=CARTESIAN_POINT('Origin',(0.25,-1.7,0.));
#2652=CARTESIAN_POINT('Origin',(-1.05,-1.7,0.));
#2653=CARTESIAN_POINT('',(-1.05,-1.7,-0.125));
#2654=CARTESIAN_POINT('Origin',(-1.05,-1.7,0.));
#2655=CARTESIAN_POINT('Origin',(-2.35,-1.7,0.));
#2656=CARTESIAN_POINT('',(-2.35,-1.7,-0.125));
#2657=CARTESIAN_POINT('Origin',(-2.35,-1.7,0.));
#2658=CARTESIAN_POINT('Origin',(2.85,-2.35,0.));
#2659=CARTESIAN_POINT('',(2.85,-2.35,-0.125));
#2660=CARTESIAN_POINT('Origin',(2.85,-2.35,0.));
#2661=CARTESIAN_POINT('Origin',(1.55,-2.35,0.));
#2662=CARTESIAN_POINT('',(1.55,-2.35,-0.125));
#2663=CARTESIAN_POINT('Origin',(1.55,-2.35,0.));
#2664=CARTESIAN_POINT('Origin',(0.25,-2.35,0.));
#2665=CARTESIAN_POINT('',(0.25,-2.35,-0.125));
#2666=CARTESIAN_POINT('Origin',(0.25,-2.35,0.));
#2667=CARTESIAN_POINT('Origin',(-1.05,-2.35,0.));
#2668=CARTESIAN_POINT('',(-1.05,-2.35,-0.125));
#2669=CARTESIAN_POINT('Origin',(-1.05,-2.35,0.));
#2670=CARTESIAN_POINT('Origin',(-2.35,-2.35,0.));
#2671=CARTESIAN_POINT('',(-2.35,-2.35,-0.125));
#2672=CARTESIAN_POINT('Origin',(-2.35,-2.35,0.));
#2673=CARTESIAN_POINT('Origin',(2.85,-3.,0.));
#2674=CARTESIAN_POINT('',(2.85,-3.,-0.125));
#2675=CARTESIAN_POINT('Origin',(2.85,-3.,0.));
#2676=CARTESIAN_POINT('Origin',(1.55,-3.,0.));
#2677=CARTESIAN_POINT('',(1.55,-3.,-0.125));
#2678=CARTESIAN_POINT('Origin',(1.55,-3.,0.));
#2679=CARTESIAN_POINT('Origin',(0.25,-3.,0.));
#2680=CARTESIAN_POINT('',(0.25,-3.,-0.125));
#2681=CARTESIAN_POINT('Origin',(0.25,-3.,0.));
#2682=CARTESIAN_POINT('Origin',(-1.05,-3.,0.));
#2683=CARTESIAN_POINT('',(-1.05,-3.,-0.125));
#2684=CARTESIAN_POINT('Origin',(-1.05,-3.,0.));
#2685=CARTESIAN_POINT('Origin',(-2.35,-3.,0.));
#2686=CARTESIAN_POINT('',(-2.35,-3.,-0.125));
#2687=CARTESIAN_POINT('Origin',(-2.35,-3.,0.));
#2688=CARTESIAN_POINT('Origin',(-3.,-3.,0.));
#2689=CARTESIAN_POINT('',(-3.,-3.,-0.125));
#2690=CARTESIAN_POINT('Origin',(-3.,-3.,0.));
#2691=CARTESIAN_POINT('Origin',(-1.7,-3.,0.));
#2692=CARTESIAN_POINT('',(-1.7,-3.,-0.125));
#2693=CARTESIAN_POINT('Origin',(-1.7,-3.,0.));
#2694=CARTESIAN_POINT('Origin',(-0.4,-3.,0.));
#2695=CARTESIAN_POINT('',(-0.4,-3.,-0.125));
#2696=CARTESIAN_POINT('Origin',(-0.4,-3.,0.));
#2697=CARTESIAN_POINT('Origin',(0.9,-3.,0.));
#2698=CARTESIAN_POINT('',(0.9,-3.,-0.125));
#2699=CARTESIAN_POINT('Origin',(0.9,-3.,0.));
#2700=CARTESIAN_POINT('Origin',(2.2,-3.,0.));
#2701=CARTESIAN_POINT('',(2.2,-3.,-0.125));
#2702=CARTESIAN_POINT('Origin',(2.2,-3.,0.));
#2703=CARTESIAN_POINT('Origin',(-3.,-2.35,0.));
#2704=CARTESIAN_POINT('',(-3.,-2.35,-0.125));
#2705=CARTESIAN_POINT('Origin',(-3.,-2.35,0.));
#2706=CARTESIAN_POINT('Origin',(-1.7,-2.35,0.));
#2707=CARTESIAN_POINT('',(-1.7,-2.35,-0.125));
#2708=CARTESIAN_POINT('Origin',(-1.7,-2.35,0.));
#2709=CARTESIAN_POINT('Origin',(-0.4,-2.35,0.));
#2710=CARTESIAN_POINT('',(-0.4,-2.35,-0.125));
#2711=CARTESIAN_POINT('Origin',(-0.4,-2.35,0.));
#2712=CARTESIAN_POINT('Origin',(0.9,-2.35,0.));
#2713=CARTESIAN_POINT('',(0.9,-2.35,-0.125));
#2714=CARTESIAN_POINT('Origin',(0.9,-2.35,0.));
#2715=CARTESIAN_POINT('Origin',(2.2,-2.35,0.));
#2716=CARTESIAN_POINT('',(2.2,-2.35,-0.125));
#2717=CARTESIAN_POINT('Origin',(2.2,-2.35,0.));
#2718=CARTESIAN_POINT('Origin',(-3.,-1.7,0.));
#2719=CARTESIAN_POINT('',(-3.,-1.7,-0.125));
#2720=CARTESIAN_POINT('Origin',(-3.,-1.7,0.));
#2721=CARTESIAN_POINT('Origin',(-1.7,-1.7,0.));
#2722=CARTESIAN_POINT('',(-1.7,-1.7,-0.125));
#2723=CARTESIAN_POINT('Origin',(-1.7,-1.7,0.));
#2724=CARTESIAN_POINT('Origin',(-0.4,-1.7,0.));
#2725=CARTESIAN_POINT('',(-0.4,-1.7,-0.125));
#2726=CARTESIAN_POINT('Origin',(-0.4,-1.7,0.));
#2727=CARTESIAN_POINT('Origin',(0.9,-1.7,0.));
#2728=CARTESIAN_POINT('',(0.9,-1.7,-0.125));
#2729=CARTESIAN_POINT('Origin',(0.9,-1.7,0.));
#2730=CARTESIAN_POINT('Origin',(2.2,-1.7,0.));
#2731=CARTESIAN_POINT('',(2.2,-1.7,-0.125));
#2732=CARTESIAN_POINT('Origin',(2.2,-1.7,0.));
#2733=CARTESIAN_POINT('Origin',(-3.,-1.05,0.));
#2734=CARTESIAN_POINT('',(-3.,-1.05,-0.125));
#2735=CARTESIAN_POINT('Origin',(-3.,-1.05,0.));
#2736=CARTESIAN_POINT('Origin',(-1.7,-1.05,0.));
#2737=CARTESIAN_POINT('',(-1.7,-1.05,-0.125));
#2738=CARTESIAN_POINT('Origin',(-1.7,-1.05,0.));
#2739=CARTESIAN_POINT('Origin',(-0.4,-1.05,0.));
#2740=CARTESIAN_POINT('',(-0.4,-1.05,-0.125));
#2741=CARTESIAN_POINT('Origin',(-0.4,-1.05,0.));
#2742=CARTESIAN_POINT('Origin',(0.9,-1.05,0.));
#2743=CARTESIAN_POINT('',(0.9,-1.05,-0.125));
#2744=CARTESIAN_POINT('Origin',(0.9,-1.05,0.));
#2745=CARTESIAN_POINT('Origin',(2.2,-1.05,0.));
#2746=CARTESIAN_POINT('',(2.2,-1.05,-0.125));
#2747=CARTESIAN_POINT('Origin',(2.2,-1.05,0.));
#2748=CARTESIAN_POINT('Origin',(-3.,-0.4,0.));
#2749=CARTESIAN_POINT('',(-3.,-0.4,-0.125));
#2750=CARTESIAN_POINT('Origin',(-3.,-0.4,0.));
#2751=CARTESIAN_POINT('Origin',(-1.7,-0.4,0.));
#2752=CARTESIAN_POINT('',(-1.7,-0.4,-0.125));
#2753=CARTESIAN_POINT('Origin',(-1.7,-0.4,0.));
#2754=CARTESIAN_POINT('Origin',(2.2,-0.4,0.));
#2755=CARTESIAN_POINT('',(2.2,-0.4,-0.125));
#2756=CARTESIAN_POINT('Origin',(2.2,-0.4,0.));
#2757=CARTESIAN_POINT('Origin',(-3.,0.25,0.));
#2758=CARTESIAN_POINT('',(-3.,0.25,-0.125));
#2759=CARTESIAN_POINT('Origin',(-3.,0.25,0.));
#2760=CARTESIAN_POINT('Origin',(-1.7,0.25,0.));
#2761=CARTESIAN_POINT('',(-1.7,0.25,-0.125));
#2762=CARTESIAN_POINT('Origin',(-1.7,0.25,0.));
#2763=CARTESIAN_POINT('Origin',(2.2,0.25,0.));
#2764=CARTESIAN_POINT('',(2.2,0.25,-0.125));
#2765=CARTESIAN_POINT('Origin',(2.2,0.25,0.));
#2766=CARTESIAN_POINT('Origin',(-3.,0.9,0.));
#2767=CARTESIAN_POINT('',(-3.,0.9,-0.125));
#2768=CARTESIAN_POINT('Origin',(-3.,0.9,0.));
#2769=CARTESIAN_POINT('Origin',(-1.7,0.9,0.));
#2770=CARTESIAN_POINT('',(-1.7,0.9,-0.125));
#2771=CARTESIAN_POINT('Origin',(-1.7,0.9,0.));
#2772=CARTESIAN_POINT('Origin',(2.2,0.9,0.));
#2773=CARTESIAN_POINT('',(2.2,0.9,-0.125));
#2774=CARTESIAN_POINT('Origin',(2.2,0.9,0.));
#2775=CARTESIAN_POINT('Origin',(-3.,1.55,0.));
#2776=CARTESIAN_POINT('',(-3.,1.55,-0.125));
#2777=CARTESIAN_POINT('Origin',(-3.,1.55,0.));
#2778=CARTESIAN_POINT('Origin',(-1.7,1.55,0.));
#2779=CARTESIAN_POINT('',(-1.7,1.55,-0.125));
#2780=CARTESIAN_POINT('Origin',(-1.7,1.55,0.));
#2781=CARTESIAN_POINT('Origin',(-0.4,1.55,0.));
#2782=CARTESIAN_POINT('',(-0.4,1.55,-0.125));
#2783=CARTESIAN_POINT('Origin',(-0.4,1.55,0.));
#2784=CARTESIAN_POINT('Origin',(0.9,1.55,0.));
#2785=CARTESIAN_POINT('',(0.9,1.55,-0.125));
#2786=CARTESIAN_POINT('Origin',(0.9,1.55,0.));
#2787=CARTESIAN_POINT('Origin',(2.2,1.55,0.));
#2788=CARTESIAN_POINT('',(2.2,1.55,-0.125));
#2789=CARTESIAN_POINT('Origin',(2.2,1.55,0.));
#2790=CARTESIAN_POINT('Origin',(-3.,2.2,0.));
#2791=CARTESIAN_POINT('',(-3.,2.2,-0.125));
#2792=CARTESIAN_POINT('Origin',(-3.,2.2,0.));
#2793=CARTESIAN_POINT('Origin',(-1.7,2.2,0.));
#2794=CARTESIAN_POINT('',(-1.7,2.2,-0.125));
#2795=CARTESIAN_POINT('Origin',(-1.7,2.2,0.));
#2796=CARTESIAN_POINT('Origin',(-0.4,2.2,0.));
#2797=CARTESIAN_POINT('',(-0.4,2.2,-0.125));
#2798=CARTESIAN_POINT('Origin',(-0.4,2.2,0.));
#2799=CARTESIAN_POINT('Origin',(0.9,2.2,0.));
#2800=CARTESIAN_POINT('',(0.9,2.2,-0.125));
#2801=CARTESIAN_POINT('Origin',(0.9,2.2,0.));
#2802=CARTESIAN_POINT('Origin',(2.2,2.2,0.));
#2803=CARTESIAN_POINT('',(2.2,2.2,-0.125));
#2804=CARTESIAN_POINT('Origin',(2.2,2.2,0.));
#2805=CARTESIAN_POINT('Origin',(-3.,2.85,0.));
#2806=CARTESIAN_POINT('',(-3.,2.85,-0.125));
#2807=CARTESIAN_POINT('Origin',(-3.,2.85,0.));
#2808=CARTESIAN_POINT('Origin',(-1.7,2.85,0.));
#2809=CARTESIAN_POINT('',(-1.7,2.85,-0.125));
#2810=CARTESIAN_POINT('Origin',(-1.7,2.85,0.));
#2811=CARTESIAN_POINT('Origin',(-0.4,2.85,0.));
#2812=CARTESIAN_POINT('',(-0.4,2.85,-0.125));
#2813=CARTESIAN_POINT('Origin',(-0.4,2.85,0.));
#2814=CARTESIAN_POINT('Origin',(0.9,2.85,0.));
#2815=CARTESIAN_POINT('',(0.9,2.85,-0.125));
#2816=CARTESIAN_POINT('Origin',(0.9,2.85,0.));
#2817=CARTESIAN_POINT('Origin',(2.2,2.85,0.));
#2818=CARTESIAN_POINT('',(2.2,2.85,-0.125));
#2819=CARTESIAN_POINT('Origin',(2.2,2.85,0.));
#2820=UNCERTAINTY_MEASURE_WITH_UNIT(LENGTH_MEASURE(0.01),#2824,
'DISTANCE_ACCURACY_VALUE',
'Maximum model space distance between geometric entities at asserted c
onnectivities');
#2821=UNCERTAINTY_MEASURE_WITH_UNIT(LENGTH_MEASURE(0.01),#2824,
'DISTANCE_ACCURACY_VALUE',
'Maximum model space distance between geometric entities at asserted c
onnectivities');
#2822=(
GEOMETRIC_REPRESENTATION_CONTEXT(3)
GLOBAL_UNCERTAINTY_ASSIGNED_CONTEXT((#2820))
GLOBAL_UNIT_ASSIGNED_CONTEXT((#2824,#2826,#2827))
REPRESENTATION_CONTEXT('','3D')
);
#2823=(
GEOMETRIC_REPRESENTATION_CONTEXT(3)
GLOBAL_UNCERTAINTY_ASSIGNED_CONTEXT((#2821))
GLOBAL_UNIT_ASSIGNED_CONTEXT((#2824,#2826,#2827))
REPRESENTATION_CONTEXT('','3D')
);
#2824=(
LENGTH_UNIT()
NAMED_UNIT(*)
SI_UNIT(.MILLI.,.METRE.)
);
#2825=(
LENGTH_UNIT()
NAMED_UNIT(*)
SI_UNIT($,.METRE.)
);
#2826=(
NAMED_UNIT(*)
PLANE_ANGLE_UNIT()
SI_UNIT($,.RADIAN.)
);
#2827=(
NAMED_UNIT(*)
SI_UNIT($,.STERADIAN.)
SOLID_ANGLE_UNIT()
);
#2828=SHAPE_DEFINITION_REPRESENTATION(#2829,#2830);
#2829=PRODUCT_DEFINITION_SHAPE('',$,#2832);
#2830=SHAPE_REPRESENTATION('',(#1528),#2822);
#2831=PRODUCT_DEFINITION_CONTEXT('part definition',#2836,'design');
#2832=PRODUCT_DEFINITION('IMX335','IMX335 v3',#2833,#2831);
#2833=PRODUCT_DEFINITION_FORMATION('',$,#2838);
#2834=PRODUCT_RELATED_PRODUCT_CATEGORY('IMX335 v3','IMX335 v3',(#2838));
#2835=APPLICATION_PROTOCOL_DEFINITION('international standard',
'ap242_managed_model_based_3d_engineering',2011,#2836);
#2836=APPLICATION_CONTEXT('Managed model based 3d engineering');
#2837=PRODUCT_CONTEXT('part definition',#2836,'mechanical');
#2838=PRODUCT('IMX335','IMX335 v3',$,(#2837));
#2839=PRESENTATION_STYLE_ASSIGNMENT((#2840));
#2840=SURFACE_STYLE_USAGE(.BOTH.,#2841);
#2841=SURFACE_SIDE_STYLE('',(#2842));
#2842=SURFACE_STYLE_FILL_AREA(#2843);
#2843=FILL_AREA_STYLE('Steel - Satin',(#2844));
#2844=FILL_AREA_STYLE_COLOUR('Steel - Satin',#2845);
#2845=COLOUR_RGB('Steel - Satin',0.627450980392157,0.627450980392157,0.627450980392157);
ENDSEC;
END-ISO-10303-21;
