ISO-10303-21;
HEADER;
FILE_DESCRIPTION (( 'STEP AP214' ),
    '1' );
FILE_NAME ('XAL7070-472MEC.STEP',
    '2024-10-21T15:42:06',
    ( '' ),
    ( '' ),
    'SwSTEP 2.0',
    'SolidWorks 2022',
    '' );
FILE_SCHEMA (( 'AUTOMOTIVE_DESIGN' ));
ENDSEC;

DATA;
#1 = DIRECTION ( 'NONE',  ( 0.000000000000000000, -1.000000000000000000, 0.000000000000000000 ) ) ;
#2 = CARTESIAN_POINT ( 'NONE',  ( 1.750658043274220033, 0.1422458381632560054, 0.000000000000000000 ) ) ;
#3 = ORIENTED_EDGE ( 'NONE', *, *, #381, .F. ) ;
#4 = PLANE ( 'NONE',  #2895 ) ;
#5 = CARTESIAN_POINT ( 'NONE',  ( -1.685000000000000053, 3.000000000000000000, 0.000000000000000000 ) ) ;
#6 = ORIENTED_EDGE ( 'NONE', *, *, #1379, .F. ) ;
#7 = CARTESIAN_POINT ( 'NONE',  ( 1.244168778549600063, -0.01311918744405119949, 0.003000000000000000062 ) ) ;
#8 = EDGE_LOOP ( 'NONE', ( #1664, #931, #1448, #1134 ) ) ;
#9 = CARTESIAN_POINT ( 'NONE',  ( 3.595606601717797446, -3.149999999999999911, 6.995606601717796913 ) ) ;
#10 = CARTESIAN_POINT ( 'NONE',  ( 1.629340632300850134, 0.1829139535453500054, 0.003000000000000000062 ) ) ;
#11 = ADVANCED_FACE ( 'NONE', ( #378 ), #1329, .T. ) ;
#12 = EDGE_CURVE ( 'NONE', #2020, #1808, #2406, .T. ) ;
#13 = EDGE_CURVE ( 'NONE', #1086, #1810, #187, .T. ) ;
#14 = ORIENTED_EDGE ( 'NONE', *, *, #686, .T. ) ;
#15 = CARTESIAN_POINT ( 'NONE',  ( 2.675409066389279999, 0.1425311976777269840, 0.003000000000000000062 ) ) ;
#16 = CARTESIAN_POINT ( 'NONE',  ( 2.655200030224209584, 0.5210366848059470035, 0.000000000000000000 ) ) ;
#17 = ADVANCED_FACE ( 'NONE', ( #1419 ), #1177, .T. ) ;
#18 = CARTESIAN_POINT ( 'NONE',  ( 3.600000000000000089, 3.149999999999999911, 0.1149999999999979927 ) ) ;
#19 = DIRECTION ( 'NONE',  ( 0.000000000000000000, 0.000000000000000000, 1.000000000000000000 ) ) ;
#20 = FACE_OUTER_BOUND ( 'NONE', #91, .T. ) ;
#21 = EDGE_LOOP ( 'NONE', ( #1700, #2467, #1729, #133 ) ) ;
#22 = DIRECTION ( 'NONE',  ( 0.000000000000000000, 0.000000000000000000, 1.000000000000000000 ) ) ;
#23 = VERTEX_POINT ( 'NONE', #1454 ) ;
#24 = CARTESIAN_POINT ( 'NONE',  ( 3.600000000000000089, -3.149999999999999911, 0.1149999999999979927 ) ) ;
#25 = EDGE_LOOP ( 'NONE', ( #687, #77, #1266, #1649 ) ) ;
#26 = CARTESIAN_POINT ( 'NONE',  ( -3.135000000000000231, 3.000000000000000000, 0.000000000000000000 ) ) ;
#27 = PRODUCT_DEFINITION_FORMATION_WITH_SPECIFIED_SOURCE ( 'ANY', '', #2343, .NOT_KNOWN. ) ;
#28 = APPLICATION_PROTOCOL_DEFINITION ( 'draft international standard', 'automotive_design', 1998, #1745 ) ;
#29 = CARTESIAN_POINT ( 'NONE',  ( 1.159885503714219945, 0.1243556984736300247, 0.000000000000000000 ) ) ;
#30 = AXIS2_PLACEMENT_3D ( 'NONE', #1874, #398, #2843 ) ;
#31 = VECTOR ( 'NONE', #1277, 1000.000000000000000 ) ;
#32 = EDGE_LOOP ( 'NONE', ( #2306, #2824, #1008, #543 ) ) ;
#33 = VECTOR ( 'NONE', #1100, 1000.000000000000000 ) ;
#34 = CARTESIAN_POINT ( 'NONE',  ( 1.794075582381910117, 0.2053323303986359927, 0.000000000000000000 ) ) ;
#35 = CIRCLE ( 'NONE', #439, 0.5849999999999998535 ) ;
#36 = B_SPLINE_CURVE_WITH_KNOTS ( 'NONE', 3,
 ( #2211, #2033, #278, #2718 ),
 .UNSPECIFIED., .F., .F.,
 ( 4, 4 ),
 ( 0.000000000000000000, 1.000000000000000000 ),
 .UNSPECIFIED. ) ;
#37 = DIRECTION ( 'NONE',  ( 0.000000000000000000, 0.000000000000000000, -1.000000000000000000 ) ) ;
#38 = SURFACE_SIDE_STYLE ('',( #272 ) ) ;
#39 = CARTESIAN_POINT ( 'NONE',  ( -0.5412853348526590613, -2.815499810793200108, 0.003000000000000000062 ) ) ;
#40 =( BOUNDED_SURFACE ( )  B_SPLINE_SURFACE ( 1, 2, ( 
 ( #2088, #1370, #392, #168, #594 ),
 ( #1104, #1138, #2119, #1882, #184 ) ),
 .UNSPECIFIED., .F., .F., .F. ) 
 B_SPLINE_SURFACE_WITH_KNOTS ( ( 2, 2 ),
 ( 3, 2, 3 ),
 ( 0.000000000000000000, 0.03037680082995719913 ),
 ( 0.4957578030040369899, 1.459630369928289984, 2.423502936852540035 ),
 .UNSPECIFIED. ) 
 GEOMETRIC_REPRESENTATION_ITEM ( )  RATIONAL_B_SPLINE_SURFACE ( (
 ( 1.000000000000000000, 0.8860991251998989737, 1.000000000000000000, 0.8860991251998989737, 1.000000000000000000),
 ( 1.000000000000000000, 0.8860991251998989737, 1.000000000000000000, 0.8860991251998989737, 1.000000000000000000) ) ) 
 REPRESENTATION_ITEM ( '' )  SURFACE ( )  );
#41 = EDGE_LOOP ( 'NONE', ( #1422, #2103, #2114, #362 ) ) ;
#42 = DIRECTION ( 'NONE',  ( -0.7071067811865479058, 0.7071067811865471286, 1.621669916110797601E-16 ) ) ;
#43 = AXIS2_PLACEMENT_3D ( 'NONE', #2431, #2193, #936 ) ;
#44 = ORIENTED_EDGE ( 'NONE', *, *, #2028, .T. ) ;
#45 = ORIENTED_EDGE ( 'NONE', *, *, #54, .F. ) ;
#46 = LINE ( 'NONE', #78, #922 ) ;
#47 = CARTESIAN_POINT ( 'NONE',  ( 1.903845615401990043, 0.01603873255465710149, 0.000000000000000000 ) ) ;
#48 = EDGE_LOOP ( 'NONE', ( #262, #2871, #1502, #1208 ) ) ;
#49 = DIRECTION ( 'NONE',  ( 1.000000000000000000, 0.000000000000000000, -2.312964634635739999E-16 ) ) ;
#50 = EDGE_CURVE ( 'NONE', #1681, #2551, #3107, .T. ) ;
#51 = DIRECTION ( 'NONE',  ( -2.443350504691545093E-16, 9.918962001855379101E-19, -1.000000000000000000 ) ) ;
#52 = CARTESIAN_POINT ( 'NONE',  ( 1.678314112524220025, 0.1650514736986300190, 0.000000000000000000 ) ) ;
#53 = ADVANCED_FACE ( 'NONE', ( #1194 ), #668, .T. ) ;
#54 = EDGE_CURVE ( 'NONE', #877, #455, #909, .T. ) ;
#55 = ORIENTED_EDGE ( 'NONE', *, *, #283, .T. ) ;
#56 = PLANE ( 'NONE',  #95 ) ;
#57 = ORIENTED_EDGE ( 'NONE', *, *, #3065, .F. ) ;
#58 = CARTESIAN_POINT ( 'NONE',  ( -1.800000000000000044, 3.734999999999999876, 7.000000000000000000 ) ) ;
#59 = VERTEX_POINT ( 'NONE', #1682 ) ;
#60 = CARTESIAN_POINT ( 'NONE',  ( 1.730833430178969845, 0.1475065474112220165, 0.000000000000000000 ) ) ;
#61 = ADVANCED_FACE ( 'NONE', ( #2642 ), #445, .T. ) ;
#62 = VECTOR ( 'NONE', #475, 1000.000000000000000 ) ;
#63 = CARTESIAN_POINT ( 'NONE',  ( -3.135000000000000231, -3.000000000000000000, 0.000000000000000000 ) ) ;
#64 = ORIENTED_EDGE ( 'NONE', *, *, #1779, .F. ) ;
#65 = CARTESIAN_POINT ( 'NONE',  ( 2.655200030224209584, 0.5210366848059470035, 0.003000000000000000062 ) ) ;
#66 = VECTOR ( 'NONE', #1778, 1000.000000000000000 ) ;
#67 = CARTESIAN_POINT ( 'NONE',  ( 2.675409066389279999, 0.1425311976777269840, 0.000000000000000000 ) ) ;
#68 = VECTOR ( 'NONE', #3081, 1000.000000000000000 ) ;
#69 = CARTESIAN_POINT ( 'NONE',  ( 1.371784067724219902, -0.3625183383617530120, 0.000000000000000000 ) ) ;
#70 = ADVANCED_FACE ( 'NONE', ( #3123 ), #766, .T. ) ;
#71 = B_SPLINE_SURFACE_WITH_KNOTS ( 'NONE', 3, 1, ( 
 ( #1824, #337 ),
 ( #2570, #1854 ),
 ( #867, #2782 ),
 ( #1129, #896 ),
 ( #137, #2798 ),
 ( #1890, #1590 ) ),
 .UNSPECIFIED., .F., .F., .F.,
 ( 4, 2, 4 ),
 ( 2, 2 ),
 ( 0.000000000000000000, 0.007568638035685830087, 0.01501901935368119868 ),
 ( 0.000000000000000000, 0.0002999999999999999737 ),
 .UNSPECIFIED. ) ;
#72 = ORIENTED_EDGE ( 'NONE', *, *, #830, .T. ) ;
#73 = EDGE_CURVE ( 'NONE', #2967, #2073, #1886, .T. ) ;
#74 = CARTESIAN_POINT ( 'NONE',  ( 2.474502032465289769, 0.4950340348809439406, 0.000000000000000000 ) ) ;
#75 = ORIENTED_EDGE ( 'NONE', *, *, #1363, .T. ) ;
#76 = CARTESIAN_POINT ( 'NONE',  ( 1.402427779191900203, 0.6100535883059420295, 0.000000000000000000 ) ) ;
#77 = ORIENTED_EDGE ( 'NONE', *, *, #151, .T. ) ;
#78 = CARTESIAN_POINT ( 'NONE',  ( -0.5412853348526590613, -2.815499810793200108, 0.000000000000000000 ) ) ;
#79 = EDGE_CURVE ( 'NONE', #279, #1386, #2442, .T. ) ;
#80 = B_SPLINE_CURVE_WITH_KNOTS ( 'NONE', 3,
 ( #2410, #1182, #933, #1146 ),
 .UNSPECIFIED., .F., .F.,
 ( 4, 4 ),
 ( 0.000000000000000000, 1.000000000000000000 ),
 .UNSPECIFIED. ) ;
#81 = ORIENTED_EDGE ( 'NONE', *, *, #2447, .F. ) ;
#82 = CARTESIAN_POINT ( 'NONE',  ( 1.806673425308060077, 0.1573462592663009973, 0.003000000000000000062 ) ) ;
#83 = TOROIDAL_SURFACE ( 'NONE', #180, 0.5849999999999999645, 0.01500000000000000118 ) ;
#84 = CIRCLE ( 'NONE', #547, 0.5999999999999998668 ) ;
#85 = CARTESIAN_POINT ( 'NONE',  ( 2.636948261631820056, -0.1459878606188519945, 0.000000000000000000 ) ) ;
#86 = CARTESIAN_POINT ( 'NONE',  ( 1.181379901013670075, 0.3331143833353220063, 0.000000000000000000 ) ) ;
#87 = ORIENTED_EDGE ( 'NONE', *, *, #3072, .T. ) ;
#88 = DIRECTION ( 'NONE',  ( 1.000000000000000000, 0.000000000000000000, 0.000000000000000000 ) ) ;
#89 = EDGE_LOOP ( 'NONE', ( #3030, #1071, #819, #114 ) ) ;
#90 = CARTESIAN_POINT ( 'NONE',  ( 1.402427779191900203, 0.6100535883059420295, 0.000000000000000000 ) ) ;
#91 = EDGE_LOOP ( 'NONE', ( #1616, #824, #229, #588 ) ) ;
#92 = CARTESIAN_POINT ( 'NONE',  ( -3.135000000000000231, -3.000000000000000000, 0.000000000000000000 ) ) ;
#93 = DIRECTION ( 'NONE',  ( 1.000000000000000000, 0.000000000000000000, -2.433431542689689592E-16 ) ) ;
#94 = VERTEX_POINT ( 'NONE', #523 ) ;
#95 = AXIS2_PLACEMENT_3D ( 'NONE', #587, #1805, #88 ) ;
#96 = DIRECTION ( 'NONE',  ( 0.000000000000000000, 1.000000000000000000, 0.000000000000000000 ) ) ;
#97 = DIRECTION ( 'NONE',  ( -0.7071067811865618946, 0.000000000000000000, 0.7071067811865330288 ) ) ;
#98 = CARTESIAN_POINT ( 'NONE',  ( 1.634753112524210072, -0.01781905633674120068, 0.000000000000000000 ) ) ;
#99 = VECTOR ( 'NONE', #591, 1000.000000000000000 ) ;
#100 = CARTESIAN_POINT ( 'NONE',  ( 3.584999999999999964, -3.149999999999999911, 0.1149999999999979927 ) ) ;
#101 = VERTEX_POINT ( 'NONE', #39 ) ;
#102 = DIRECTION ( 'NONE',  ( -0.9665484591133635117, 0.2564840661436550984, 0.000000000000000000 ) ) ;
#103 = ORIENTED_EDGE ( 'NONE', *, *, #2194, .F. ) ;
#104 = CARTESIAN_POINT ( 'NONE',  ( -3.000000000000000000, -3.149999999999999911, 0.1150000000000000050 ) ) ;
#105 = FACE_OUTER_BOUND ( 'NONE', #3074, .T. ) ;
#106 = ORIENTED_EDGE ( 'NONE', *, *, #1093, .T. ) ;
#107 = ORIENTED_EDGE ( 'NONE', *, *, #3000, .T. ) ;
#108 = EDGE_CURVE ( 'NONE', #1405, #609, #3071, .T. ) ;
#109 = EDGE_CURVE ( 'NONE', #146, #1551, #1964, .T. ) ;
#110 = CARTESIAN_POINT ( 'NONE',  ( -3.424264068711928122, 3.574264068711928921, 6.985000000000000320 ) ) ;
#111 = CARTESIAN_POINT ( 'NONE',  ( 2.460055420869479814, 0.5092747727186139883, 0.003000000000000000062 ) ) ;
#112 = EDGE_CURVE ( 'NONE', #1386, #425, #2497, .T. ) ;
#113 = FACE_OUTER_BOUND ( 'NONE', #761, .T. ) ;
#114 = ORIENTED_EDGE ( 'NONE', *, *, #1202, .F. ) ;
#115 = CARTESIAN_POINT ( 'NONE',  ( 1.470647932594550067, 0.6098992931455819999, 0.000000000000000000 ) ) ;
#116 = ORIENTED_EDGE ( 'NONE', *, *, #340, .T. ) ;
#117 = CARTESIAN_POINT ( 'NONE',  ( -3.000000000000000000, 3.734999999999999876, 7.000000000000000000 ) ) ;
#118 = ORIENTED_EDGE ( 'NONE', *, *, #1929, .T. ) ;
#119 = CARTESIAN_POINT ( 'NONE',  ( 2.099434271891930326, -0.5781815891940540464, 0.000000000000000000 ) ) ;
#120 = CARTESIAN_POINT ( 'NONE',  ( 1.948065610680079995, -0.06525331790171930157, 0.000000000000000000 ) ) ;
#121 = CARTESIAN_POINT ( 'NONE',  ( 3.000000000000000000, -3.149999999999999911, 0.1149999999999979927 ) ) ;
#122 = DIRECTION ( 'NONE',  ( -2.443350504691545093E-16, 9.918962001855379101E-19, -1.000000000000000000 ) ) ;
#123 = AXIS2_PLACEMENT_3D ( 'NONE', #2584, #1096, #383 ) ;
#124 = DIRECTION ( 'NONE',  ( 0.000000000000000000, 0.000000000000000000, 1.000000000000000000 ) ) ;
#125 = AXIS2_PLACEMENT_3D ( 'NONE', #1494, #918, #1910 ) ;
#126 = CARTESIAN_POINT ( 'NONE',  ( -3.595606601717798334, -3.149999999999999911, 6.995606601717797801 ) ) ;
#127 = ORIENTED_EDGE ( 'NONE', *, *, #2752, .F. ) ;
#128 = FACE_OUTER_BOUND ( 'NONE', #907, .T. ) ;
#129 = UNCERTAINTY_MEASURE_WITH_UNIT (LENGTH_MEASURE( 1.000000000000000082E-05 ), #2861, 'distance_accuracy_value', 'NONE');
#130 = CARTESIAN_POINT ( 'NONE',  ( -0.5412853348526590613, -2.815499810793200108, 0.000000000000000000 ) ) ;
#131 = ORIENTED_EDGE ( 'NONE', *, *, #1827, .T. ) ;
#132 = SHAPE_REPRESENTATION ( 'body^Coilcraft_-_XAL7070-472MEC.step', ( #1438 ), #1490 ) ;
#133 = ORIENTED_EDGE ( 'NONE', *, *, #1255, .T. ) ;
#134 = VECTOR ( 'NONE', #2553, 1000.000000000000000 ) ;
#135 = CARTESIAN_POINT ( 'NONE',  ( 3.000000000000000000, -3.750000000000000000, 0.1149999999999979927 ) ) ;
#136 = CIRCLE ( 'NONE', #2150, 0.01499999999999938882 ) ;
#137 = CARTESIAN_POINT ( 'NONE',  ( 1.288013100534540101, -0.3089703607075160452, 0.000000000000000000 ) ) ;
#138 = CARTESIAN_POINT ( 'NONE',  ( 1.718932857381900048, 0.3189176378986300353, 0.003000000000000000062 ) ) ;
#139 = ADVANCED_FACE ( 'NONE', ( #2240 ), #83, .T. ) ;
#140 = B_SPLINE_CURVE_WITH_KNOTS ( 'NONE', 3,
 ( #2941, #286, #809, #2024 ),
 .UNSPECIFIED., .F., .F.,
 ( 4, 4 ),
 ( 0.000000000000000000, 1.000000000000000000 ),
 .UNSPECIFIED. ) ;
#141 = EDGE_CURVE ( 'NONE', #755, #2748, #490, .T. ) ;
#142 = FACE_OUTER_BOUND ( 'NONE', #2034, .T. ) ;
#143 = DIRECTION ( 'NONE',  ( 0.000000000000000000, 0.000000000000000000, -1.000000000000000000 ) ) ;
#144 = ADVANCED_FACE ( 'NONE', ( #1481 ), #240, .T. ) ;
#145 = LINE ( 'NONE', #3063, #1585 ) ;
#146 = VERTEX_POINT ( 'NONE', #2964 ) ;
#147 = CARTESIAN_POINT ( 'NONE',  ( 0.9967332959419099581, 0.4193616807236299482, 0.003000000000000000062 ) ) ;
#148 = CARTESIAN_POINT ( 'NONE',  ( 2.635135942146919596, 0.5469802215855609218, 0.003000000000000000062 ) ) ;
#149 = DIRECTION ( 'NONE',  ( 0.000000000000000000, 0.000000000000000000, 1.000000000000000000 ) ) ;
#150 = VERTEX_POINT ( 'NONE', #2449 ) ;
#151 = EDGE_CURVE ( 'NONE', #185, #23, #256, .T. ) ;
#152 = ORIENTED_EDGE ( 'NONE', *, *, #310, .T. ) ;
#153 = ORIENTED_EDGE ( 'NONE', *, *, #1022, .T. ) ;
#154 = VECTOR ( 'NONE', #1586, 1000.000000000000000 ) ;
#155 = CYLINDRICAL_SURFACE ( 'NONE', #557, 0.01500000000000002026 ) ;
#156 = LINE ( 'NONE', #1143, #282 ) ;
#157 = CARTESIAN_POINT ( 'NONE',  ( 2.635135942146919596, 0.5469802215855609218, 0.000000000000000000 ) ) ;
#158 = DIRECTION ( 'NONE',  ( 0.000000000000000000, 0.000000000000000000, 1.000000000000000000 ) ) ;
#159 = CARTESIAN_POINT ( 'NONE',  ( -3.135000000000000231, 3.000000000000000000, 0.000000000000000000 ) ) ;
#160 = DIRECTION ( 'NONE',  ( 0.000000000000000000, 0.000000000000000000, 1.000000000000000000 ) ) ;
#161 = CARTESIAN_POINT ( 'NONE',  ( 0.9888828777242217871, 0.06300002997363289559, 0.000000000000000000 ) ) ;
#162 = AXIS2_PLACEMENT_3D ( 'NONE', #1833, #2793, #606 ) ;
#163 = B_SPLINE_CURVE_WITH_KNOTS ( 'NONE', 3,
 ( #1639, #1856, #1429, #2332 ),
 .UNSPECIFIED., .F., .F.,
 ( 4, 4 ),
 ( 0.000000000000000000, 1.000000000000000000 ),
 .UNSPECIFIED. ) ;
#164 = DIRECTION ( 'NONE',  ( 0.000000000000000000, -1.000000000000000000, 0.000000000000000000 ) ) ;
#165 = EDGE_CURVE ( 'NONE', #2672, #1045, #291, .T. ) ;
#166 = CARTESIAN_POINT ( 'NONE',  ( 1.614353785682349995, -0.3133125633644680552, 0.003000000000000000062 ) ) ;
#167 = VECTOR ( 'NONE', #2650, 1000.000000000000000 ) ;
#168 = CARTESIAN_POINT ( 'NONE',  ( 1.222379290537441321, 0.01332361726820240587, 0.000000000000000000 ) ) ;
#169 = ORIENTED_EDGE ( 'NONE', *, *, #205, .F. ) ;
#170 = ORIENTED_EDGE ( 'NONE', *, *, #1594, .T. ) ;
#171 = VERTEX_POINT ( 'NONE', #987 ) ;
#172 = EDGE_CURVE ( 'NONE', #260, #59, #2768, .T. ) ;
#173 = CARTESIAN_POINT ( 'NONE',  ( 0.9551405529787649895, 0.1624207523447949997, 0.000000000000000000 ) ) ;
#174 = CARTESIAN_POINT ( 'NONE',  ( 2.559202766881900182, -0.2243613597867389897, 0.000000000000000000 ) ) ;
#175 = CARTESIAN_POINT ( 'NONE',  ( 1.402427779191900203, 0.6100535883059429176, 0.003000000000000000062 ) ) ;
#176 = SURFACE_STYLE_FILL_AREA ( #2176 ) ;
#177 = CARTESIAN_POINT ( 'NONE',  ( 0.9550272685242209292, 0.2378575140559439915, 0.000000000000000000 ) ) ;
#178 = CARTESIAN_POINT ( 'NONE',  ( 1.800000000000000044, 3.734999999999999876, 0.1000000000000000056 ) ) ;
#179 = VECTOR ( 'NONE', #2710, 1000.000000000000000 ) ;
#180 = AXIS2_PLACEMENT_3D ( 'NONE', #2738, #2207, #1019 ) ;
#181 = DIRECTION ( 'NONE',  ( 0.000000000000000000, 1.000000000000000000, 0.000000000000000000 ) ) ;
#182 = CIRCLE ( 'NONE', #1322, 0.5850000000000001865 ) ;
#183 = CARTESIAN_POINT ( 'NONE',  ( 1.806423675164849918, 0.1687665014250569750, 0.000000000000000000 ) ) ;
#184 = CARTESIAN_POINT ( 'NONE',  ( 1.244168778549600063, -0.01311918744405129837, 0.003000000000000000062 ) ) ;
#185 = VERTEX_POINT ( 'NONE', #1981 ) ;
#186 = ORIENTED_EDGE ( 'NONE', *, *, #2746, .F. ) ;
#187 = LINE ( 'NONE', #2892, #463 ) ;
#188 = FACE_OUTER_BOUND ( 'NONE', #2016, .T. ) ;
#189 = EDGE_LOOP ( 'NONE', ( #2433, #2674, #839, #253 ) ) ;
#190 = CARTESIAN_POINT ( 'NONE',  ( 2.619266014475499560, 0.5649641999185990304, 0.000000000000000000 ) ) ;
#191 = DIRECTION ( 'NONE',  ( 1.000000000000000000, 0.000000000000000000, 0.000000000000000000 ) ) ;
#192 = AXIS2_PLACEMENT_3D ( 'NONE', #2375, #1162, #2897 ) ;
#193 = VECTOR ( 'NONE', #800, 1000.000000000000000 ) ;
#194 = DIRECTION ( 'NONE',  ( 0.000000000000000000, 0.000000000000000000, -1.000000000000000000 ) ) ;
#195 =( NAMED_UNIT ( * ) SI_UNIT ( $, .STERADIAN. ) SOLID_ANGLE_UNIT ( ) );
#196 = CARTESIAN_POINT ( 'NONE',  ( 1.058179716524219938, 0.5065490222236270768, 0.003000000000000000062 ) ) ;
#197 = CARTESIAN_POINT ( 'NONE',  ( 1.058179716524219938, 0.5065490222236270768, 0.000000000000000000 ) ) ;
#198 = DIRECTION ( 'NONE',  ( 1.000000000000000000, 0.000000000000000000, 0.000000000000000000 ) ) ;
#199 = LINE ( 'NONE', #739, #1244 ) ;
#200 = VERTEX_POINT ( 'NONE', #2258 ) ;
#201 = VERTEX_POINT ( 'NONE', #52 ) ;
#202 = CARTESIAN_POINT ( 'NONE',  ( -1.685000000000000053, 3.000000000000000000, 0.000000000000000000 ) ) ;
#203 = FILL_AREA_STYLE_COLOUR ( '', #1611 ) ;
#204 = EDGE_LOOP ( 'NONE', ( #1561, #976, #2567, #2419, #1106, #103, #2358, #1372, #2981, #446, #2259, #248, #2969, #1883, #1309, #2817, #1723, #1068, #518, #1348, #572, #1965, #423, #941, #349, #871, #2645, #1902, #2041, #2998, #2261, #2453, #3142, #778 ) ) ;
#205 = EDGE_CURVE ( 'NONE', #2032, #703, #505, .T. ) ;
#206 = ADVANCED_FACE ( 'NONE', ( #2464 ), #2027, .T. ) ;
#207 = CARTESIAN_POINT ( 'NONE',  ( 1.536247171191910121, 0.5993205209132550504, 0.000000000000000000 ) ) ;
#208 = CARTESIAN_POINT ( 'NONE',  ( 1.665334536937730077E-15, -3.750000000000000000, 3.550000000000000266 ) ) ;
#209 = VECTOR ( 'NONE', #93, 1000.000000000000000 ) ;
#210 = DIRECTION ( 'NONE',  ( 0.000000000000000000, 0.000000000000000000, 1.000000000000000000 ) ) ;
#211 = CARTESIAN_POINT ( 'NONE',  ( 1.371784067724219902, -0.3625183383617430199, 0.000000000000000000 ) ) ;
#212 = ADVANCED_FACE ( 'NONE', ( #20 ), #270, .T. ) ;
#213 = DIRECTION ( 'NONE',  ( -1.000000000000000000, 0.000000000000000000, 0.000000000000000000 ) ) ;
#214 = ORIENTED_EDGE ( 'NONE', *, *, #1183, .F. ) ;
#215 = DIRECTION ( 'NONE',  ( -1.000000000000000000, 0.000000000000000000, 0.000000000000000000 ) ) ;
#216 = CARTESIAN_POINT ( 'NONE',  ( 1.424003106881910119, 0.4346410644809469703, 0.000000000000000000 ) ) ;
#217 = VERTEX_POINT ( 'NONE', #2540 ) ;
#218 = CARTESIAN_POINT ( 'NONE',  ( -3.000000000000000000, 3.734999999999999876, 0.1150000000000000050 ) ) ;
#219 = CARTESIAN_POINT ( 'NONE',  ( 1.536247171191910121, 0.5993205209132550504, 0.000000000000000000 ) ) ;
#220 = ORIENTED_EDGE ( 'NONE', *, *, #205, .T. ) ;
#221 = DIRECTION ( 'NONE',  ( 1.000000000000000000, 0.000000000000000000, 0.000000000000000000 ) ) ;
#222 = CARTESIAN_POINT ( 'NONE',  ( 0.9967332959419099581, 0.4193616807236299482, 0.003000000000000000062 ) ) ;
#223 = DIRECTION ( 'NONE',  ( 1.000000000000000000, 0.000000000000000000, 0.000000000000000000 ) ) ;
#224 = DIRECTION ( 'NONE',  ( -0.7071067811865475727, 0.7071067811865475727, 0.000000000000000000 ) ) ;
#225 = B_SPLINE_CURVE_WITH_KNOTS ( 'NONE', 3,
 ( #537, #290, #2963, #1018 ),
 .UNSPECIFIED., .F., .F.,
 ( 4, 4 ),
 ( 0.000000000000000000, 1.000000000000000000 ),
 .UNSPECIFIED. ) ;
#226 = CARTESIAN_POINT ( 'NONE',  ( -3.000000000000000000, -3.734999999999999876, 0.1150000000000000050 ) ) ;
#227 = ORIENTED_EDGE ( 'NONE', *, *, #746, .F. ) ;
#228 = CARTESIAN_POINT ( 'NONE',  ( 1.795429313059579757, 0.1434575599809420066, 0.000000000000000000 ) ) ;
#229 = ORIENTED_EDGE ( 'NONE', *, *, #1600, .F. ) ;
#230 = PRODUCT_DEFINITION_FORMATION_WITH_SPECIFIED_SOURCE ( 'ANY', '', #3148, .NOT_KNOWN. ) ;
#231 = CARTESIAN_POINT ( 'NONE',  ( 2.197559344882119792, -0.4045877371190380600, 0.000000000000000000 ) ) ;
#232 = ORIENTED_EDGE ( 'NONE', *, *, #2289, .F. ) ;
#233 = AXIS2_PLACEMENT_3D ( 'NONE', #1260, #2235, #2989 ) ;
#234 = LINE ( 'NONE', #704, #2061 ) ;
#235 = CARTESIAN_POINT ( 'NONE',  ( 0.9614035468382650107, 0.1300767119914489900, 0.003000000000000000062 ) ) ;
#236 = ORIENTED_EDGE ( 'NONE', *, *, #726, .T. ) ;
#237 =( NAMED_UNIT ( * ) PLANE_ANGLE_UNIT ( ) SI_UNIT ( $, .RADIAN. ) );
#238 = CARTESIAN_POINT ( 'NONE',  ( -3.584999999999999964, 3.149999999999999911, 0.1000000000000000056 ) ) ;
#239 =( LENGTH_UNIT ( ) NAMED_UNIT ( * ) SI_UNIT ( .MILLI., .METRE. ) );
#240 = CYLINDRICAL_SURFACE ( 'NONE', #899, 0.6000000000000001998 ) ;
#241 = COLOUR_RGB ( '',0.8313725490196077761, 0.8313725490196077761, 0.8313725490196077761 ) ;
#242 = VECTOR ( 'NONE', #2886, 1000.000000000000000 ) ;
#243 = EDGE_CURVE ( 'NONE', #1247, #1681, #3083, .T. ) ;
#244 = B_SPLINE_SURFACE_WITH_KNOTS ( 'NONE', 3, 1, ( 
 ( #3009, #2754 ),
 ( #1097, #568 ),
 ( #3033, #2071 ),
 ( #1559, #1312 ),
 ( #854, #1843 ),
 ( #583, #3022 ),
 ( #86, #2304 ),
 ( #2556, #356 ),
 ( #2799, #612 ),
 ( #2571, #868 ) ),
 .UNSPECIFIED., .F., .F., .F.,
 ( 4, 2, 2, 2, 4 ),
 ( 2, 2 ),
 ( 0.000000000000000000, 0.002765245702795840130, 0.005403171239024210162, 0.008002316249506690252, 0.01066864607792769939 ),
 ( 0.000000000000000000, 0.0002999999999999999737 ),
 .UNSPECIFIED. ) ;
#245 = VERTEX_POINT ( 'NONE', #1296 ) ;
#246 = EDGE_CURVE ( 'NONE', #2714, #2047, #1065, .T. ) ;
#247 = CARTESIAN_POINT ( 'NONE',  ( 1.614353785682349995, -0.3133125633644680552, 0.003000000000000000062 ) ) ;
#248 = ORIENTED_EDGE ( 'NONE', *, *, #584, .F. ) ;
#249 = DIRECTION ( 'NONE',  ( 1.000000000000000000, 0.000000000000000000, -1.541976423090500071E-16 ) ) ;
#250 = EDGE_CURVE ( 'NONE', #425, #850, #1147, .T. ) ;
#251 =( NAMED_UNIT ( * ) SI_UNIT ( $, .STERADIAN. ) SOLID_ANGLE_UNIT ( ) );
#252 = VECTOR ( 'NONE', #1697, 1000.000000000000000 ) ;
#253 = ORIENTED_EDGE ( 'NONE', *, *, #2988, .F. ) ;
#254 = CARTESIAN_POINT ( 'NONE',  ( 3.000000000000000000, 3.149999999999999911, 5.275000000000000355 ) ) ;
#255 = DIRECTION ( 'NONE',  ( 0.000000000000000000, 0.000000000000000000, 1.000000000000000000 ) ) ;
#256 = LINE ( 'NONE', #1770, #2391 ) ;
#257 =( GEOMETRIC_REPRESENTATION_CONTEXT ( 3 ) GLOBAL_UNCERTAINTY_ASSIGNED_CONTEXT ( ( #682 ) ) GLOBAL_UNIT_ASSIGNED_CONTEXT ( ( #2473, #1553, #331 ) ) REPRESENTATION_CONTEXT ( 'NONE', 'WORKASPACE' ) );
#258 = ORIENTED_EDGE ( 'NONE', *, *, #151, .F. ) ;
#259 = CARTESIAN_POINT ( 'NONE',  ( 2.055740979583162265, 0.1455229769475707702, 0.003000000000000000062 ) ) ;
#260 = VERTEX_POINT ( 'NONE', #2270 ) ;
#261 = CARTESIAN_POINT ( 'NONE',  ( 1.371784067724219902, -0.3625183383617430199, 0.000000000000000000 ) ) ;
#262 = ORIENTED_EDGE ( 'NONE', *, *, #1459, .T. ) ;
#263 = DIRECTION ( 'NONE',  ( 0.000000000000000000, -1.000000000000000000, 0.000000000000000000 ) ) ;
#264 = CARTESIAN_POINT ( 'NONE',  ( 1.244168778549600063, -0.01311918744405119949, 0.000000000000000000 ) ) ;
#265 = ORIENTED_EDGE ( 'NONE', *, *, #958, .F. ) ;
#266 = ADVANCED_FACE ( 'NONE', ( #338 ), #895, .F. ) ;
#267 = CARTESIAN_POINT ( 'NONE',  ( 2.334754714381940044, -0.3594912118690549718, 0.003000000000000000062 ) ) ;
#268 = EDGE_CURVE ( 'NONE', #666, #1086, #994, .T. ) ;
#269 = CARTESIAN_POINT ( 'NONE',  ( 2.675221682249270483, -0.05299964595149530416, 0.000000000000000000 ) ) ;
#270 = B_SPLINE_SURFACE_WITH_KNOTS ( 'NONE', 3, 1, ( 
 ( #1000, #1995 ),
 ( #2947, #2783 ),
 ( #1049, #2283 ),
 ( #98, #1825 ) ),
 .UNSPECIFIED., .F., .F., .F.,
 ( 4, 4 ),
 ( 2, 2 ),
 ( 0.000000000000000000, 1.000000000000000000 ),
 ( 0.000000000000000000, 0.0002999999999999999737 ),
 .UNSPECIFIED. ) ;
#271 = CARTESIAN_POINT ( 'NONE',  ( -0.9038064344890468504, -2.815499810793200108, 0.000000000000000000 ) ) ;
#272 = SURFACE_STYLE_FILL_AREA ( #2239 ) ;
#273 = DIRECTION ( 'NONE',  ( 0.000000000000000000, 1.000000000000000000, 0.000000000000000000 ) ) ;
#274 = ORIENTED_EDGE ( 'NONE', *, *, #1823, .F. ) ;
#275 = CARTESIAN_POINT ( 'NONE',  ( 1.750658043274220033, 0.1422458381632560054, 0.003000000000000000062 ) ) ;
#276 = ORIENTED_EDGE ( 'NONE', *, *, #1545, .T. ) ;
#277 = B_SPLINE_CURVE_WITH_KNOTS ( 'NONE', 3,
 ( #2592, #183, #2868, #1880 ),
 .UNSPECIFIED., .F., .F.,
 ( 4, 4 ),
 ( 0.000000000000000000, 1.000000000000000000 ),
 .UNSPECIFIED. ) ;
#278 = CARTESIAN_POINT ( 'NONE',  ( 1.355507064464419820, 0.4348839170561460410, 0.000000000000000000 ) ) ;
#279 = VERTEX_POINT ( 'NONE', #1591 ) ;
#280 = PLANE ( 'NONE',  #1755 ) ;
#281 = CARTESIAN_POINT ( 'NONE',  ( -3.584999999999999964, -3.149999999999999911, 0.1000000000000000056 ) ) ;
#282 = VECTOR ( 'NONE', #2539, 1000.000000000000000 ) ;
#283 = EDGE_CURVE ( 'NONE', #1840, #279, #884, .T. ) ;
#284 = ORIENTED_EDGE ( 'NONE', *, *, #2586, .F. ) ;
#285 = EDGE_CURVE ( 'NONE', #1528, #2795, #1914, .T. ) ;
#286 = CARTESIAN_POINT ( 'NONE',  ( 2.497948740715359772, -0.2861090772866989873, 0.003000000000000000062 ) ) ;
#287 = EDGE_CURVE ( 'NONE', #1471, #2560, #2812, .T. ) ;
#288 = VECTOR ( 'NONE', #1428, 1000.000000000000000 ) ;
#289 = CARTESIAN_POINT ( 'NONE',  ( -0.9038064344890468504, -2.815499810793200108, 0.003000000000000000062 ) ) ;
#290 = CARTESIAN_POINT ( 'NONE',  ( 1.233345757153820221, 0.6104357434048468534, 0.000000000000000000 ) ) ;
#291 = LINE ( 'NONE', #5, #1060 ) ;
#292 = ORIENTED_EDGE ( 'NONE', *, *, #73, .T. ) ;
#293 = CARTESIAN_POINT ( 'NONE',  ( -0.9038064344890468504, -2.815499810793200108, 0.000000000000000000 ) ) ;
#294 =( GEOMETRIC_REPRESENTATION_CONTEXT ( 3 ) GLOBAL_UNCERTAINTY_ASSIGNED_CONTEXT ( ( #1136 ) ) GLOBAL_UNIT_ASSIGNED_CONTEXT ( ( #413, #1841, #1094 ) ) REPRESENTATION_CONTEXT ( 'NONE', 'WORKASPACE' ) );
#295 = ORIENTED_EDGE ( 'NONE', *, *, #1298, .T. ) ;
#296 = CARTESIAN_POINT ( 'NONE',  ( 3.000000000000000000, 3.149999999999999911, 7.000000000000000000 ) ) ;
#297 = CIRCLE ( 'NONE', #397, 0.01499999999999960566 ) ;
#298 = ORIENTED_EDGE ( 'NONE', *, *, #2881, .F. ) ;
#299 = CARTESIAN_POINT ( 'NONE',  ( -3.600000000000000089, -3.149999999999999911, 0.1150000000000000050 ) ) ;
#300 = PRESENTATION_LAYER_ASSIGNMENT (  '', '', ( #1643 ) ) ;
#301 = PRODUCT_DEFINITION_SHAPE ( 'NONE', 'NONE',  #305 ) ;
#302 = CARTESIAN_POINT ( 'NONE',  ( 3.000000000000000000, -3.734999999999999876, 0.1149999999999979927 ) ) ;
#303 = ORIENTED_EDGE ( 'NONE', *, *, #1867, .F. ) ;
#304 = FACE_OUTER_BOUND ( 'NONE', #3088, .T. ) ;
#305 = PRODUCT_DEFINITION ( 'UNKNOWN', '', #545, #1625 ) ;
#306 = ADVANCED_FACE ( 'NONE', ( #322 ), #244, .T. ) ;
#307 = EDGE_CURVE ( 'NONE', #555, #667, #491, .T. ) ;
#308 = CARTESIAN_POINT ( 'NONE',  ( 2.559202766881900182, -0.2243613597867389897, 0.003000000000000000062 ) ) ;
#309 = CARTESIAN_POINT ( 'NONE',  ( 2.099434271891930326, -0.5781815891940660368, 0.003000000000000000062 ) ) ;
#310 = EDGE_CURVE ( 'NONE', #313, #799, #371, .T. ) ;
#311 = VERTEX_POINT ( 'NONE', #1145 ) ;
#312 = DIRECTION ( 'NONE',  ( 1.000000000000000000, 7.709882115452500353E-17, -7.709882115451919801E-17 ) ) ;
#313 = VERTEX_POINT ( 'NONE', #1130 ) ;
#314 = CARTESIAN_POINT ( 'NONE',  ( 1.149090342039079893, 0.2602865328490450159, 0.000000000000000000 ) ) ;
#315 = ORIENTED_EDGE ( 'NONE', *, *, #3075, .T. ) ;
#316 = CARTESIAN_POINT ( 'NONE',  ( 1.058179716524219938, 0.5065490222236270768, 0.003000000000000000062 ) ) ;
#317 = ORIENTED_EDGE ( 'NONE', *, *, #2294, .T. ) ;
#318 = CARTESIAN_POINT ( 'NONE',  ( 1.806423675164849918, 0.1687665014250569750, 0.003000000000000000062 ) ) ;
#319 = AXIS2_PLACEMENT_3D ( 'NONE', #1809, #2021, #1028 ) ;
#320 = CARTESIAN_POINT ( 'NONE',  ( 2.675409066389279999, 0.1425311976777269840, 0.003000000000000000062 ) ) ;
#321 = AXIS2_PLACEMENT_3D ( 'NONE', #1609, #1112, #2094 ) ;
#322 = FACE_OUTER_BOUND ( 'NONE', #2639, .T. ) ;
#323 = B_SPLINE_SURFACE_WITH_KNOTS ( 'NONE', 3, 1, ( 
 ( #1317, #1117 ),
 ( #2319, #2776 ),
 ( #1858, #1846 ),
 ( #2791, #589 ) ),
 .UNSPECIFIED., .F., .F., .F.,
 ( 4, 4 ),
 ( 2, 2 ),
 ( 0.000000000000000000, 1.000000000000000000 ),
 ( 0.000000000000000000, 0.0002999999999999999737 ),
 .UNSPECIFIED. ) ;
#324 = VERTEX_POINT ( 'NONE', #175 ) ;
#325 = DIRECTION ( 'NONE',  ( -1.000000000000000000, 3.700743415417190151E-14, 0.000000000000000000 ) ) ;
#326 = ORIENTED_EDGE ( 'NONE', *, *, #2678, .F. ) ;
#327 = CARTESIAN_POINT ( 'NONE',  ( 3.000000000000000000, 3.734999999999999876, 0.1149999999999979927 ) ) ;
#328 = VERTEX_POINT ( 'NONE', #2127 ) ;
#329 = PLANE ( 'NONE',  #1499 ) ;
#330 = UNCERTAINTY_MEASURE_WITH_UNIT (LENGTH_MEASURE( 1.000000000000000082E-05 ), #1976, 'distance_accuracy_value', 'NONE');
#331 =( NAMED_UNIT ( * ) SI_UNIT ( $, .STERADIAN. ) SOLID_ANGLE_UNIT ( ) );
#332 = VERTEX_POINT ( 'NONE', #2598 ) ;
#333 = CARTESIAN_POINT ( 'NONE',  ( 2.655200030224209584, 0.5210366848059470035, 0.000000000000000000 ) ) ;
#334 = AXIS2_PLACEMENT_3D ( 'NONE', #1893, #191, #1461 ) ;
#335 = AXIS2_PLACEMENT_3D ( 'NONE', #1786, #1246, #2223 ) ;
#336 = AXIS2_PLACEMENT_3D ( 'NONE', #2492, #2725, #1508 ) ;
#337 = CARTESIAN_POINT ( 'NONE',  ( 0.9888828777242217871, 0.06300002997363289559, 0.003000000000000000062 ) ) ;
#338 = FACE_OUTER_BOUND ( 'NONE', #2274, .T. ) ;
#339 = DIRECTION ( 'NONE',  ( 0.000000000000000000, 0.000000000000000000, 1.000000000000000000 ) ) ;
#340 = EDGE_CURVE ( 'NONE', #94, #23, #2827, .T. ) ;
#341 = VERTEX_POINT ( 'NONE', #399 ) ;
#342 = LINE ( 'NONE', #3051, #1836 ) ;
#343 = ORIENTED_EDGE ( 'NONE', *, *, #2679, .F. ) ;
#344 = CARTESIAN_POINT ( 'NONE',  ( 2.832721995474209997, -0.1255174576940550069, 0.000000000000000000 ) ) ;
#345 = EDGE_CURVE ( 'NONE', #2059, #2075, #415, .T. ) ;
#346 =( BOUNDED_CURVE ( )  B_SPLINE_CURVE ( 3, ( #3025, #887, #2546, #2291 ),
 .UNSPECIFIED., .F., .F. ) 
 B_SPLINE_CURVE_WITH_KNOTS ( ( 4, 4 ),
 ( 2.952198259807775393, 3.248576055920399330 ),
 .UNSPECIFIED. ) 
 CURVE ( )  GEOMETRIC_REPRESENTATION_ITEM ( )  RATIONAL_B_SPLINE_CURVE ( ( 1.000000000000000000, 0.9926934025676834583, 0.9926934025676834583, 1.000000000000000000 ) ) 
 REPRESENTATION_ITEM ( '' )  );
#347 = EDGE_CURVE ( 'NONE', #1808, #2351, #741, .T. ) ;
#348 = CARTESIAN_POINT ( 'NONE',  ( 2.460055420869479814, 0.5092747727186139883, 0.000000000000000000 ) ) ;
#349 = ORIENTED_EDGE ( 'NONE', *, *, #1974, .F. ) ;
#350 =( GEOMETRIC_REPRESENTATION_CONTEXT ( 3 ) GLOBAL_UNCERTAINTY_ASSIGNED_CONTEXT ( ( #330 ) ) GLOBAL_UNIT_ASSIGNED_CONTEXT ( ( #1976, #3126, #946 ) ) REPRESENTATION_CONTEXT ( 'NONE', 'WORKASPACE' ) );
#351 = VERTEX_POINT ( 'NONE', #642 ) ;
#352 = VECTOR ( 'NONE', #22, 1000.000000000000000 ) ;
#353 = ADVANCED_FACE ( 'NONE', ( #2844 ), #2873, .T. ) ;
#354 = CARTESIAN_POINT ( 'NONE',  ( 0.9614035468382650107, 0.1300767119914489900, 0.000000000000000000 ) ) ;
#355 = DIRECTION ( 'NONE',  ( 0.7071067811865475727, -0.7071067811865475727, -1.807003620809173399E-16 ) ) ;
#356 = CARTESIAN_POINT ( 'NONE',  ( 1.217051290869149982, 0.3731001197084319876, 0.003000000000000000062 ) ) ;
#357 = VECTOR ( 'NONE', #1425, 1000.000000000000000 ) ;
#358 = DIRECTION ( 'NONE',  ( 0.000000000000000000, 0.000000000000000000, 1.000000000000000000 ) ) ;
#359 = B_SPLINE_CURVE_WITH_KNOTS ( 'NONE', 3,
 ( #2826, #641, #1376, #600, #1574, #2554, #1842, #2344, #2109, #1111 ),
 .UNSPECIFIED., .F., .F.,
 ( 4, 2, 2, 2, 4 ),
 ( 0.000000000000000000, 0.002765245702795840130, 0.005403171239024210162, 0.008002316249506690252, 0.01066864607792769939 ),
 .UNSPECIFIED. ) ;
#360 = ORIENTED_EDGE ( 'NONE', *, *, #2842, .F. ) ;
#361 = DIRECTION ( 'NONE',  ( 1.000000000000000000, 1.216715771344843810E-16, -1.216715771344781934E-16 ) ) ;
#362 = ORIENTED_EDGE ( 'NONE', *, *, #874, .T. ) ;
#363 = CYLINDRICAL_SURFACE ( 'NONE', #2925, 0.01500000000000009659 ) ;
#364 = UNCERTAINTY_MEASURE_WITH_UNIT (LENGTH_MEASURE( 1.000000000000000082E-05 ), #1737, 'distance_accuracy_value', 'NONE');
#365 = DIRECTION ( 'NONE',  ( 0.7071067811865475727, -0.7071067811865475727, 0.000000000000000000 ) ) ;
#366 = ORIENTED_EDGE ( 'NONE', *, *, #2841, .T. ) ;
#367 = AXIS2_PLACEMENT_3D ( 'NONE', #3028, #1602, #365 ) ;
#368 =( BOUNDED_CURVE ( )  B_SPLINE_CURVE ( 3, ( #2606, #651, #2834, #2168 ),
 .UNSPECIFIED., .F., .F. ) 
 B_SPLINE_CURVE_WITH_KNOTS ( ( 4, 4 ),
 ( 2.968133079070056635, 3.259304215174393171 ),
 .UNSPECIFIED. ) 
 CURVE ( )  GEOMETRIC_REPRESENTATION_ITEM ( )  RATIONAL_B_SPLINE_CURVE ( ( 1.000000000000000000, 0.9929474173872027132, 0.9929474173872027132, 1.000000000000000000 ) ) 
 REPRESENTATION_ITEM ( '' )  );
#369 = ORIENTED_EDGE ( 'NONE', *, *, #2722, .T. ) ;
#370 = CARTESIAN_POINT ( 'NONE',  ( 3.584999999999999964, -3.149999999999999911, 7.000000000000000000 ) ) ;
#371 = LINE ( 'NONE', #883, #2125 ) ;
#372 = CARTESIAN_POINT ( 'NONE',  ( 2.568753516131890180, 0.3616720333809389509, 0.003000000000000000062 ) ) ;
#373 = CARTESIAN_POINT ( 'NONE',  ( 1.800000000000000044, -3.745606601717797801, 0.1043933982822015244 ) ) ;
#374 = ORIENTED_EDGE ( 'NONE', *, *, #1799, .T. ) ;
#375 = CARTESIAN_POINT ( 'NONE',  ( 1.597297882451490070, 0.1858484663206519949, 0.003000000000000000062 ) ) ;
#376 = FACE_OUTER_BOUND ( 'NONE', #2888, .T. ) ;
#377 = ORIENTED_EDGE ( 'NONE', *, *, #1887, .F. ) ;
#378 = FACE_OUTER_BOUND ( 'NONE', #1039, .T. ) ;
#379 = ADVANCED_FACE ( 'NONE', ( #384 ), #1377, .T. ) ;
#380 = CARTESIAN_POINT ( 'NONE',  ( 0.9551405529787649895, 0.1624207523447949997, 0.003000000000000000062 ) ) ;
#381 = EDGE_CURVE ( 'NONE', #1226, #982, #1164, .T. ) ;
#382 = EDGE_CURVE ( 'NONE', #2351, #2907, #1928, .T. ) ;
#383 = DIRECTION ( 'NONE',  ( 0.7071067811865475727, -0.7071067811865475727, 0.000000000000000000 ) ) ;
#384 = FACE_OUTER_BOUND ( 'NONE', #189, .T. ) ;
#385 = AXIS2_PLACEMENT_3D ( 'NONE', #1046, #2751, #49 ) ;
#386 = DIRECTION ( 'NONE',  ( 0.000000000000000000, 0.000000000000000000, -1.000000000000000000 ) ) ;
#387 = ADVANCED_FACE ( 'NONE', ( #2880 ), #2363, .T. ) ;
#388 = DIRECTION ( 'NONE',  ( 0.000000000000000000, 0.000000000000000000, -1.000000000000000000 ) ) ;
#389 = ORIENTED_EDGE ( 'NONE', *, *, #2487, .F. ) ;
#390 = CARTESIAN_POINT ( 'NONE',  ( 1.244168778549600063, -0.01311918744405119949, 0.003000000000000000062 ) ) ;
#391 = CARTESIAN_POINT ( 'NONE',  ( 3.135000000000000231, -3.000000000000000000, 0.1000000000000000056 ) ) ;
#392 = CARTESIAN_POINT ( 'NONE',  ( 1.195543351607309956, 0.05709585618653800071, 0.000000000000000000 ) ) ;
#393 = ORIENTED_EDGE ( 'NONE', *, *, #1556, .F. ) ;
#394 = ORIENTED_EDGE ( 'NONE', *, *, #1156, .F. ) ;
#395 = ORIENTED_EDGE ( 'NONE', *, *, #382, .T. ) ;
#396 = CARTESIAN_POINT ( 'NONE',  ( 1.634753112524210072, -0.01781905633674120068, 0.000000000000000000 ) ) ;
#397 = AXIS2_PLACEMENT_3D ( 'NONE', #1249, #1966, #2716 ) ;
#398 = DIRECTION ( 'NONE',  ( -2.443350504691545093E-16, 9.918962001855379101E-19, -1.000000000000000000 ) ) ;
#399 = CARTESIAN_POINT ( 'NONE',  ( 1.794075582381910117, 0.2053323303986359927, 0.003000000000000000062 ) ) ;
#400 = EDGE_CURVE ( 'NONE', #2919, #464, #2829, .T. ) ;
#401 = FACE_OUTER_BOUND ( 'NONE', #653, .T. ) ;
#402 = EDGE_CURVE ( 'NONE', #1549, #609, #2147, .T. ) ;
#403 = CARTESIAN_POINT ( 'NONE',  ( 2.474502032465289769, 0.4950340348809439406, 0.003000000000000000062 ) ) ;
#404 = CARTESIAN_POINT ( 'NONE',  ( 2.497948740715359772, -0.2861090772866989873, 0.000000000000000000 ) ) ;
#405 = LINE ( 'NONE', #2008, #3138 ) ;
#406 = CARTESIAN_POINT ( 'NONE',  ( 1.629340632300850134, 0.1829139535453500054, 0.003000000000000000062 ) ) ;
#407 = EDGE_CURVE ( 'NONE', #1025, #1870, #1672, .T. ) ;
#408 = CARTESIAN_POINT ( 'NONE',  ( 2.619266014475499560, 0.5649641999185990304, 0.000000000000000000 ) ) ;
#409 = ORIENTED_EDGE ( 'NONE', *, *, #2943, .F. ) ;
#410 = ORIENTED_EDGE ( 'NONE', *, *, #79, .F. ) ;
#411 = VERTEX_POINT ( 'NONE', #1430 ) ;
#412 = VECTOR ( 'NONE', #2484, 1000.000000000000000 ) ;
#413 =( LENGTH_UNIT ( ) NAMED_UNIT ( * ) SI_UNIT ( .MILLI., .METRE. ) );
#414 = CARTESIAN_POINT ( 'NONE',  ( 1.263197675381910079, 0.4013528373059430110, 0.000000000000000000 ) ) ;
#415 = LINE ( 'NONE', #1875, #2276 ) ;
#416 = CARTESIAN_POINT ( 'NONE',  ( 1.948065610680079995, -0.06525331790171930157, 0.000000000000000000 ) ) ;
#417 = FACE_OUTER_BOUND ( 'NONE', #2311, .T. ) ;
#418 = CARTESIAN_POINT ( 'NONE',  ( 2.727228053747860148, -0.3493482614828520294, 0.000000000000000000 ) ) ;
#419 = CARTESIAN_POINT ( 'NONE',  ( 0.9610419888376440234, 0.3454604272046409852, 0.003000000000000000062 ) ) ;
#420 = LINE ( 'NONE', #408, #2286 ) ;
#421 = CARTESIAN_POINT ( 'NONE',  ( 1.424003106881910119, 0.4346410644809469703, 0.003000000000000000062 ) ) ;
#422 = ORIENTED_EDGE ( 'NONE', *, *, #12, .T. ) ;
#423 = ORIENTED_EDGE ( 'NONE', *, *, #2116, .F. ) ;
#424 = DIRECTION ( 'NONE',  ( -4.022547190670854556E-17, 4.022547190670854556E-17, -1.000000000000000000 ) ) ;
#425 = VERTEX_POINT ( 'NONE', #3130 ) ;
#426 = DIRECTION ( 'NONE',  ( 0.000000000000000000, 0.000000000000000000, 1.000000000000000000 ) ) ;
#427 = CYLINDRICAL_SURFACE ( 'NONE', #3010, 0.6000000000000001998 ) ;
#428 = B_SPLINE_CURVE_WITH_KNOTS ( 'NONE', 3,
 ( #562, #2293, #2060, #1552 ),
 .UNSPECIFIED., .F., .F.,
 ( 4, 4 ),
 ( 0.000000000000000000, 1.000000000000000000 ),
 .UNSPECIFIED. ) ;
#429 = PRODUCT_DEFINITION_FORMATION_WITH_SPECIFIED_SOURCE ( 'ANY', '', #1233, .NOT_KNOWN. ) ;
#430 = FACE_OUTER_BOUND ( 'NONE', #8, .T. ) ;
#431 = DIRECTION ( 'NONE',  ( 0.7071067811865764385, 0.000000000000000000, 0.7071067811865185959 ) ) ;
#432 = DIRECTION ( 'NONE',  ( -1.000000000000000000, 0.000000000000000000, 2.433431542689689592E-16 ) ) ;
#433 = AXIS2_PLACEMENT_3D ( 'NONE', #1082, #840, #1343 ) ;
#434 = VECTOR ( 'NONE', #255, 1000.000000000000000 ) ;
#435 = FACE_OUTER_BOUND ( 'NONE', #1989, .T. ) ;
#436 = VECTOR ( 'NONE', #361, 1000.000000000000000 ) ;
#437 = EDGE_CURVE ( 'NONE', #799, #2229, #951, .T. ) ;
#438 = CARTESIAN_POINT ( 'NONE',  ( 2.883062313314046499, 0.07285179508418258842, 0.003000000000000000062 ) ) ;
#439 = AXIS2_PLACEMENT_3D ( 'NONE', #2238, #828, #2753 ) ;
#440 = FACE_OUTER_BOUND ( 'NONE', #3122, .T. ) ;
#441 = VERTEX_POINT ( 'NONE', #1689 ) ;
#442 = EDGE_CURVE ( 'NONE', #2595, #2672, #920, .T. ) ;
#443 = EDGE_CURVE ( 'NONE', #2993, #1471, #1126, .T. ) ;
#444 = ORIENTED_EDGE ( 'NONE', *, *, #3000, .F. ) ;
#445 = PLANE ( 'NONE',  #2938 ) ;
#446 = ORIENTED_EDGE ( 'NONE', *, *, #1996, .F. ) ;
#447 = EDGE_CURVE ( 'NONE', #1847, #411, #821, .T. ) ;
#448 = AXIS2_PLACEMENT_3D ( 'NONE', #226, #2180, #2651 ) ;
#449 = CARTESIAN_POINT ( 'NONE',  ( 2.568753516131890180, 0.3616720333809389509, 0.003000000000000000062 ) ) ;
#450 = CARTESIAN_POINT ( 'NONE',  ( -3.000000000000000000, 3.745606601717797801, 6.995606601717797801 ) ) ;
#451 = AXIS2_PLACEMENT_3D ( 'NONE', #2141, #2859, #672 ) ;
#452 = CARTESIAN_POINT ( 'NONE',  ( -0.5412853348526590613, 2.815499810793200108, 0.003000000000000000062 ) ) ;
#453 = CARTESIAN_POINT ( 'NONE',  ( 0.9550272685242209292, 0.2378575140559439915, 0.000000000000000000 ) ) ;
#454 = DIRECTION ( 'NONE',  ( 0.000000000000000000, 0.000000000000000000, 1.000000000000000000 ) ) ;
#455 = VERTEX_POINT ( 'NONE', #1149 ) ;
#456 = CARTESIAN_POINT ( 'NONE',  ( 3.135000000000000231, 3.000000000000000000, 0.1000000000000000056 ) ) ;
#457 = DIRECTION ( 'NONE',  ( 0.000000000000000000, 0.000000000000000000, 1.000000000000000000 ) ) ;
#458 = VERTEX_POINT ( 'NONE', #1185 ) ;
#459 = CARTESIAN_POINT ( 'NONE',  ( 2.013422970007853863, 0.2889093159100799557, 0.000000000000000000 ) ) ;
#460 = CARTESIAN_POINT ( 'NONE',  ( 3.000000000000000000, 3.149999999999999911, 5.275000000000000355 ) ) ;
#461 = CONTEXT_DEPENDENT_SHAPE_REPRESENTATION ( #2224, #2977 ) ;
#462 =( NAMED_UNIT ( * ) PLANE_ANGLE_UNIT ( ) SI_UNIT ( $, .RADIAN. ) );
#463 = VECTOR ( 'NONE', #1904, 1000.000000000000000 ) ;
#464 = VERTEX_POINT ( 'NONE', #1895 ) ;
#465 = DIRECTION ( 'NONE',  ( 0.000000000000000000, 0.000000000000000000, 1.000000000000000000 ) ) ;
#466 = CARTESIAN_POINT ( 'NONE',  ( 1.998088153358619889, 0.03279882566325869470, 0.003000000000000000062 ) ) ;
#467 = FACE_OUTER_BOUND ( 'NONE', #2156, .T. ) ;
#468 = PRESENTATION_STYLE_ASSIGNMENT (( #522 ) ) ;
#469 = CARTESIAN_POINT ( 'NONE',  ( 1.536247171191910121, 0.5993205209132550504, 0.000000000000000000 ) ) ;
#470 = CARTESIAN_POINT ( 'NONE',  ( 1.569041344024219908, 0.1750581614132520059, 0.003000000000000000062 ) ) ;
#471 = VERTEX_POINT ( 'NONE', #1950 ) ;
#472 = DIRECTION ( 'NONE',  ( 0.7071067811865475727, 0.7071067811865475727, -1.807003620809173399E-16 ) ) ;
#473 = CIRCLE ( 'NONE', #882, 0.5849999999999998535 ) ;
#474 = ORIENTED_EDGE ( 'NONE', *, *, #2218, .F. ) ;
#475 = DIRECTION ( 'NONE',  ( 0.000000000000000000, 1.000000000000000000, 0.000000000000000000 ) ) ;
#476 = EDGE_LOOP ( 'NONE', ( #1851, #276, #1027, #2029 ) ) ;
#477 = DIRECTION ( 'NONE',  ( 1.000000000000000000, 0.000000000000000000, 0.000000000000000000 ) ) ;
#478 = VECTOR ( 'NONE', #3060, 1000.000000000000114 ) ;
#479 = SHAPE_DEFINITION_REPRESENTATION ( #2929, #2095 ) ;
#480 = B_SPLINE_SURFACE_WITH_KNOTS ( 'NONE', 3, 1, ( 
 ( #1131, #403 ),
 ( #1894, #2828 ),
 ( #2864, #2800 ),
 ( #3050, #372 ) ),
 .UNSPECIFIED., .F., .F., .F.,
 ( 4, 4 ),
 ( 2, 2 ),
 ( 0.000000000000000000, 1.000000000000000000 ),
 ( 0.000000000000000000, 0.0002999999999999999737 ),
 .UNSPECIFIED. ) ;
#481 = CARTESIAN_POINT ( 'NONE',  ( 1.402427779191900203, 0.6100535883059420295, 0.000000000000000000 ) ) ;
#482 = VERTEX_POINT ( 'NONE', #196 ) ;
#483 = SURFACE_SIDE_STYLE ('',( #711 ) ) ;
#484 = EDGE_CURVE ( 'NONE', #2229, #3089, #2849, .T. ) ;
#485 = SURFACE_STYLE_USAGE ( .BOTH. , #1477 ) ;
#486 = EDGE_CURVE ( 'NONE', #1086, #1031, #582, .T. ) ;
#487 = EDGE_CURVE ( 'NONE', #217, #1859, #1657, .T. ) ;
#488 = CARTESIAN_POINT ( 'NONE',  ( 0.9610419888376440234, 0.3454604272046409852, 0.000000000000000000 ) ) ;
#489 =( NAMED_UNIT ( * ) PLANE_ANGLE_UNIT ( ) SI_UNIT ( $, .RADIAN. ) );
#490 = LINE ( 'NONE', #973, #1993 ) ;
#491 = B_SPLINE_CURVE_WITH_KNOTS ( 'NONE', 3,
 ( #1362, #1855, #157, #2360 ),
 .UNSPECIFIED., .F., .F.,
 ( 4, 4 ),
 ( 0.000000000000000000, 0.9693837109528939955 ),
 .UNSPECIFIED. ) ;
#492 = ORIENTED_EDGE ( 'NONE', *, *, #2661, .F. ) ;
#493 = CARTESIAN_POINT ( 'NONE',  ( -3.000000000000000000, 3.149999999999999911, 0.1000000000000000056 ) ) ;
#494 = EDGE_LOOP ( 'NONE', ( #624, #2227, #1338, #2677 ) ) ;
#495 = AXIS2_PLACEMENT_3D ( 'NONE', #2728, #554, #1753 ) ;
#496 = FACE_OUTER_BOUND ( 'NONE', #1581, .T. ) ;
#497 = CIRCLE ( 'NONE', #2139, 0.01499999999999938882 ) ;
#498 = CARTESIAN_POINT ( 'NONE',  ( 1.806423675164849918, 0.1687665014250569750, 0.003000000000000000062 ) ) ;
#499 = APPLICATION_PROTOCOL_DEFINITION ( 'draft international standard', 'automotive_design', 1998, #1937 ) ;
#500 = FACE_OUTER_BOUND ( 'NONE', #1053, .T. ) ;
#501 = ORIENTED_EDGE ( 'NONE', *, *, #2980, .T. ) ;
#502 = CARTESIAN_POINT ( 'NONE',  ( 2.460055420869479814, 0.5092747727186139883, 0.000000000000000000 ) ) ;
#503 = FACE_OUTER_BOUND ( 'NONE', #2511, .T. ) ;
#504 = CARTESIAN_POINT ( 'NONE',  ( 0.9550272685242209292, 0.2378575140559439915, 0.003000000000000000062 ) ) ;
#505 = LINE ( 'NONE', #1495, #2831 ) ;
#506 = ADVANCED_FACE ( 'NONE', ( #935 ), #2255, .T. ) ;
#507 = STYLED_ITEM ( 'NONE', ( #2478 ), #2468 ) ;
#508 = EDGE_LOOP ( 'NONE', ( #106, #1299, #1175, #444 ) ) ;
#509 = VECTOR ( 'NONE', #1772, 1000.000000000000000 ) ;
#510 = EDGE_LOOP ( 'NONE', ( #1838, #965, #2334, #620 ) ) ;
#511 = CARTESIAN_POINT ( 'NONE',  ( 3.000000000000000000, -3.149999999999999911, 7.000000000000000000 ) ) ;
#512 = ORIENTED_EDGE ( 'NONE', *, *, #2447, .T. ) ;
#513 = CARTESIAN_POINT ( 'NONE',  ( -3.584999999999999964, 3.149999999999999911, 0.1150000000000000050 ) ) ;
#514 = EDGE_CURVE ( 'NONE', #2932, #1451, #2865, .T. ) ;
#515 = ORIENTED_EDGE ( 'NONE', *, *, #2428, .T. ) ;
#516 = CARTESIAN_POINT ( 'NONE',  ( 1.794075582381910117, 0.2053323303986359927, 0.003000000000000000062 ) ) ;
#517 = CIRCLE ( 'NONE', #1341, 0.01499999999999999944 ) ;
#518 = ORIENTED_EDGE ( 'NONE', *, *, #2850, .F. ) ;
#519 = LINE ( 'NONE', #566, #2786 ) ;
#520 = DIRECTION ( 'NONE',  ( 1.000000000000000000, 0.000000000000000000, -2.433431542689689592E-16 ) ) ;
#521 = CARTESIAN_POINT ( 'NONE',  ( 2.646531726474360191, 0.2248832587108499925, 0.003000000000000000062 ) ) ;
#522 = SURFACE_STYLE_USAGE ( .BOTH. , #1752 ) ;
#523 = CARTESIAN_POINT ( 'NONE',  ( 1.795429313059579757, 0.1434575599809420066, 0.003000000000000000062 ) ) ;
#524 = VECTOR ( 'NONE', #1726, 1000.000000000000000 ) ;
#525 = ORIENTED_EDGE ( 'NONE', *, *, #1394, .F. ) ;
#526 = VERTEX_POINT ( 'NONE', #1132 ) ;
#527 = CARTESIAN_POINT ( 'NONE',  ( 1.998088153358619889, 0.03279882566325869470, 0.003000000000000000062 ) ) ;
#528 = ORIENTED_EDGE ( 'NONE', *, *, #2213, .T. ) ;
#529 = LINE ( 'NONE', #2502, #412 ) ;
#530 = ORIENTED_EDGE ( 'NONE', *, *, #2985, .F. ) ;
#531 = CARTESIAN_POINT ( 'NONE',  ( 1.884727911024219882, 0.4168979431632569566, 0.000000000000000000 ) ) ;
#532 = EDGE_CURVE ( 'NONE', #3089, #101, #2112, .T. ) ;
#533 = DIRECTION ( 'NONE',  ( 0.000000000000000000, 0.000000000000000000, 1.000000000000000000 ) ) ;
#534 = VERTEX_POINT ( 'NONE', #2726 ) ;
#535 = CARTESIAN_POINT ( 'NONE',  ( 1.795429313059579757, 0.1434575599809420066, 0.000000000000000000 ) ) ;
#536 = CARTESIAN_POINT ( 'NONE',  ( 1.263197675381910079, 0.4013528373059430110, 0.003000000000000000062 ) ) ;
#537 = CARTESIAN_POINT ( 'NONE',  ( 1.402427779191900203, 0.6100535883059420295, 0.000000000000000000 ) ) ;
#538 = DIRECTION ( 'NONE',  ( 0.000000000000000000, 0.000000000000000000, 1.000000000000000000 ) ) ;
#539 = EDGE_LOOP ( 'NONE', ( #1197, #1498, #2641, #45 ) ) ;
#540 = LINE ( 'NONE', #1562, #193 ) ;
#541 = ORIENTED_EDGE ( 'NONE', *, *, #914, .T. ) ;
#542 = PLANE ( 'NONE',  #1509 ) ;
#543 = ORIENTED_EDGE ( 'NONE', *, *, #1497, .T. ) ;
#544 = CARTESIAN_POINT ( 'NONE',  ( 1.541312020898637725, 0.4342252471849948892, 0.000000000000000000 ) ) ;
#545 = PRODUCT_DEFINITION_FORMATION_WITH_SPECIFIED_SOURCE ( 'ANY', '', #1256, .NOT_KNOWN. ) ;
#546 = EDGE_CURVE ( 'NONE', #1316, #974, #2205, .T. ) ;
#547 = AXIS2_PLACEMENT_3D ( 'NONE', #1612, #2058, #613 ) ;
#548 = AXIS2_PLACEMENT_3D ( 'NONE', #1994, #1751, #37 ) ;
#549 = EDGE_CURVE ( 'NONE', #526, #2356, #2476, .T. ) ;
#550 = ORIENTED_EDGE ( 'NONE', *, *, #1556, .T. ) ;
#551 = CARTESIAN_POINT ( 'NONE',  ( -0.9038064344890468504, -2.815499810793200108, 0.000000000000000000 ) ) ;
#552 = STYLED_ITEM ( 'NONE', ( #917 ), #680 ) ;
#553 = CARTESIAN_POINT ( 'NONE',  ( 2.559202766881900182, -0.2243613597867389897, 0.000000000000000000 ) ) ;
#554 = DIRECTION ( 'NONE',  ( 1.000000000000000000, 0.000000000000000000, 0.000000000000000000 ) ) ;
#555 = VERTEX_POINT ( 'NONE', #16 ) ;
#556 = CARTESIAN_POINT ( 'NONE',  ( 1.678314112524220025, 0.1650514736986300190, 0.000000000000000000 ) ) ;
#557 = AXIS2_PLACEMENT_3D ( 'NONE', #3058, #866, #880 ) ;
#558 = VERTEX_POINT ( 'NONE', #536 ) ;
#559 = DIRECTION ( 'NONE',  ( 0.000000000000000000, 0.000000000000000000, 1.000000000000000000 ) ) ;
#560 = AXIS2_PLACEMENT_3D ( 'NONE', #3061, #2848, #677 ) ;
#561 = ORIENTED_EDGE ( 'NONE', *, *, #580, .F. ) ;
#562 = CARTESIAN_POINT ( 'NONE',  ( 1.536247171191910121, 0.5993205209132550504, 0.003000000000000000062 ) ) ;
#563 = B_SPLINE_SURFACE_WITH_KNOTS ( 'NONE', 3, 1, ( 
 ( #2825, #852 ),
 ( #1618, #2108 ),
 ( #2140, #1650 ),
 ( #1389, #1607 ) ),
 .UNSPECIFIED., .F., .F., .F.,
 ( 4, 4 ),
 ( 2, 2 ),
 ( 0.000000000000000000, 1.000000000000000000 ),
 ( 0.000000000000000000, 0.0002999999999999999737 ),
 .UNSPECIFIED. ) ;
#564 = DIRECTION ( 'NONE',  ( 1.000000000000000000, 0.000000000000000000, 0.000000000000000000 ) ) ;
#565 = VERTEX_POINT ( 'NONE', #2961 ) ;
#566 = CARTESIAN_POINT ( 'NONE',  ( -1.800000000000000044, 3.750000000000000000, 6.985000000000000320 ) ) ;
#567 = CARTESIAN_POINT ( 'NONE',  ( -3.424264068711928122, 3.574264068711928921, 0.1150000000000001160 ) ) ;
#568 = CARTESIAN_POINT ( 'NONE',  ( 1.149859174586990163, 0.1507436455841160150, 0.003000000000000000062 ) ) ;
#569 = ORIENTED_EDGE ( 'NONE', *, *, #3041, .F. ) ;
#570 = CARTESIAN_POINT ( 'NONE',  ( -3.595606601717798334, 3.149999999999999911, 0.1043933982822021767 ) ) ;
#571 = TOROIDAL_SURFACE ( 'NONE', #2214, 0.5849999999999999645, 0.01500000000000000118 ) ;
#572 = ORIENTED_EDGE ( 'NONE', *, *, #2980, .F. ) ;
#573 = CARTESIAN_POINT ( 'NONE',  ( 2.568753516131890180, 0.3616720333809389509, 0.000000000000000000 ) ) ;
#574 = EDGE_LOOP ( 'NONE', ( #2078, #1617, #131, #2552 ) ) ;
#575 = CARTESIAN_POINT ( 'NONE',  ( 1.698279564971300060, 0.1577691436554649884, 0.003000000000000000062 ) ) ;
#576 = LINE ( 'NONE', #1274, #2069 ) ;
#577 = ORIENTED_EDGE ( 'NONE', *, *, #2490, .T. ) ;
#578 = CARTESIAN_POINT ( 'NONE',  ( 1.634753112524210072, -0.01781905633674120068, 0.000000000000000000 ) ) ;
#579 = AXIS2_PLACEMENT_3D ( 'NONE', #1135, #1642, #861 ) ;
#580 = EDGE_CURVE ( 'NONE', #844, #2263, #1750, .T. ) ;
#581 = CARTESIAN_POINT ( 'NONE',  ( 1.718932857381910040, 0.3189176378986359750, 0.000000000000000000 ) ) ;
#582 = CIRCLE ( 'NONE', #2374, 0.5999999999999998668 ) ;
#583 = CARTESIAN_POINT ( 'NONE',  ( 1.167714493222769878, 0.3102210129289370011, 0.000000000000000000 ) ) ;
#584 = EDGE_CURVE ( 'NONE', #2775, #2993, #2012, .T. ) ;
#585 = EDGE_CURVE ( 'NONE', #2018, #2443, #1320, .T. ) ;
#586 = VERTEX_POINT ( 'NONE', #2493 ) ;
#587 = CARTESIAN_POINT ( 'NONE',  ( -0.7225458846708531224, 0.000000000000000000, 0.003000000000000000062 ) ) ;
#588 = ORIENTED_EDGE ( 'NONE', *, *, #686, .F. ) ;
#589 = CARTESIAN_POINT ( 'NONE',  ( 1.058179716524219938, 0.5065490222236270768, 0.003000000000000000062 ) ) ;
#590 = ORIENTED_EDGE ( 'NONE', *, *, #2300, .T. ) ;
#591 = DIRECTION ( 'NONE',  ( -1.000000000000000000, 0.000000000000000000, 1.541976423090500071E-16 ) ) ;
#592 = EDGE_CURVE ( 'NONE', #1248, #2073, #1718, .T. ) ;
#593 = PRODUCT_DEFINITION_CONTEXT ( 'detailed design', #1358, 'design' ) ;
#594 = CARTESIAN_POINT ( 'NONE',  ( 1.244168778549600063, -0.01311918744405129837, 0.000000000000000000 ) ) ;
#595 = ORIENTED_EDGE ( 'NONE', *, *, #2064, .T. ) ;
#596 = B_SPLINE_CURVE_WITH_KNOTS ( 'NONE', 3,
 ( #3101, #615, #2851, #663 ),
 .UNSPECIFIED., .F., .F.,
 ( 4, 4 ),
 ( 0.000000000000000000, 1.000000000000000000 ),
 .UNSPECIFIED. ) ;
#597 = ORIENTED_EDGE ( 'NONE', *, *, #141, .F. ) ;
#598 = CIRCLE ( 'NONE', #2188, 0.01499999999999982250 ) ;
#599 = MANIFOLD_SOLID_BREP ( 'Imported1', #1033 ) ;
#600 = CARTESIAN_POINT ( 'NONE',  ( 1.144413015019980051, 0.2336072562400020036, 0.003000000000000000062 ) ) ;
#601 = DIRECTION ( 'NONE',  ( 0.000000000000000000, 1.000000000000000000, 0.000000000000000000 ) ) ;
#602 = CARTESIAN_POINT ( 'NONE',  ( 1.685000000000000053, 3.000000000000000000, 0.000000000000000000 ) ) ;
#603 = ORIENTED_EDGE ( 'NONE', *, *, #2068, .F. ) ;
#604 = CARTESIAN_POINT ( 'NONE',  ( 1.536247171191910121, 0.5993205209132550504, 0.000000000000000000 ) ) ;
#605 = EDGE_LOOP ( 'NONE', ( #2836, #2921, #1765, #1595, #1885, #1818, #72 ) ) ;
#606 = DIRECTION ( 'NONE',  ( 0.000000000000000000, 0.000000000000000000, -1.000000000000000000 ) ) ;
#607 = CARTESIAN_POINT ( 'NONE',  ( 1.600616448272158987, 0.4340150346292362404, 0.003000000000000000496 ) ) ;
#608 = ORIENTED_EDGE ( 'NONE', *, *, #2913, .T. ) ;
#609 = VERTEX_POINT ( 'NONE', #1768 ) ;
#610 = CARTESIAN_POINT ( 'NONE',  ( 0.9550272685242209292, 0.2378575140559439915, 0.003000000000000000062 ) ) ;
#611 = CARTESIAN_POINT ( 'NONE',  ( -3.135000000000000231, -3.000000000000000000, 0.1000000000000000056 ) ) ;
#612 = CARTESIAN_POINT ( 'NONE',  ( 1.238754990431230052, 0.3894733533833369954, 0.003000000000000000062 ) ) ;
#613 = DIRECTION ( 'NONE',  ( -0.7071067811865472397, -0.7071067811865479058, 0.000000000000000000 ) ) ;
#614 = ORIENTED_EDGE ( 'NONE', *, *, #2617, .F. ) ;
#615 = CARTESIAN_POINT ( 'NONE',  ( 2.684159383238509999, 0.4805343931838980120, 0.000000000000000000 ) ) ;
#616 = CLOSED_SHELL ( 'NONE', ( #1794, #206, #2424, #825, #1539, #1970, #1500, #1659, #2099, #2767, #144, #2455, #1873, #17, #70, #1496, #1439, #1601, #139, #3129, #2563, #639, #732, #1017, #2685, #53, #1114, #621, #1265, #1605, #1734, #3113, #1321, #2494, #1557, #1357, #1420, #2157 ) ) ;
#617 = UNCERTAINTY_MEASURE_WITH_UNIT (LENGTH_MEASURE( 1.000000000000000082E-05 ), #2663, 'distance_accuracy_value', 'NONE');
#618 = EDGE_CURVE ( 'NONE', #201, #2047, #2928, .T. ) ;
#619 = CARTESIAN_POINT ( 'NONE',  ( 2.474502032465289769, 0.4950340348809439406, 0.003000000000000000062 ) ) ;
#620 = ORIENTED_EDGE ( 'NONE', *, *, #1779, .T. ) ;
#621 = ADVANCED_FACE ( 'NONE', ( #503 ), #2398, .T. ) ;
#622 = VECTOR ( 'NONE', #3042, 1000.000000000000000 ) ;
#623 = ADVANCED_FACE ( 'NONE', ( #1217 ), #947, .T. ) ;
#624 = ORIENTED_EDGE ( 'NONE', *, *, #2616, .F. ) ;
#625 = DIRECTION ( 'NONE',  ( 0.000000000000000000, 0.000000000000000000, 1.000000000000000000 ) ) ;
#626 = EDGE_CURVE ( 'NONE', #1695, #2714, #2361, .T. ) ;
#627 = CARTESIAN_POINT ( 'NONE',  ( -3.600000000000000089, -3.149999999999999911, 1.824999999999999956 ) ) ;
#628 = CARTESIAN_POINT ( 'NONE',  ( 1.794075582381900125, 0.2053323303986319959, 0.000000000000000000 ) ) ;
#629 = DIRECTION ( 'NONE',  ( 1.000000000000000000, 0.000000000000000000, -2.312964634635739999E-16 ) ) ;
#630 = FACE_OUTER_BOUND ( 'NONE', #2773, .T. ) ;
#631 = VERTEX_POINT ( 'NONE', #466 ) ;
#632 = DIRECTION ( 'NONE',  ( 1.541976423090500071E-16, 0.000000000000000000, 1.000000000000000000 ) ) ;
#633 = DIRECTION ( 'NONE',  ( 0.000000000000000000, -1.000000000000000000, 0.000000000000000000 ) ) ;
#634 = CARTESIAN_POINT ( 'NONE',  ( 3.000000000000000000, 3.750000000000000000, 6.985000000000000320 ) ) ;
#635 = EDGE_LOOP ( 'NONE', ( #2023, #1056, #393, #738, #937, #1332, #1037, #2135 ) ) ;
#636 = ORIENTED_EDGE ( 'NONE', *, *, #2289, .T. ) ;
#637 = CARTESIAN_POINT ( 'NONE',  ( 2.300667941559309870, -0.5783582782955331014, 0.000000000000000000 ) ) ;
#638 = EDGE_CURVE ( 'NONE', #565, #2775, #80, .T. ) ;
#639 = ADVANCED_FACE ( 'NONE', ( #2190 ), #693, .T. ) ;
#640 = FACE_OUTER_BOUND ( 'NONE', #1967, .T. ) ;
#641 = CARTESIAN_POINT ( 'NONE',  ( 1.149859174586990163, 0.1507436455841160150, 0.003000000000000000062 ) ) ;
#642 = CARTESIAN_POINT ( 'NONE',  ( 0.9967332959419099581, 0.4193616807236299482, 0.000000000000000000 ) ) ;
#643 = EDGE_CURVE ( 'NONE', #351, #200, #2426, .T. ) ;
#644 = CARTESIAN_POINT ( 'NONE',  ( 2.619266014475499560, 0.5649641999185990304, 0.000000000000000000 ) ) ;
#645 = VECTOR ( 'NONE', #3102, 1000.000000000000000 ) ;
#646 = DIRECTION ( 'NONE',  ( 1.000000000000000000, 0.000000000000000000, 0.000000000000000000 ) ) ;
#647 = CARTESIAN_POINT ( 'NONE',  ( 2.334754714381940044, -0.3594912118690549718, 0.000000000000000000 ) ) ;
#648 = LINE ( 'NONE', #2531, #1373 ) ;
#649 = CARTESIAN_POINT ( 'NONE',  ( 0.9550272685242209292, 0.2378575140559439915, 0.003000000000000000062 ) ) ;
#650 = UNCERTAINTY_MEASURE_WITH_UNIT (LENGTH_MEASURE( 1.000000000000000082E-05 ), #2649, 'distance_accuracy_value', 'NONE');
#651 = CARTESIAN_POINT ( 'NONE',  ( 1.595503018588000144, -0.5055544941832526007, 0.002999999999999999629 ) ) ;
#652 = CARTESIAN_POINT ( 'NONE',  ( 2.474502032465289769, 0.4950340348809439406, 0.000000000000000000 ) ) ;
#653 = EDGE_LOOP ( 'NONE', ( #2973, #118, #1259, #1806 ) ) ;
#654 = ORIENTED_EDGE ( 'NONE', *, *, #1634, .T. ) ;
#655 = ORIENTED_EDGE ( 'NONE', *, *, #787, .T. ) ;
#656 = CARTESIAN_POINT ( 'NONE',  ( -3.000000000000000000, -3.149999999999999911, 0.1150000000000000050 ) ) ;
#657 = CIRCLE ( 'NONE', #1900, 0.01499999999999970107 ) ;
#658 = CARTESIAN_POINT ( 'NONE',  ( 2.513107981559430382, 0.4558545581193509943, 0.003000000000000000062 ) ) ;
#659 = CARTESIAN_POINT ( 'NONE',  ( 1.750658043274220033, 0.1422458381632560054, 0.000000000000000000 ) ) ;
#660 = FACE_OUTER_BOUND ( 'NONE', #2578, .T. ) ;
#661 = DIRECTION ( 'NONE',  ( -0.7071067811865472397, 0.7071067811865479058, 0.000000000000000000 ) ) ;
#662 = VECTOR ( 'NONE', #263, 1000.000000000000000 ) ;
#663 = CARTESIAN_POINT ( 'NONE',  ( 2.655200030224209584, 0.5210366848059470035, 0.000000000000000000 ) ) ;
#664 = CARTESIAN_POINT ( 'NONE',  ( 2.651093422845979930, 0.5274869084348279280, 0.000000000000000000 ) ) ;
#665 = LINE ( 'NONE', #1694, #524 ) ;
#666 = VERTEX_POINT ( 'NONE', #450 ) ;
#667 = VERTEX_POINT ( 'NONE', #644 ) ;
#668 = PLANE ( 'NONE',  #1005 ) ;
#669 = AXIS2_PLACEMENT_3D ( 'NONE', #47, #1030, #1837 ) ;
#670 = FACE_OUTER_BOUND ( 'NONE', #2744, .T. ) ;
#671 =( BOUNDED_CURVE ( )  B_SPLINE_CURVE ( 3, ( #2637, #438, #1432, #3118 ),
 .UNSPECIFIED., .F., .F. ) 
 B_SPLINE_CURVE_WITH_KNOTS ( ( 4, 4 ),
 ( 6.077972598395771087, 6.800484377271369674 ),
 .UNSPECIFIED. ) 
 CURVE ( )  GEOMETRIC_REPRESENTATION_ITEM ( )  RATIONAL_B_SPLINE_CURVE ( ( 1.000000000000000000, 0.9569691121533644429, 0.9569691121533644429, 1.000000000000000000 ) ) 
 REPRESENTATION_ITEM ( '' )  );
#672 = DIRECTION ( 'NONE',  ( 1.000000000000000000, 0.000000000000000000, 0.000000000000000000 ) ) ;
#673 = CARTESIAN_POINT ( 'NONE',  ( 1.244168778549600063, -0.01311918744405119949, 0.000000000000000000 ) ) ;
#674 = ADVANCED_FACE ( 'NONE', ( #2845 ), #1283, .T. ) ;
#675 = CARTESIAN_POINT ( 'NONE',  ( -1.685000000000000053, -3.000000000000000000, 0.000000000000000000 ) ) ;
#676 = ADVANCED_FACE ( 'NONE', ( #401 ), #1546, .T. ) ;
#677 = DIRECTION ( 'NONE',  ( 0.7071067811865475727, -0.7071067811865475727, 0.000000000000000000 ) ) ;
#678 = CARTESIAN_POINT ( 'NONE',  ( 2.710141341474209931, 0.4458213581382519664, 0.000000000000000000 ) ) ;
#679 = EDGE_CURVE ( 'NONE', #2513, #565, #2373, .T. ) ;
#680 = MANIFOLD_SOLID_BREP ( 'Imported1', #2412 ) ;
#681 = CARTESIAN_POINT ( 'NONE',  ( -3.584999999999999964, 0.000000000000000000, 6.985000000000000320 ) ) ;
#682 = UNCERTAINTY_MEASURE_WITH_UNIT (LENGTH_MEASURE( 1.000000000000000082E-05 ), #2473, 'distance_accuracy_value', 'NONE');
#683 = CARTESIAN_POINT ( 'NONE',  ( 1.614353785682349995, -0.3133125633644680552, 0.000000000000000000 ) ) ;
#684 = CARTESIAN_POINT ( 'NONE',  ( -1.685000000000000053, -3.000000000000000000, 0.1000000000000000056 ) ) ;
#685 = ORIENTED_EDGE ( 'NONE', *, *, #442, .F. ) ;
#686 = EDGE_CURVE ( 'NONE', #332, #1092, #1169, .T. ) ;
#687 = ORIENTED_EDGE ( 'NONE', *, *, #2816, .T. ) ;
#688 = DIRECTION ( 'NONE',  ( -1.000000000000000000, 0.000000000000000000, 2.433431542689689592E-16 ) ) ;
#689 = CARTESIAN_POINT ( 'NONE',  ( 1.018173216159540040, -0.008495949283649110312, 0.003000000000000000062 ) ) ;
#690 = ORIENTED_EDGE ( 'NONE', *, *, #172, .F. ) ;
#691 = DIRECTION ( 'NONE',  ( 0.000000000000000000, 0.000000000000000000, 1.000000000000000000 ) ) ;
#692 = B_SPLINE_CURVE_WITH_KNOTS ( 'NONE', 3,
 ( #1361, #881, #2597, #3077 ),
 .UNSPECIFIED., .F., .F.,
 ( 4, 4 ),
 ( 0.000000000000000000, 1.000000000000000000 ),
 .UNSPECIFIED. ) ;
#693 = CYLINDRICAL_SURFACE ( 'NONE', #2937, 0.01500000000000002026 ) ;
#694 =( BOUNDED_CURVE ( )  B_SPLINE_CURVE ( 3, ( #740, #544, #1272, #1599 ),
 .UNSPECIFIED., .F., .F. ) 
 B_SPLINE_CURVE_WITH_KNOTS ( ( 4, 4 ),
 ( 2.952198259807775393, 3.248576055920399330 ),
 .UNSPECIFIED. ) 
 CURVE ( )  GEOMETRIC_REPRESENTATION_ITEM ( )  RATIONAL_B_SPLINE_CURVE ( ( 1.000000000000000000, 0.9926934025676834583, 0.9926934025676834583, 1.000000000000000000 ) ) 
 REPRESENTATION_ITEM ( '' )  );
#695 = DIRECTION ( 'NONE',  ( -1.000000000000000000, 0.000000000000000000, 0.000000000000000000 ) ) ;
#696 = DIRECTION ( 'NONE',  ( 0.000000000000000000, -1.000000000000000000, 0.000000000000000000 ) ) ;
#697 = CIRCLE ( 'NONE', #30, 0.5999999999999998668 ) ;
#698 = CARTESIAN_POINT ( 'NONE',  ( -1.685000000000000053, -3.000000000000000000, 0.1000000000000000056 ) ) ;
#699 = ORIENTED_EDGE ( 'NONE', *, *, #980, .F. ) ;
#700 = LINE ( 'NONE', #1693, #3047 ) ;
#701 = AXIS2_PLACEMENT_3D ( 'NONE', #1234, #2899, #1670 ) ;
#702 = CARTESIAN_POINT ( 'NONE',  ( 1.678314112524220025, 0.1650514736986300190, 0.003000000000000000062 ) ) ;
#703 = VERTEX_POINT ( 'NONE', #2446 ) ;
#704 = CARTESIAN_POINT ( 'NONE',  ( -3.584999999999999964, 0.000000000000000000, 7.000000000000000000 ) ) ;
#705 = EDGE_LOOP ( 'NONE', ( #265, #2983, #1758, #927 ) ) ;
#706 = DIRECTION ( 'NONE',  ( 1.000000000000000000, 0.000000000000000000, 0.000000000000000000 ) ) ;
#707 = B_SPLINE_CURVE_WITH_KNOTS ( 'NONE', 3,
 ( #2905, #247, #1470, #7 ),
 .UNSPECIFIED., .F., .F.,
 ( 4, 4 ),
 ( 0.000000000000000000, 1.000000000000000000 ),
 .UNSPECIFIED. ) ;
#708 = PRODUCT_CONTEXT ( 'NONE', #1745, 'mechanical' ) ;
#709 = CARTESIAN_POINT ( 'NONE',  ( 1.998088153358609897, 0.03279882566326210169, 0.003000000000000000062 ) ) ;
#710 = ORIENTED_EDGE ( 'NONE', *, *, #1198, .F. ) ;
#711 = SURFACE_STYLE_FILL_AREA ( #2189 ) ;
#712 = PRESENTATION_LAYER_ASSIGNMENT (  '', '', ( #3045 ) ) ;
#713 = VECTOR ( 'NONE', #312, 1000.000000000000000 ) ;
#714 = B_SPLINE_SURFACE_WITH_KNOTS ( 'NONE', 3, 1, ( 
 ( #1614, #872 ),
 ( #2575, #406 ),
 ( #1382, #375 ),
 ( #1369, #2335 ) ),
 .UNSPECIFIED., .F., .F., .F.,
 ( 4, 4 ),
 ( 2, 2 ),
 ( 0.000000000000000000, 1.000000000000000000 ),
 ( 0.000000000000000000, 0.0002999999999999999737 ),
 .UNSPECIFIED. ) ;
#715 = DIRECTION ( 'NONE',  ( 1.000000000000000000, 0.000000000000000000, 0.000000000000000000 ) ) ;
#716 =( NAMED_UNIT ( * ) PLANE_ANGLE_UNIT ( ) SI_UNIT ( $, .RADIAN. ) );
#717 = CARTESIAN_POINT ( 'NONE',  ( 2.559202766881900182, -0.2243613597867389897, 0.000000000000000000 ) ) ;
#718 = CARTESIAN_POINT ( 'NONE',  ( -1.800000000000000044, -3.734999999999999876, 6.985000000000000320 ) ) ;
#719 = ORIENTED_EDGE ( 'NONE', *, *, #2382, .T. ) ;
#720 = CARTESIAN_POINT ( 'NONE',  ( -1.800000000000000044, -3.734999999999999876, 6.985000000000000320 ) ) ;
#721 = LINE ( 'NONE', #906, #1660 ) ;
#722 = ORIENTED_EDGE ( 'NONE', *, *, #1435, .F. ) ;
#723 = CARTESIAN_POINT ( 'NONE',  ( 1.718932857381910040, 0.3189176378986359750, 0.003000000000000000062 ) ) ;
#724 = EDGE_CURVE ( 'NONE', #245, #2416, #1110, .T. ) ;
#725 = ITEM_DEFINED_TRANSFORMATION ( 'NONE', 'NONE', #1282,  #1438 ) ;
#726 = EDGE_CURVE ( 'NONE', #2775, #260, #1218, .T. ) ;
#727 = SURFACE_SIDE_STYLE ('',( #1715 ) ) ;
#728 = ADVANCED_FACE ( 'NONE', ( #1688 ), #1736, .T. ) ;
#729 = ORIENTED_EDGE ( 'NONE', *, *, #874, .F. ) ;
#730 = FILL_AREA_STYLE_COLOUR ( '', #1898 ) ;
#731 = DIRECTION ( 'NONE',  ( 1.000000000000000000, 0.000000000000000000, 0.000000000000000000 ) ) ;
#732 = ADVANCED_FACE ( 'NONE', ( #2863 ), #1947, .T. ) ;
#733 = DIRECTION ( 'NONE',  ( 1.537634919886934886E-16, 4.341503203565495010E-19, 1.000000000000000000 ) ) ;
#734 = CARTESIAN_POINT ( 'NONE',  ( 1.793089119509956975, 0.5081261630582256661, 0.003000000000000000496 ) ) ;
#735 = ORIENTED_EDGE ( 'NONE', *, *, #643, .T. ) ;
#736 = CARTESIAN_POINT ( 'NONE',  ( -3.000000000000000000, -3.149999999999999911, 6.985000000000000320 ) ) ;
#737 = AXIS2_PLACEMENT_3D ( 'NONE', #104, #820, #3027 ) ;
#738 = ORIENTED_EDGE ( 'NONE', *, *, #1925, .F. ) ;
#739 = CARTESIAN_POINT ( 'NONE',  ( 3.135000000000000231, 3.000000000000000000, 0.000000000000000000 ) ) ;
#740 = CARTESIAN_POINT ( 'NONE',  ( 1.424003106881910119, 0.4346410644809469703, 0.000000000000000000 ) ) ;
#741 = CIRCLE ( 'NONE', #2927, 0.5850000000000001865 ) ;
#742 = APPLICATION_PROTOCOL_DEFINITION ( 'draft international standard', 'automotive_design', 1998, #2435 ) ;
#743 = B_SPLINE_SURFACE_WITH_KNOTS ( 'NONE', 3, 1, ( 
 ( #1098, #2683 ),
 ( #2879, #750 ),
 ( #986, #2429 ),
 ( #2917, #765 ) ),
 .UNSPECIFIED., .F., .F., .F.,
 ( 4, 4 ),
 ( 2, 2 ),
 ( 0.000000000000000000, 1.000000000000000000 ),
 ( 0.000000000000000000, 0.0002999999999999999737 ),
 .UNSPECIFIED. ) ;
#744 = CYLINDRICAL_SURFACE ( 'NONE', #1699, 0.01499999999999989536 ) ;
#745 = VERTEX_POINT ( 'NONE', #2916 ) ;
#746 = EDGE_CURVE ( 'NONE', #1031, #1158, #1273, .T. ) ;
#747 = CARTESIAN_POINT ( 'NONE',  ( 1.800000000000000044, -3.734999999999999876, 0.1000000000000000056 ) ) ;
#748 = ADVANCED_BREP_SHAPE_REPRESENTATION ( '', ( #599, #1662, #1438 ), #350 ) ;
#749 = CARTESIAN_POINT ( 'NONE',  ( -3.000000000000000000, 3.149999999999999911, 6.985000000000000320 ) ) ;
#750 = CARTESIAN_POINT ( 'NONE',  ( 2.197559344882119792, -0.4045877371190380600, 0.003000000000000000062 ) ) ;
#751 = CARTESIAN_POINT ( 'NONE',  ( 2.675221682249270483, -0.05299964595149530416, 0.003000000000000000062 ) ) ;
#752 = ADVANCED_FACE ( 'NONE', ( #467 ), #1047, .T. ) ;
#753 = ORIENTED_EDGE ( 'NONE', *, *, #402, .F. ) ;
#754 = DIRECTION ( 'NONE',  ( 0.7071067811865474617, -0.7071067811865474617, 0.000000000000000000 ) ) ;
#755 = VERTEX_POINT ( 'NONE', #1479 ) ;
#756 = VECTOR ( 'NONE', #158, 1000.000000000000000 ) ;
#757 = VECTOR ( 'NONE', #928, 1000.000000000000000 ) ;
#758 = DIRECTION ( 'NONE',  ( 1.000000000000000000, 0.000000000000000000, 0.000000000000000000 ) ) ;
#759 = VECTOR ( 'NONE', #762, 1000.000000000000000 ) ;
#760 = DIRECTION ( 'NONE',  ( 4.022547190670854556E-17, 4.022547190670854556E-17, 1.000000000000000000 ) ) ;
#761 = EDGE_LOOP ( 'NONE', ( #1155, #107, #214, #773 ) ) ;
#762 = DIRECTION ( 'NONE',  ( 0.000000000000000000, 1.000000000000000000, 0.000000000000000000 ) ) ;
#763 = DIRECTION ( 'NONE',  ( 0.000000000000000000, 0.000000000000000000, 1.000000000000000000 ) ) ;
#764 = LINE ( 'NONE', #2769, #2236 ) ;
#765 = CARTESIAN_POINT ( 'NONE',  ( 1.922268345214219742, -0.3770350416117450032, 0.003000000000000000062 ) ) ;
#766 = CYLINDRICAL_SURFACE ( 'NONE', #2138, 0.6000000000000001998 ) ;
#767 = AXIS2_PLACEMENT_3D ( 'NONE', #2129, #1876, #386 ) ;
#768 = B_SPLINE_CURVE_WITH_KNOTS ( 'NONE', 3,
 ( #1026, #1550, #2019, #2514, #314, #1054, #2046, #817, #1564, #2228 ),
 .UNSPECIFIED., .F., .F.,
 ( 4, 2, 2, 2, 4 ),
 ( 0.000000000000000000, 0.002765245702795840130, 0.005403171239024210162, 0.008002316249506690252, 0.01066864607792769939 ),
 .UNSPECIFIED. ) ;
#769 = ORIENTED_EDGE ( 'NONE', *, *, #963, .T. ) ;
#770 = LINE ( 'NONE', #1756, #2903 ) ;
#771 = VERTEX_POINT ( 'NONE', #238 ) ;
#772 = DIRECTION ( 'NONE',  ( 0.000000000000000000, 0.000000000000000000, 1.000000000000000000 ) ) ;
#773 = ORIENTED_EDGE ( 'NONE', *, *, #287, .F. ) ;
#774 = CARTESIAN_POINT ( 'NONE',  ( 1.678314112524220025, 0.1650514736986300190, 0.003000000000000000062 ) ) ;
#775 = DIRECTION ( 'NONE',  ( 1.000000000000000000, 0.000000000000000000, 0.000000000000000000 ) ) ;
#776 = CARTESIAN_POINT ( 'NONE',  ( 3.135000000000000231, 3.000000000000000000, 0.1000000000000000056 ) ) ;
#777 = VECTOR ( 'NONE', #2471, 1000.000000000000000 ) ;
#778 = ORIENTED_EDGE ( 'NONE', *, *, #921, .F. ) ;
#779 = DIRECTION ( 'NONE',  ( 0.000000000000000000, 1.000000000000000000, 0.000000000000000000 ) ) ;
#780 = DIRECTION ( 'NONE',  ( 0.000000000000000000, 0.000000000000000000, 1.000000000000000000 ) ) ;
#781 = DIRECTION ( 'NONE',  ( 8.045094381341699252E-17, 8.045094381341699252E-17, 1.000000000000000000 ) ) ;
#782 = DIRECTION ( 'NONE',  ( 4.022547190670854556E-17, 4.022547190670854556E-17, 1.000000000000000000 ) ) ;
#783 = EDGE_CURVE ( 'NONE', #2443, #2091, #2090, .T. ) ;
#784 = AXIS2_PLACEMENT_3D ( 'NONE', #2972, #2266, #2022 ) ;
#785 = ADVANCED_FACE ( 'NONE', ( #2206 ), #4, .F. ) ;
#786 = ORIENTED_EDGE ( 'NONE', *, *, #546, .T. ) ;
#787 = EDGE_CURVE ( 'NONE', #1248, #991, #1535, .T. ) ;
#788 = LINE ( 'NONE', #2273, #1334 ) ;
#789 = ORIENTED_EDGE ( 'NONE', *, *, #400, .T. ) ;
#790 = CARTESIAN_POINT ( 'NONE',  ( 2.605213782724209892, -0.4309454091940529974, 0.003000000000000000062 ) ) ;
#791 = ORIENTED_EDGE ( 'NONE', *, *, #1354, .F. ) ;
#792 = CARTESIAN_POINT ( 'NONE',  ( 2.605213782724209892, -0.4309454091940529974, 0.000000000000000000 ) ) ;
#793 = B_SPLINE_CURVE_WITH_KNOTS ( 'NONE', 3,
 ( #2860, #1908, #1199, #673 ),
 .UNSPECIFIED., .F., .F.,
 ( 4, 4 ),
 ( 0.000000000000000000, 1.000000000000000000 ),
 .UNSPECIFIED. ) ;
#794 = ADVANCED_FACE ( 'NONE', ( #430 ), #1021, .T. ) ;
#795 = ORIENTED_EDGE ( 'NONE', *, *, #2011, .T. ) ;
#796 = CARTESIAN_POINT ( 'NONE',  ( 2.469667620434440103, 0.4999403993251779754, 0.000000000000000000 ) ) ;
#797 = CARTESIAN_POINT ( 'NONE',  ( 1.750658043274220033, 0.1422458381632560054, 0.000000000000000000 ) ) ;
#798 = DIRECTION ( 'NONE',  ( 0.000000000000000000, 0.000000000000000000, 1.000000000000000000 ) ) ;
#799 = VERTEX_POINT ( 'NONE', #452 ) ;
#800 = DIRECTION ( 'NONE',  ( 1.609018876268339850E-16, 0.000000000000000000, 1.000000000000000000 ) ) ;
#801 = ORIENTED_EDGE ( 'NONE', *, *, #1228, .T. ) ;
#802 = CARTESIAN_POINT ( 'NONE',  ( 1.634753112524210072, -0.01781905633674120068, 0.000000000000000000 ) ) ;
#803 = ORIENTED_EDGE ( 'NONE', *, *, #310, .F. ) ;
#804 = LINE ( 'NONE', #1319, #99 ) ;
#805 =( BOUNDED_CURVE ( )  B_SPLINE_CURVE ( 3, ( #2185, #2002, #459, #531 ),
 .UNSPECIFIED., .F., .F. ) 
 B_SPLINE_CURVE_WITH_KNOTS ( ( 4, 4 ),
 ( 0.02474719698753605548, 1.174037131250100341 ),
 .UNSPECIFIED. ) 
 CURVE ( )  GEOMETRIC_REPRESENTATION_ITEM ( )  RATIONAL_B_SPLINE_CURVE ( ( 1.000000000000000000, 0.8929235525020307040, 0.8929235525020307040, 1.000000000000000000 ) ) 
 REPRESENTATION_ITEM ( '' )  );
#806 = TOROIDAL_SURFACE ( 'NONE', #233, 0.5849999999999999645, 0.01500000000000000118 ) ;
#807 = CARTESIAN_POINT ( 'NONE',  ( -3.000000000000000000, -3.750000000000000000, 6.985000000000000320 ) ) ;
#808 = ORIENTED_EDGE ( 'NONE', *, *, #2116, .T. ) ;
#809 = CARTESIAN_POINT ( 'NONE',  ( 2.425742753131709950, -0.3295829552866880174, 0.003000000000000000062 ) ) ;
#810 = B_SPLINE_CURVE_WITH_KNOTS ( 'NONE', 3,
 ( #1679, #2454, #3103, #1416 ),
 .UNSPECIFIED., .F., .F.,
 ( 4, 4 ),
 ( 0.000000000000000000, 1.000000000000000000 ),
 .UNSPECIFIED. ) ;
#811 = LINE ( 'NONE', #1295, #1944 ) ;
#812 = CARTESIAN_POINT ( 'NONE',  ( 1.371784067724219902, -0.3625183383617530120, 0.003000000000000000062 ) ) ;
#813 = ORIENTED_EDGE ( 'NONE', *, *, #1016, .T. ) ;
#814 = PRESENTATION_LAYER_ASSIGNMENT (  '', '', ( #507 ) ) ;
#815 = CARTESIAN_POINT ( 'NONE',  ( 2.449595719718839604, -0.5350015809741649475, 0.000000000000000000 ) ) ;
#816 = ORIENTED_EDGE ( 'NONE', *, *, #2988, .T. ) ;
#817 = CARTESIAN_POINT ( 'NONE',  ( 1.217051290869149982, 0.3731001197084319876, 0.000000000000000000 ) ) ;
#818 = CIRCLE ( 'NONE', #2053, 0.5849999999999998535 ) ;
#819 = ORIENTED_EDGE ( 'NONE', *, *, #2428, .F. ) ;
#820 = DIRECTION ( 'NONE',  ( -2.443350504691545093E-16, -9.918962001855379101E-19, -1.000000000000000000 ) ) ;
#821 = B_SPLINE_CURVE_WITH_KNOTS ( 'NONE', 3,
 ( #453, #1396, #2130, #2400 ),
 .UNSPECIFIED., .F., .F.,
 ( 4, 4 ),
 ( 0.000000000000000000, 1.000000000000000000 ),
 .UNSPECIFIED. ) ;
#822 = B_SPLINE_SURFACE_WITH_KNOTS ( 'NONE', 3, 1, ( 
 ( #3046, #1633 ),
 ( #173, #380 ),
 ( #354, #2568 ),
 ( #1342, #2342 ) ),
 .UNSPECIFIED., .F., .F., .F.,
 ( 4, 4 ),
 ( 2, 2 ),
 ( 0.000000000000000000, 1.000000000000000000 ),
 ( 0.000000000000000000, 0.0002999999999999999737 ),
 .UNSPECIFIED. ) ;
#823 = DIRECTION ( 'NONE',  ( 1.000000000000000000, 0.000000000000000000, 0.000000000000000000 ) ) ;
#824 = ORIENTED_EDGE ( 'NONE', *, *, #2165, .T. ) ;
#825 = ADVANCED_FACE ( 'NONE', ( #2411 ), #2177, .T. ) ;
#826 = FACE_OUTER_BOUND ( 'NONE', #1716, .T. ) ;
#827 = ADVANCED_FACE ( 'NONE', ( #2727 ), #2814, .T. ) ;
#828 = DIRECTION ( 'NONE',  ( -1.541976423090500071E-16, 9.904702175824489443E-32, -1.000000000000000000 ) ) ;
#829 = CARTESIAN_POINT ( 'NONE',  ( 2.099434271891930326, -0.5781815891940660368, 0.000000000000000000 ) ) ;
#830 = EDGE_CURVE ( 'NONE', #458, #1457, #35, .T. ) ;
#831 = ORIENTED_EDGE ( 'NONE', *, *, #3007, .F. ) ;
#832 = DIRECTION ( 'NONE',  ( 0.000000000000000000, -1.000000000000000000, 0.000000000000000000 ) ) ;
#833 = CIRCLE ( 'NONE', #1915, 0.01499999999999960566 ) ;
#834 = ORIENTED_EDGE ( 'NONE', *, *, #1379, .T. ) ;
#835 = CARTESIAN_POINT ( 'NONE',  ( 2.619266014475499560, 0.5649641999185990304, 0.003000000000000000062 ) ) ;
#836 = EDGE_LOOP ( 'NONE', ( #2996, #2298, #2470, #2483 ) ) ;
#837 = FACE_OUTER_BOUND ( 'NONE', #2065, .T. ) ;
#838 = CARTESIAN_POINT ( 'NONE',  ( 3.135000000000000231, -3.000000000000000000, 0.000000000000000000 ) ) ;
#839 = ORIENTED_EDGE ( 'NONE', *, *, #1497, .F. ) ;
#840 = DIRECTION ( 'NONE',  ( 2.433431542689689592E-16, 2.161025929270794990E-31, 1.000000000000000000 ) ) ;
#841 = CARTESIAN_POINT ( 'NONE',  ( 2.334754714381940044, -0.3594912118690549718, 0.000000000000000000 ) ) ;
#842 = EDGE_CURVE ( 'NONE', #2953, #2422, #1529, .T. ) ;
#843 = DIRECTION ( 'NONE',  ( 0.000000000000000000, -1.000000000000000000, 0.000000000000000000 ) ) ;
#844 = VERTEX_POINT ( 'NONE', #18 ) ;
#845 = EDGE_CURVE ( 'NONE', #2197, #3125, #225, .T. ) ;
#846 = ORIENTED_EDGE ( 'NONE', *, *, #2625, .T. ) ;
#847 = DIRECTION ( 'NONE',  ( 0.000000000000000000, 1.000000000000000000, 0.000000000000000000 ) ) ;
#848 = LINE ( 'NONE', #2322, #3114 ) ;
#849 = ORIENTED_EDGE ( 'NONE', *, *, #546, .F. ) ;
#850 = VERTEX_POINT ( 'NONE', #567 ) ;
#851 = CIRCLE ( 'NONE', #123, 0.6000000000000001998 ) ;
#852 = CARTESIAN_POINT ( 'NONE',  ( 2.710141341474209931, 0.4458213581382519664, 0.003000000000000000062 ) ) ;
#853 = FACE_OUTER_BOUND ( 'NONE', #1239, .T. ) ;
#854 = CARTESIAN_POINT ( 'NONE',  ( 1.149090342039079893, 0.2602865328490450159, 0.000000000000000000 ) ) ;
#855 = EDGE_CURVE ( 'NONE', #850, #1031, #811, .T. ) ;
#856 = EDGE_CURVE ( 'NONE', #1025, #534, #1692, .T. ) ;
#857 = DIRECTION ( 'NONE',  ( -2.443350504691545093E-16, -9.918962001855379101E-19, -1.000000000000000000 ) ) ;
#858 = ADVANCED_FACE ( 'NONE', ( #998 ), #1722, .T. ) ;
#859 = DIRECTION ( 'NONE',  ( 1.537634919886934886E-16, -4.341503203566779605E-19, 1.000000000000000000 ) ) ;
#860 = ORIENTED_EDGE ( 'NONE', *, *, #2325, .F. ) ;
#861 = DIRECTION ( 'NONE',  ( -8.045094381341709113E-17, 0.000000000000000000, -1.000000000000000000 ) ) ;
#862 = CARTESIAN_POINT ( 'NONE',  ( 1.718932857381910040, 0.3189176378986320337, 0.000000000000000000 ) ) ;
#863 = ORIENTED_EDGE ( 'NONE', *, *, #585, .T. ) ;
#864 = MECHANICAL_DESIGN_GEOMETRIC_PRESENTATION_REPRESENTATION (  '', ( #2704 ), #1178 ) ;
#865 = CARTESIAN_POINT ( 'NONE',  ( 2.099434271891930326, -0.5781815891940540464, 0.003000000000000000062 ) ) ;
#866 = DIRECTION ( 'NONE',  ( 1.000000000000000000, 7.709882115452500353E-17, -7.709882115451919801E-17 ) ) ;
#867 = CARTESIAN_POINT ( 'NONE',  ( 1.072602293706329979, -0.08848652560885598983, 0.000000000000000000 ) ) ;
#868 = CARTESIAN_POINT ( 'NONE',  ( 1.263197675381910079, 0.4013528373059430110, 0.003000000000000000062 ) ) ;
#869 = DIRECTION ( 'NONE',  ( 0.000000000000000000, 0.000000000000000000, 1.000000000000000000 ) ) ;
#870 = CARTESIAN_POINT ( 'NONE',  ( -3.000000000000000000, -3.734999999999999876, 6.985000000000000320 ) ) ;
#871 = ORIENTED_EDGE ( 'NONE', *, *, #2030, .F. ) ;
#872 = CARTESIAN_POINT ( 'NONE',  ( 1.678314112524220025, 0.1650514736986300190, 0.003000000000000000062 ) ) ;
#873 = EDGE_CURVE ( 'NONE', #2197, #324, #1785, .T. ) ;
#874 = EDGE_CURVE ( 'NONE', #2422, #1934, #764, .T. ) ;
#875 = CARTESIAN_POINT ( 'NONE',  ( 1.634753112524210072, -0.01781905633674120068, 0.003000000000000000062 ) ) ;
#876 = CARTESIAN_POINT ( 'NONE',  ( 3.135000000000000231, -3.000000000000000000, 0.1000000000000000056 ) ) ;
#877 = VERTEX_POINT ( 'NONE', #581 ) ;
#878 = EDGE_LOOP ( 'NONE', ( #3073, #939, #1141, #2734 ) ) ;
#879 = EDGE_CURVE ( 'NONE', #3133, #1247, #1374, .T. ) ;
#880 = DIRECTION ( 'NONE',  ( 0.000000000000000000, 0.7071067811865185959, 0.7071067811865764385 ) ) ;
#881 = CARTESIAN_POINT ( 'NONE',  ( 2.300667941559309870, -0.5783582782955331014, 0.003000000000000000062 ) ) ;
#882 = AXIS2_PLACEMENT_3D ( 'NONE', #1675, #3117, #2166 ) ;
#883 = CARTESIAN_POINT ( 'NONE',  ( -0.5412853348526590613, 2.815499810793200108, 0.000000000000000000 ) ) ;
#884 = CIRCLE ( 'NONE', #2425, 0.01499999999999999944 ) ;
#885 = FACE_OUTER_BOUND ( 'NONE', #1483, .T. ) ;
#886 = DIRECTION ( 'NONE',  ( 0.000000000000000000, -1.000000000000000000, 0.000000000000000000 ) ) ;
#887 = CARTESIAN_POINT ( 'NONE',  ( 1.541312020898637725, 0.4342252471849948892, 0.002999999999999999629 ) ) ;
#888 = DIRECTION ( 'NONE',  ( -8.045094381341699252E-17, 8.045094381341699252E-17, -1.000000000000000000 ) ) ;
#889 = CARTESIAN_POINT ( 'NONE',  ( 1.393038493330220007, -0.1945471302480649978, 0.003000000000000000062 ) ) ;
#890 = FACE_OUTER_BOUND ( 'NONE', #3090, .T. ) ;
#891 = ORIENTED_EDGE ( 'NONE', *, *, #1733, .T. ) ;
#892 = ORIENTED_EDGE ( 'NONE', *, *, #1052, .T. ) ;
#893 = CARTESIAN_POINT ( 'NONE',  ( 2.300667941559309870, -0.5783582782955331014, 0.003000000000000000062 ) ) ;
#894 = B_SPLINE_CURVE_WITH_KNOTS ( 'NONE', 3,
 ( #3001, #1746, #1782, #316 ),
 .UNSPECIFIED., .F., .F.,
 ( 4, 4 ),
 ( 0.000000000000000000, 1.000000000000000000 ),
 .UNSPECIFIED. ) ;
#895 =( BOUNDED_SURFACE ( )  B_SPLINE_SURFACE ( 1, 2, ( 
 ( #69, #2523, #829 ),
 ( #812, #2510, #309 ) ),
 .UNSPECIFIED., .F., .F., .F. ) 
 B_SPLINE_SURFACE_WITH_KNOTS ( ( 2, 2 ),
 ( 3, 3 ),
 ( 0.000000000000000000, 0.0005755563398050209979 ),
 ( -3.315052228109530041, -3.023881092005189952 ),
 .UNSPECIFIED. ) 
 GEOMETRIC_REPRESENTATION_ITEM ( )  RATIONAL_B_SPLINE_SURFACE ( (
 ( 1.000000000000000000, 0.9894211260808040143, 1.000000000000000000),
 ( 1.000000000000000000, 0.9894211260808040143, 1.000000000000000000) ) ) 
 REPRESENTATION_ITEM ( '' )  SURFACE ( )  );
#896 = CARTESIAN_POINT ( 'NONE',  ( 1.207154285107769898, -0.2380143257998580120, 0.003000000000000000062 ) ) ;
#897 = DIRECTION ( 'NONE',  ( 2.433431542689689592E-16, -2.161025929270794990E-31, 1.000000000000000000 ) ) ;
#898 = VECTOR ( 'NONE', #1732, 1000.000000000000000 ) ;
#899 = AXIS2_PLACEMENT_3D ( 'NONE', #1526, #2918, #2014 ) ;
#900 = DIRECTION ( 'NONE',  ( 0.000000000000000000, 0.000000000000000000, -1.000000000000000000 ) ) ;
#901 = VECTOR ( 'NONE', #2968, 1000.000000000000000 ) ;
#902 = PLANE ( 'NONE',  #3097 ) ;
#903 = CARTESIAN_POINT ( 'NONE',  ( -0.5412853348526590613, 2.815499810793200108, 0.003000000000000000062 ) ) ;
#904 = CARTESIAN_POINT ( 'NONE',  ( -0.5412853348526590613, -2.815499810793200108, 0.000000000000000000 ) ) ;
#905 = DIRECTION ( 'NONE',  ( 0.000000000000000000, 0.000000000000000000, 1.000000000000000000 ) ) ;
#906 = CARTESIAN_POINT ( 'NONE',  ( -1.685000000000000053, -3.000000000000000000, 0.000000000000000000 ) ) ;
#907 = EDGE_LOOP ( 'NONE', ( #298, #2528, #1269, #3, #1224, #2658, #2807, #394 ) ) ;
#908 = ORIENTED_EDGE ( 'NONE', *, *, #2804, .T. ) ;
#909 = LINE ( 'NONE', #2659, #1166 ) ;
#910 =( GEOMETRIC_REPRESENTATION_CONTEXT ( 3 ) GLOBAL_UNCERTAINTY_ASSIGNED_CONTEXT ( ( #2296 ) ) GLOBAL_UNIT_ASSIGNED_CONTEXT ( ( #2914, #237, #966 ) ) REPRESENTATION_CONTEXT ( 'NONE', 'WORKASPACE' ) );
#911 = ADVANCED_FACE ( 'NONE', ( #2522 ), #2496, .T. ) ;
#912 = SURFACE_STYLE_USAGE ( .BOTH. , #3091 ) ;
#913 = VECTOR ( 'NONE', #1331, 1000.000000000000000 ) ;
#914 = EDGE_CURVE ( 'NONE', #146, #1623, #1423, .T. ) ;
#915 = ADVANCED_FACE ( 'NONE', ( #3008 ), #2463, .T. ) ;
#916 = CARTESIAN_POINT ( 'NONE',  ( -0.5412853348526590613, -2.815499810793200108, 0.003000000000000000062 ) ) ;
#917 = PRESENTATION_STYLE_ASSIGNMENT (( #3127 ) ) ;
#918 = DIRECTION ( 'NONE',  ( -1.000000000000000000, 0.000000000000000000, 0.000000000000000000 ) ) ;
#919 = CYLINDRICAL_SURFACE ( 'NONE', #2600, 0.01500000000000002026 ) ;
#920 = LINE ( 'NONE', #2634, #167 ) ;
#921 = EDGE_CURVE ( 'NONE', #1695, #201, #1849, .T. ) ;
#922 = VECTOR ( 'NONE', #1534, 1000.000000000000000 ) ;
#923 = FACE_OUTER_BOUND ( 'NONE', #2233, .T. ) ;
#924 = CARTESIAN_POINT ( 'NONE',  ( 1.393038493330220007, -0.1945471302480649978, 0.000000000000000000 ) ) ;
#925 = CARTESIAN_POINT ( 'NONE',  ( 2.727228053747860148, -0.3493482614828520294, 0.000000000000000000 ) ) ;
#926 = ORIENTED_EDGE ( 'NONE', *, *, #2883, .F. ) ;
#927 = ORIENTED_EDGE ( 'NONE', *, *, #13, .T. ) ;
#928 = DIRECTION ( 'NONE',  ( -4.022547190670854556E-17, 4.022547190670854556E-17, -1.000000000000000000 ) ) ;
#929 = VECTOR ( 'NONE', #1537, 1000.000000000000000 ) ;
#930 = FACE_OUTER_BOUND ( 'NONE', #1507, .T. ) ;
#931 = ORIENTED_EDGE ( 'NONE', *, *, #287, .T. ) ;
#932 = CARTESIAN_POINT ( 'NONE',  ( 1.676306914847302432, 0.5692592713618336298, 0.000000000000000000 ) ) ;
#933 = CARTESIAN_POINT ( 'NONE',  ( 2.675409066389279999, 0.1425311976777269840, 0.000000000000000000 ) ) ;
#934 = CARTESIAN_POINT ( 'NONE',  ( 2.334754714381940044, -0.3594912118690549718, 0.000000000000000000 ) ) ;
#935 = FACE_OUTER_BOUND ( 'NONE', #1816, .T. ) ;
#936 = DIRECTION ( 'NONE',  ( 0.000000000000000000, 0.7071067811865244801, -0.7071067811865705544 ) ) ;
#937 = ORIENTED_EDGE ( 'NONE', *, *, #2772, .F. ) ;
#938 = CARTESIAN_POINT ( 'NONE',  ( 0.9549075237457710363, 0.3187575312797430449, 0.000000000000000000 ) ) ;
#939 = ORIENTED_EDGE ( 'NONE', *, *, #2678, .T. ) ;
#940 = CARTESIAN_POINT ( 'NONE',  ( -3.000000000000000000, -3.734999999999999876, 0.1000000000000000056 ) ) ;
#941 = ORIENTED_EDGE ( 'NONE', *, *, #447, .F. ) ;
#942 = CARTESIAN_POINT ( 'NONE',  ( 2.605213782724209892, -0.4309454091940529974, 0.000000000000000000 ) ) ;
#943 = PRODUCT_CONTEXT ( 'NONE', #1360, 'mechanical' ) ;
#944 = CARTESIAN_POINT ( 'NONE',  ( 2.090083268070739297, 0.2126698208480737595, 0.002999999999999998761 ) ) ;
#945 = ORIENTED_EDGE ( 'NONE', *, *, #1674, .T. ) ;
#946 =( NAMED_UNIT ( * ) SI_UNIT ( $, .STERADIAN. ) SOLID_ANGLE_UNIT ( ) );
#947 = PLANE ( 'NONE',  #334 ) ;
#948 = DIRECTION ( 'NONE',  ( 1.000000000000000000, 1.216715771344843810E-16, -1.216715771344781934E-16 ) ) ;
#949 = PRODUCT_RELATED_PRODUCT_CATEGORY ( 'part', '', ( #3148 ) ) ;
#950 = DIRECTION ( 'NONE',  ( -8.045094381341699252E-17, 8.045094381341699252E-17, -1.000000000000000000 ) ) ;
#951 = LINE ( 'NONE', #903, #1721 ) ;
#952 = VECTOR ( 'NONE', #1523, 1000.000000000000000 ) ;
#953 = CIRCLE ( 'NONE', #433, 0.5850000000000001865 ) ;
#954 = EDGE_CURVE ( 'NONE', #150, #2123, #692, .T. ) ;
#955 = CARTESIAN_POINT ( 'NONE',  ( 1.634753112524210072, -0.01781905633674120068, 0.003000000000000000062 ) ) ;
#956 = ADVANCED_FACE ( 'NONE', ( #2975 ), #71, .T. ) ;
#957 = ORIENTED_EDGE ( 'NONE', *, *, #1152, .T. ) ;
#958 = EDGE_CURVE ( 'NONE', #850, #1810, #697, .T. ) ;
#959 = LINE ( 'NONE', #2466, #352 ) ;
#960 = DIRECTION ( 'NONE',  ( 0.000000000000000000, 0.000000000000000000, 1.000000000000000000 ) ) ;
#961 = EDGE_LOOP ( 'NONE', ( #1350, #2792, #957, #1952 ) ) ;
#962 = LINE ( 'NONE', #1956, #777 ) ;
#963 = EDGE_CURVE ( 'NONE', #1918, #1386, #2811, .T. ) ;
#964 = CARTESIAN_POINT ( 'NONE',  ( 1.496690150958890131, 0.6078105497927870360, 0.003000000000000000062 ) ) ;
#965 = ORIENTED_EDGE ( 'NONE', *, *, #3007, .T. ) ;
#966 =( NAMED_UNIT ( * ) SI_UNIT ( $, .STERADIAN. ) SOLID_ANGLE_UNIT ( ) );
#967 = CIRCLE ( 'NONE', #2347, 0.5999999999999998668 ) ;
#968 = CIRCLE ( 'NONE', #1073, 0.5850000000000001865 ) ;
#969 = DIRECTION ( 'NONE',  ( 0.000000000000000000, 0.000000000000000000, 1.000000000000000000 ) ) ;
#970 = B_SPLINE_SURFACE_WITH_KNOTS ( 'NONE', 3, 1, ( 
 ( #348, #1850 ),
 ( #2077, #1402 ),
 ( #2564, #2806 ),
 ( #652, #619 ) ),
 .UNSPECIFIED., .F., .F., .F.,
 ( 4, 4 ),
 ( 2, 2 ),
 ( 0.9249203163260329985, 1.000000000000000000 ),
 ( 0.000000000000000000, 0.0002999999999999999737 ),
 .UNSPECIFIED. ) ;
#971 = CARTESIAN_POINT ( 'NONE',  ( -3.584999999999999964, -3.149999999999999911, 6.985000000000000320 ) ) ;
#972 =( NAMED_UNIT ( * ) SI_UNIT ( $, .STERADIAN. ) SOLID_ANGLE_UNIT ( ) );
#973 = CARTESIAN_POINT ( 'NONE',  ( -3.135000000000000231, 3.000000000000000000, 0.000000000000000000 ) ) ;
#974 = VERTEX_POINT ( 'NONE', #611 ) ;
#975 = CARTESIAN_POINT ( 'NONE',  ( 1.017479223123999965, 0.4623200860305849980, 0.003000000000000000062 ) ) ;
#976 = ORIENTED_EDGE ( 'NONE', *, *, #2816, .F. ) ;
#977 = LINE ( 'NONE', #1968, #984 ) ;
#978 = EDGE_CURVE ( 'NONE', #2073, #2020, #953, .T. ) ;
#979 = LINE ( 'NONE', #2486, #2855 ) ;
#980 = EDGE_CURVE ( 'NONE', #2091, #1551, #851, .T. ) ;
#981 = CARTESIAN_POINT ( 'NONE',  ( 1.746900739001549629, 0.5541076045851799359, 0.000000000000000000 ) ) ;
#982 = VERTEX_POINT ( 'NONE', #370 ) ;
#983 = EDGE_CURVE ( 'NONE', #1078, #558, #359, .T. ) ;
#984 = VECTOR ( 'NONE', #960, 1000.000000000000000 ) ;
#985 = DIRECTION ( 'NONE',  ( 0.000000000000000000, 0.000000000000000000, 1.000000000000000000 ) ) ;
#986 = CARTESIAN_POINT ( 'NONE',  ( 2.079632457715280047, -0.4096045122865649701, 0.000000000000000000 ) ) ;
#987 = CARTESIAN_POINT ( 'NONE',  ( 1.159885503714219945, 0.1243556984736300247, 0.000000000000000000 ) ) ;
#988 = ORIENTED_EDGE ( 'NONE', *, *, #1022, .F. ) ;
#989 = CARTESIAN_POINT ( 'NONE',  ( 0.9967332959419099581, 0.4193616807236299482, 0.003000000000000000062 ) ) ;
#990 = VECTOR ( 'NONE', #1467, 1000.000000000000000 ) ;
#991 = VERTEX_POINT ( 'NONE', #1390 ) ;
#992 = LINE ( 'NONE', #58, #2542 ) ;
#993 = CARTESIAN_POINT ( 'NONE',  ( 1.569041344024219908, 0.1750581614132520059, 0.003000000000000000062 ) ) ;
#994 = CIRCLE ( 'NONE', #321, 0.01499999999999938882 ) ;
#995 = EDGE_LOOP ( 'NONE', ( #1648, #14, #2796, #1252 ) ) ;
#996 = DIRECTION ( 'NONE',  ( -4.022547190670854556E-17, 4.022547190670854556E-17, -1.000000000000000000 ) ) ;
#997 =( NAMED_UNIT ( * ) SI_UNIT ( $, .STERADIAN. ) SOLID_ANGLE_UNIT ( ) );
#998 = FACE_OUTER_BOUND ( 'NONE', #2001, .T. ) ;
#999 = CYLINDRICAL_SURFACE ( 'NONE', #1800, 0.6000000000000001998 ) ;
#1000 = CARTESIAN_POINT ( 'NONE',  ( 1.569041344024219908, 0.1750581614132520059, 0.000000000000000000 ) ) ;
#1001 = ORIENTED_EDGE ( 'NONE', *, *, #2746, .T. ) ;
#1002 =( BOUNDED_CURVE ( )  B_SPLINE_CURVE ( 3, ( #2329, #3111, #932, #207 ),
 .UNSPECIFIED., .F., .T. ) 
 B_SPLINE_CURVE_WITH_KNOTS ( ( 4, 4 ),
 ( 6.252545722613037427, 6.505517679453409308 ),
 .UNSPECIFIED. ) 
 CURVE ( )  GEOMETRIC_REPRESENTATION_ITEM ( )  RATIONAL_B_SPLINE_CURVE ( ( 1.000000000000000000, 0.9946742052551439395, 0.9946742052551439395, 1.000000000000000000 ) ) 
 REPRESENTATION_ITEM ( '' )  );
#1003 = CARTESIAN_POINT ( 'NONE',  ( -3.135000000000000231, 3.000000000000000000, 0.1000000000000000056 ) ) ;
#1004 = ORIENTED_EDGE ( 'NONE', *, *, #842, .F. ) ;
#1005 = AXIS2_PLACEMENT_3D ( 'NONE', #1666, #2872, #688 ) ;
#1006 = CARTESIAN_POINT ( 'NONE',  ( 3.135000000000000231, 3.000000000000000000, 0.000000000000000000 ) ) ;
#1007 = TOROIDAL_SURFACE ( 'NONE', #385, 0.5849999999999999645, 0.01500000000000000118 ) ;
#1008 = ORIENTED_EDGE ( 'NONE', *, *, #2842, .T. ) ;
#1009 = CARTESIAN_POINT ( 'NONE',  ( 3.595606601717798778, 0.000000000000000000, 6.995606601717797801 ) ) ;
#1010 = AXIS2_PLACEMENT_3D ( 'NONE', #971, #1979, #2878 ) ;
#1011 = CARTESIAN_POINT ( 'NONE',  ( 3.584999999999999964, 0.000000000000000000, 0.1149999999999979927 ) ) ;
#1012 = ORIENTED_EDGE ( 'NONE', *, *, #2942, .T. ) ;
#1013 = CARTESIAN_POINT ( 'NONE',  ( 1.794075582381910117, 0.2053323303986359927, 0.003000000000000000062 ) ) ;
#1014 = EDGE_CURVE ( 'NONE', #2263, #146, #2889, .T. ) ;
#1015 = FILL_AREA_STYLE_COLOUR ( '', #1735 ) ;
#1016 = EDGE_CURVE ( 'NONE', #1821, #1528, #156, .T. ) ;
#1017 = ADVANCED_FACE ( 'NONE', ( #1326 ), #2126, .T. ) ;
#1018 = CARTESIAN_POINT ( 'NONE',  ( 1.058179716524219938, 0.5065490222236270768, 0.000000000000000000 ) ) ;
#1019 = DIRECTION ( 'NONE',  ( -1.000000000000000000, 0.000000000000000000, 0.000000000000000000 ) ) ;
#1020 = MECHANICAL_DESIGN_GEOMETRIC_PRESENTATION_REPRESENTATION (  '', ( #507 ), #910 ) ;
#1021 = B_SPLINE_SURFACE_WITH_KNOTS ( 'NONE', 3, 1, ( 
 ( #2399, #1184 ),
 ( #1203, #2162 ),
 ( #2648, #3115 ),
 ( #934, #1926 ) ),
 .UNSPECIFIED., .F., .F., .F.,
 ( 4, 4 ),
 ( 2, 2 ),
 ( 0.000000000000000000, 1.000000000000000000 ),
 ( 0.000000000000000000, 0.0002999999999999999737 ),
 .UNSPECIFIED. ) ;
#1022 = EDGE_CURVE ( 'NONE', #313, #441, #1608, .T. ) ;
#1023 = ORIENTED_EDGE ( 'NONE', *, *, #73, .F. ) ;
#1024 = DIRECTION ( 'NONE',  ( 0.000000000000000000, 0.000000000000000000, 1.000000000000000000 ) ) ;
#1025 = VERTEX_POINT ( 'NONE', #3021 ) ;
#1026 = CARTESIAN_POINT ( 'NONE',  ( 1.159885503714219945, 0.1243556984736300247, 0.000000000000000000 ) ) ;
#1027 = ORIENTED_EDGE ( 'NONE', *, *, #1796, .F. ) ;
#1028 = DIRECTION ( 'NONE',  ( 1.000000000000000000, 0.000000000000000000, -2.312964634635739999E-16 ) ) ;
#1029 =( BOUNDED_CURVE ( )  B_SPLINE_CURVE ( 3, ( #1225, #1831, #2920, #1789 ),
 .UNSPECIFIED., .F., .F. ) 
 B_SPLINE_CURVE_WITH_KNOTS ( ( 4, 4 ),
 ( 6.077972598395771087, 6.800484377271369674 ),
 .UNSPECIFIED. ) 
 CURVE ( )  GEOMETRIC_REPRESENTATION_ITEM ( )  RATIONAL_B_SPLINE_CURVE ( ( 1.000000000000000000, 0.9569691121533644429, 0.9569691121533644429, 1.000000000000000000 ) ) 
 REPRESENTATION_ITEM ( '' )  );
#1030 = DIRECTION ( 'NONE',  ( 0.000000000000000000, 0.000000000000000000, 1.000000000000000000 ) ) ;
#1031 = VERTEX_POINT ( 'NONE', #110 ) ;
#1032 = FACE_OUTER_BOUND ( 'NONE', #41, .T. ) ;
#1033 = CLOSED_SHELL ( 'NONE', ( #1676, #2908, #2665, #1892, #915, #2117 ) ) ;
#1034 = CARTESIAN_POINT ( 'NONE',  ( 2.675329132714209912, 0.05777234696325989766, 0.000000000000000000 ) ) ;
#1035 = DIRECTION ( 'NONE',  ( 0.000000000000000000, 0.000000000000000000, 1.000000000000000000 ) ) ;
#1036 = MECHANICAL_DESIGN_GEOMETRIC_PRESENTATION_REPRESENTATION (  '', ( #1400 ), #257 ) ;
#1037 = ORIENTED_EDGE ( 'NONE', *, *, #347, .F. ) ;
#1038 = LINE ( 'NONE', #2788, #913 ) ;
#1039 = EDGE_LOOP ( 'NONE', ( #501, #2856, #2369, #474 ) ) ;
#1040 = CARTESIAN_POINT ( 'NONE',  ( -0.9038064344890468504, 2.815499810793200108, 0.003000000000000000062 ) ) ;
#1041 = ORIENTED_EDGE ( 'NONE', *, *, #2218, .T. ) ;
#1042 = CARTESIAN_POINT ( 'NONE',  ( 1.750658043274220033, 0.1422458381632560054, 0.000000000000000000 ) ) ;
#1043 = PLANE ( 'NONE',  #784 ) ;
#1044 = AXIS2_PLACEMENT_3D ( 'NONE', #2316, #122, #1067 ) ;
#1045 = VERTEX_POINT ( 'NONE', #2081 ) ;
#1046 = CARTESIAN_POINT ( 'NONE',  ( -3.000000000000000000, 3.149999999999999911, 0.1150000000000000050 ) ) ;
#1047 = B_SPLINE_SURFACE_WITH_KNOTS ( 'NONE', 3, 1, ( 
 ( #2191, #2632 ),
 ( #488, #2666 ),
 ( #1949, #1719 ),
 ( #177, #504 ) ),
 .UNSPECIFIED., .F., .F., .F.,
 ( 4, 4 ),
 ( 2, 2 ),
 ( 0.000000000000000000, 1.000000000000000000 ),
 ( 0.000000000000000000, 0.0002999999999999999737 ),
 .UNSPECIFIED. ) ;
#1048 = CARTESIAN_POINT ( 'NONE',  ( 2.636948261631820056, -0.1459878606188519945, 0.003000000000000000062 ) ) ;
#1049 = CARTESIAN_POINT ( 'NONE',  ( 1.529103169294280029, 0.03396045173576680426, 0.000000000000000000 ) ) ;
#1050 = ORIENTED_EDGE ( 'NONE', *, *, #1674, .F. ) ;
#1051 = CARTESIAN_POINT ( 'NONE',  ( -3.595606601717798334, 0.000000000000000000, 6.995606601717797801 ) ) ;
#1052 = EDGE_CURVE ( 'NONE', #1865, #1549, #1002, .T. ) ;
#1053 = EDGE_LOOP ( 'NONE', ( #892, #2184, #2765, #303 ) ) ;
#1054 = CARTESIAN_POINT ( 'NONE',  ( 1.167714493222769878, 0.3102210129289370011, 0.000000000000000000 ) ) ;
#1055 = B_SPLINE_CURVE_WITH_KNOTS ( 'NONE', 3,
 ( #1921, #689, #1728, #2628, #2441, #1704 ),
 .UNSPECIFIED., .F., .F.,
 ( 4, 2, 4 ),
 ( 0.000000000000000000, 0.007568638035685830087, 0.01501901935368119868 ),
 .UNSPECIFIED. ) ;
#1056 = ORIENTED_EDGE ( 'NONE', *, *, #592, .F. ) ;
#1057 = FACE_OUTER_BOUND ( 'NONE', #510, .T. ) ;
#1058 = ADVANCED_FACE ( 'NONE', ( #853 ), #2376, .T. ) ;
#1059 = EDGE_CURVE ( 'NONE', #2993, #59, #3093, .T. ) ;
#1060 = VECTOR ( 'NONE', #1281, 1000.000000000000000 ) ;
#1061 = VECTOR ( 'NONE', #1137, 1000.000000000000000 ) ;
#1062 = DIRECTION ( 'NONE',  ( 0.000000000000000000, 1.000000000000000000, 0.000000000000000000 ) ) ;
#1063 = ORIENTED_EDGE ( 'NONE', *, *, #2549, .F. ) ;
#1064 = CARTESIAN_POINT ( 'NONE',  ( 1.795429313059579757, 0.1434575599809420066, 0.003000000000000000062 ) ) ;
#1065 = B_SPLINE_CURVE_WITH_KNOTS ( 'NONE', 3,
 ( #2040, #1083, #2330, #2992 ),
 .UNSPECIFIED., .F., .F.,
 ( 4, 4 ),
 ( 0.000000000000000000, 1.000000000000000000 ),
 .UNSPECIFIED. ) ;
#1066 = CARTESIAN_POINT ( 'NONE',  ( 2.099434271891930326, -0.5781815891940540464, 0.000000000000000000 ) ) ;
#1067 = DIRECTION ( 'NONE',  ( -0.7071067811865479058, 0.7071067811865472397, 1.807003620809174385E-16 ) ) ;
#1068 = ORIENTED_EDGE ( 'NONE', *, *, #1459, .F. ) ;
#1069 = AXIS2_PLACEMENT_3D ( 'NONE', #2146, #3099, #629 ) ;
#1070 = CARTESIAN_POINT ( 'NONE',  ( 3.584999999999999964, -3.149999999999999911, 0.1149999999999979927 ) ) ;
#1071 = ORIENTED_EDGE ( 'NONE', *, *, #963, .F. ) ;
#1072 = LINE ( 'NONE', #2102, #3085 ) ;
#1073 = AXIS2_PLACEMENT_3D ( 'NONE', #511, #2933, #754 ) ;
#1074 = ORIENTED_EDGE ( 'NONE', *, *, #1095, .T. ) ;
#1075 = DIRECTION ( 'NONE',  ( -0.7071067811865546782, 0.000000000000000000, -0.7071067811865402453 ) ) ;
#1076 = CARTESIAN_POINT ( 'NONE',  ( -3.000000000000000000, 3.750000000000000000, 0.1150000000000000050 ) ) ;
#1077 = EDGE_CURVE ( 'NONE', #2655, #631, #2203, .T. ) ;
#1078 = VERTEX_POINT ( 'NONE', #2612 ) ;
#1079 = CARTESIAN_POINT ( 'NONE',  ( 1.244168778549600063, -0.01311918744405119949, 0.003000000000000000062 ) ) ;
#1080 = VECTOR ( 'NONE', #1923, 1000.000000000000000 ) ;
#1081 = EDGE_CURVE ( 'NONE', #101, #799, #1685, .T. ) ;
#1082 = CARTESIAN_POINT ( 'NONE',  ( 3.000000000000000000, -3.149999999999999911, 0.09999999999999879818 ) ) ;
#1083 = CARTESIAN_POINT ( 'NONE',  ( 1.730833430178969845, 0.1475065474112220165, 0.003000000000000000062 ) ) ;
#1084 = CARTESIAN_POINT ( 'NONE',  ( -3.000000000000000000, 3.734999999999999876, 0.1000000000000000056 ) ) ;
#1085 = AXIS2_PLACEMENT_3D ( 'NONE', #1123, #2310, #1352 ) ;
#1086 = VERTEX_POINT ( 'NONE', #1408 ) ;
#1087 = LINE ( 'NONE', #1579, #33 ) ;
#1088 = EDGE_LOOP ( 'NONE', ( #1193, #816, #360, #1565 ) ) ;
#1089 = CARTESIAN_POINT ( 'NONE',  ( 1.750658043274220033, 0.1422458381632560054, 0.003000000000000000062 ) ) ;
#1090 = FACE_OUTER_BOUND ( 'NONE', #2596, .T. ) ;
#1091 = ORIENTED_EDGE ( 'NONE', *, *, #2582, .F. ) ;
#1092 = VERTEX_POINT ( 'NONE', #2142 ) ;
#1093 = EDGE_CURVE ( 'NONE', #328, #1271, #793, .T. ) ;
#1094 =( NAMED_UNIT ( * ) SI_UNIT ( $, .STERADIAN. ) SOLID_ANGLE_UNIT ( ) );
#1095 = EDGE_CURVE ( 'NONE', #2795, #1504, #3056, .T. ) ;
#1096 = DIRECTION ( 'NONE',  ( 1.537634919886934886E-16, 4.341503203566779605E-19, 1.000000000000000000 ) ) ;
#1097 = CARTESIAN_POINT ( 'NONE',  ( 1.149859174586990163, 0.1507436455841160150, 0.000000000000000000 ) ) ;
#1098 = CARTESIAN_POINT ( 'NONE',  ( 2.334754714381940044, -0.3594912118690549718, 0.000000000000000000 ) ) ;
#1099 = ORIENTED_EDGE ( 'NONE', *, *, #2295, .F. ) ;
#1100 = DIRECTION ( 'NONE',  ( 1.000000000000000000, 0.000000000000000000, 0.000000000000000000 ) ) ;
#1101 = VERTEX_POINT ( 'NONE', #414 ) ;
#1102 = CARTESIAN_POINT ( 'NONE',  ( 1.212200552735275272, 0.02567610465890465127, 0.002999999999999999629 ) ) ;
#1103 = UNCERTAINTY_MEASURE_WITH_UNIT (LENGTH_MEASURE( 1.000000000000000082E-05 ), #1216, 'distance_accuracy_value', 'NONE');
#1104 = CARTESIAN_POINT ( 'NONE',  ( 1.159885503714219945, 0.1243556984736300247, 0.003000000000000000062 ) ) ;
#1105 = ORIENTED_EDGE ( 'NONE', *, *, #1113, .F. ) ;
#1106 = ORIENTED_EDGE ( 'NONE', *, *, #1262, .F. ) ;
#1107 = SHAPE_REPRESENTATION ( 'logo.step', ( #1438 ), #350 ) ;
#1108 = VECTOR ( 'NONE', #1619, 1000.000000000000000 ) ;
#1109 = LINE ( 'NONE', #1589, #134 ) ;
#1110 = CIRCLE ( 'NONE', #1010, 0.01499999999999938882 ) ;
#1111 = CARTESIAN_POINT ( 'NONE',  ( 1.263197675381910079, 0.4013528373059430110, 0.003000000000000000062 ) ) ;
#1112 = DIRECTION ( 'NONE',  ( -1.000000000000000000, 0.000000000000000000, 0.000000000000000000 ) ) ;
#1113 = EDGE_CURVE ( 'NONE', #2748, #974, #1443, .T. ) ;
#1114 = ADVANCED_FACE ( 'NONE', ( #2630 ), #427, .T. ) ;
#1115 = DIRECTION ( 'NONE',  ( 0.000000000000000000, 0.000000000000000000, 1.000000000000000000 ) ) ;
#1116 = B_SPLINE_SURFACE_WITH_KNOTS ( 'NONE', 3, 1, ( 
 ( #333, #1863 ),
 ( #664, #1661 ),
 ( #1415, #148 ),
 ( #2118, #1626 ) ),
 .UNSPECIFIED., .F., .F., .F.,
 ( 4, 4 ),
 ( 2, 2 ),
 ( 0.000000000000000000, 0.9693837109528939955 ),
 ( 0.000000000000000000, 0.0002999999999999999737 ),
 .UNSPECIFIED. ) ;
#1117 = CARTESIAN_POINT ( 'NONE',  ( 1.402427779191900203, 0.6100535883059420295, 0.003000000000000000062 ) ) ;
#1118 = ORIENTED_EDGE ( 'NONE', *, *, #1929, .F. ) ;
#1119 = CARTESIAN_POINT ( 'NONE',  ( 3.135000000000000231, 3.000000000000000000, 0.000000000000000000 ) ) ;
#1120 = EDGE_CURVE ( 'NONE', #1547, #1810, #517, .T. ) ;
#1121 = AXIS2_PLACEMENT_3D ( 'NONE', #2635, #213, #2882 ) ;
#1122 = AXIS2_PLACEMENT_3D ( 'NONE', #1070, #843, #2500 ) ;
#1123 = CARTESIAN_POINT ( 'NONE',  ( 1.665334536937730077E-15, 3.750000000000000000, 3.550000000000000266 ) ) ;
#1124 = ORIENTED_EDGE ( 'NONE', *, *, #1540, .T. ) ;
#1125 = ORIENTED_EDGE ( 'NONE', *, *, #1258, .F. ) ;
#1126 = B_SPLINE_CURVE_WITH_KNOTS ( 'NONE', 3,
 ( #717, #404, #3062, #647 ),
 .UNSPECIFIED., .F., .F.,
 ( 4, 4 ),
 ( 0.000000000000000000, 1.000000000000000000 ),
 .UNSPECIFIED. ) ;
#1127 = CARTESIAN_POINT ( 'NONE',  ( -3.600000000000000089, 0.000000000000000000, 0.1000000000000000056 ) ) ;
#1128 =( BOUNDED_SURFACE ( )  B_SPLINE_SURFACE ( 1, 2, ( 
 ( #3124, #981, #2186 ),
 ( #2202, #1196, #2911 ) ),
 .UNSPECIFIED., .F., .F., .F. ) 
 B_SPLINE_SURFACE_WITH_KNOTS ( ( 2, 2 ),
 ( 3, 3 ),
 ( 0.000000000000000000, 0.0008172025832478000459 ),
 ( -0.03063958456655190010, 0.2223323722738259900 ),
 .UNSPECIFIED. ) 
 GEOMETRIC_REPRESENTATION_ITEM ( )  RATIONAL_B_SPLINE_SURFACE ( (
 ( 1.000000000000000000, 0.9920113078827159647, 1.000000000000000000),
 ( 1.000000000000000000, 0.9920113078827159647, 1.000000000000000000) ) ) 
 REPRESENTATION_ITEM ( '' )  SURFACE ( )  );
#1129 = CARTESIAN_POINT ( 'NONE',  ( 1.207154285107769898, -0.2380143257998580120, 0.000000000000000000 ) ) ;
#1130 = CARTESIAN_POINT ( 'NONE',  ( -0.5412853348526590613, 2.815499810793200108, 0.000000000000000000 ) ) ;
#1131 = CARTESIAN_POINT ( 'NONE',  ( 2.474502032465289769, 0.4950340348809439406, 0.000000000000000000 ) ) ;
#1132 = CARTESIAN_POINT ( 'NONE',  ( 1.424003106881910119, 0.4346410644809469703, 0.000000000000000000 ) ) ;
#1133 = CARTESIAN_POINT ( 'NONE',  ( 2.635135942146919596, 0.5469802215855609218, 0.003000000000000000062 ) ) ;
#1134 = ORIENTED_EDGE ( 'NONE', *, *, #1059, .F. ) ;
#1135 = CARTESIAN_POINT ( 'NONE',  ( 3.600000000000000089, 0.000000000000000000, 7.000000000000000000 ) ) ;
#1136 = UNCERTAINTY_MEASURE_WITH_UNIT (LENGTH_MEASURE( 1.000000000000000082E-05 ), #413, 'distance_accuracy_value', 'NONE');
#1137 = DIRECTION ( 'NONE',  ( 0.000000000000000000, 0.000000000000000000, 1.000000000000000000 ) ) ;
#1138 = CARTESIAN_POINT ( 'NONE',  ( 1.168707412677179480, 0.1008680951048740310, 0.003000000000000003532 ) ) ;
#1139 = ORIENTED_EDGE ( 'NONE', *, *, #437, .F. ) ;
#1140 = VERTEX_POINT ( 'NONE', #2439 ) ;
#1141 = ORIENTED_EDGE ( 'NONE', *, *, #2327, .F. ) ;
#1142 = SURFACE_STYLE_FILL_AREA ( #1853 ) ;
#1143 = CARTESIAN_POINT ( 'NONE',  ( 2.460055420869479814, 0.5092747727186139883, 0.000000000000000000 ) ) ;
#1144 = VECTOR ( 'NONE', #1879, 1000.000000000000000 ) ;
#1145 = CARTESIAN_POINT ( 'NONE',  ( 3.595606601717798334, 3.149999999999999911, 0.1043933982821998729 ) ) ;
#1146 = CARTESIAN_POINT ( 'NONE',  ( 2.675329132714209912, 0.05777234696325989766, 0.000000000000000000 ) ) ;
#1147 = CIRCLE ( 'NONE', #1044, 0.5999999999999998668 ) ;
#1148 = DIRECTION ( 'NONE',  ( -1.000000000000000000, 0.000000000000000000, 0.000000000000000000 ) ) ;
#1149 = CARTESIAN_POINT ( 'NONE',  ( 1.718932857381910040, 0.3189176378986359750, 0.003000000000000000062 ) ) ;
#1150 = DIRECTION ( 'NONE',  ( 0.000000000000000000, -1.000000000000000000, 0.000000000000000000 ) ) ;
#1151 = PRODUCT_RELATED_PRODUCT_CATEGORY ( 'part', '', ( #2343 ) ) ;
#1152 = EDGE_CURVE ( 'NONE', #1140, #1247, #2720, .T. ) ;
#1153 = CARTESIAN_POINT ( 'NONE',  ( -3.000000000000000000, 3.734999999999999876, 6.985000000000000320 ) ) ;
#1154 = CARTESIAN_POINT ( 'NONE',  ( 2.605213782724209892, -0.4309454091940529974, 0.000000000000000000 ) ) ;
#1155 = ORIENTED_EDGE ( 'NONE', *, *, #1996, .T. ) ;
#1156 = EDGE_CURVE ( 'NONE', #245, #458, #234, .T. ) ;
#1157 = EDGE_CURVE ( 'NONE', #2225, #3133, #2456, .T. ) ;
#1158 = VERTEX_POINT ( 'NONE', #3121 ) ;
#1159 = ORIENTED_EDGE ( 'NONE', *, *, #2487, .T. ) ;
#1160 = CARTESIAN_POINT ( 'NONE',  ( 1.998088153358619889, 0.03279882566325869470, 0.000000000000000000 ) ) ;
#1161 = EDGE_CURVE ( 'NONE', #3052, #1865, #805, .T. ) ;
#1162 = DIRECTION ( 'NONE',  ( 0.000000000000000000, 0.000000000000000000, 1.000000000000000000 ) ) ;
#1163 = CARTESIAN_POINT ( 'NONE',  ( 1.998088153358619889, 0.03279882566325869470, 0.003000000000000000062 ) ) ;
#1164 = LINE ( 'NONE', #1640, #1468 ) ;
#1165 = VECTOR ( 'NONE', #969, 1000.000000000000000 ) ;
#1166 = VECTOR ( 'NONE', #1939, 1000.000000000000000 ) ;
#1167 = CARTESIAN_POINT ( 'NONE',  ( 2.474502032465289769, 0.4950340348809439406, 0.000000000000000000 ) ) ;
#1168 = CIRCLE ( 'NONE', #1280, 0.6000000000000001998 ) ;
#1169 = LINE ( 'NONE', #2145, #2498 ) ;
#1170 = DIRECTION ( 'NONE',  ( -1.000000000000000000, 3.700743415417190151E-14, 0.000000000000000000 ) ) ;
#1171 = CARTESIAN_POINT ( 'NONE',  ( 1.685000000000000053, -3.000000000000000000, 0.000000000000000000 ) ) ;
#1172 = FACE_OUTER_BOUND ( 'NONE', #2731, .T. ) ;
#1173 = DIRECTION ( 'NONE',  ( 0.000000000000000000, 0.000000000000000000, 1.000000000000000000 ) ) ;
#1174 = CARTESIAN_POINT ( 'NONE',  ( 1.263197675381910079, 0.4013528373059430110, 0.003000000000000000062 ) ) ;
#1175 = ORIENTED_EDGE ( 'NONE', *, *, #2715, .F. ) ;
#1176 = EDGE_LOOP ( 'NONE', ( #2756, #1381, #1522, #227 ) ) ;
#1177 = CYLINDRICAL_SURFACE ( 'NONE', #2541, 0.6000000000000001998 ) ;
#1178 =( GEOMETRIC_REPRESENTATION_CONTEXT ( 3 ) GLOBAL_UNCERTAINTY_ASSIGNED_CONTEXT ( ( #617 ) ) GLOBAL_UNIT_ASSIGNED_CONTEXT ( ( #2663, #1706, #1717 ) ) REPRESENTATION_CONTEXT ( 'NONE', 'WORKASPACE' ) );
#1179 = VECTOR ( 'NONE', #1724, 1000.000000000000114 ) ;
#1180 = ORIENTED_EDGE ( 'NONE', *, *, #1156, .T. ) ;
#1181 = CARTESIAN_POINT ( 'NONE',  ( 2.523831252700539984, 0.4406808133024320284, 0.003000000000000000062 ) ) ;
#1182 = CARTESIAN_POINT ( 'NONE',  ( 2.646531726474360191, 0.2248832587108499925, 0.000000000000000000 ) ) ;
#1183 = EDGE_CURVE ( 'NONE', #2560, #586, #1365, .T. ) ;
#1184 = CARTESIAN_POINT ( 'NONE',  ( 2.559202766881900182, -0.2243613597867389897, 0.003000000000000000062 ) ) ;
#1185 = CARTESIAN_POINT ( 'NONE',  ( -3.584999999999999964, 3.149999999999999911, 7.000000000000000000 ) ) ;
#1186 = AXIS2_PLACEMENT_3D ( 'NONE', #2199, #1, #1969 ) ;
#1187 = CARTESIAN_POINT ( 'NONE',  ( 3.424264068711928566, -3.574264068711928477, 6.985000000000000320 ) ) ;
#1188 = FACE_OUTER_BOUND ( 'NONE', #2670, .T. ) ;
#1189 = FACE_OUTER_BOUND ( 'NONE', #32, .T. ) ;
#1190 = ORIENTED_EDGE ( 'NONE', *, *, #2948, .T. ) ;
#1191 = B_SPLINE_CURVE_WITH_KNOTS ( 'NONE', 3,
 ( #2689, #2133, #938, #2869 ),
 .UNSPECIFIED., .F., .F.,
 ( 4, 4 ),
 ( 0.000000000000000000, 1.000000000000000000 ),
 .UNSPECIFIED. ) ;
#1192 = CARTESIAN_POINT ( 'NONE',  ( 3.584999999999999964, 3.149999999999999911, 7.000000000000000000 ) ) ;
#1193 = ORIENTED_EDGE ( 'NONE', *, *, #2101, .T. ) ;
#1194 = FACE_OUTER_BOUND ( 'NONE', #635, .T. ) ;
#1195 = APPLICATION_CONTEXT ( 'automotive_design' ) ;
#1196 = CARTESIAN_POINT ( 'NONE',  ( 1.746900739001549629, 0.5541076045851799359, 0.003000000000000002665 ) ) ;
#1197 = ORIENTED_EDGE ( 'NONE', *, *, #3036, .T. ) ;
#1198 = EDGE_CURVE ( 'NONE', #341, #94, #2507, .T. ) ;
#1199 = CARTESIAN_POINT ( 'NONE',  ( 1.393038493330220007, -0.1945471302480649978, 0.000000000000000000 ) ) ;
#1200 = DIRECTION ( 'NONE',  ( 1.000000000000000000, 7.709882115452500353E-17, -7.709882115451919801E-17 ) ) ;
#1201 = EDGE_CURVE ( 'NONE', #458, #1743, #1907, .T. ) ;
#1202 = EDGE_CURVE ( 'NONE', #425, #1158, #979, .T. ) ;
#1203 = CARTESIAN_POINT ( 'NONE',  ( 2.497948740715359772, -0.2861090772866989873, 0.000000000000000000 ) ) ;
#1204 =( NAMED_UNIT ( * ) PLANE_ANGLE_UNIT ( ) SI_UNIT ( $, .RADIAN. ) );
#1205 = CARTESIAN_POINT ( 'NONE',  ( -0.9038064344890468504, -2.815499810793200108, 0.000000000000000000 ) ) ;
#1206 = CARTESIAN_POINT ( 'NONE',  ( 1.491165166717669965, 0.1453172505132439840, 0.003000000000000000062 ) ) ;
#1207 = PRODUCT_DEFINITION_CONTEXT ( 'detailed design', #1580, 'design' ) ;
#1208 = ORIENTED_EDGE ( 'NONE', *, *, #400, .F. ) ;
#1209 = CARTESIAN_POINT ( 'NONE',  ( 0.9888828777242217871, 0.06300002997363289559, 0.003000000000000000062 ) ) ;
#1210 = CARTESIAN_POINT ( 'NONE',  ( -3.424264068711928122, -3.574264068711928921, 6.985000000000000320 ) ) ;
#1211 = EDGE_LOOP ( 'NONE', ( #1741, #2292, #603, #2245 ) ) ;
#1212 = DIRECTION ( 'NONE',  ( 0.000000000000000000, 0.000000000000000000, 1.000000000000000000 ) ) ;
#1213 = APPLICATION_PROTOCOL_DEFINITION ( 'draft international standard', 'automotive_design', 1998, #1358 ) ;
#1214 = CARTESIAN_POINT ( 'NONE',  ( 1.884727911024219882, 0.4168979431632529598, 0.003000000000000000062 ) ) ;
#1215 = VERTEX_POINT ( 'NONE', #3139 ) ;
#1216 =( LENGTH_UNIT ( ) NAMED_UNIT ( * ) SI_UNIT ( .MILLI., .METRE. ) );
#1217 = FACE_OUTER_BOUND ( 'NONE', #2204, .T. ) ;
#1218 = LINE ( 'NONE', #1463, #288 ) ;
#1219 = EDGE_CURVE ( 'NONE', #2263, #1140, #962, .T. ) ;
#1220 = CARTESIAN_POINT ( 'NONE',  ( 1.884727911024219882, 0.4168979431632569566, 0.003000000000000000062 ) ) ;
#1221 = AXIS2_PLACEMENT_3D ( 'NONE', #1380, #2350, #2113 ) ;
#1222 = EDGE_CURVE ( 'NONE', #755, #1316, #2909, .T. ) ;
#1223 = CYLINDRICAL_SURFACE ( 'NONE', #43, 0.01499999999999989536 ) ;
#1224 = ORIENTED_EDGE ( 'NONE', *, *, #2192, .F. ) ;
#1225 = CARTESIAN_POINT ( 'NONE',  ( 2.832721995474209997, -0.1255174576940550069, 0.000000000000000000 ) ) ;
#1226 = VERTEX_POINT ( 'NONE', #1192 ) ;
#1227 = DIRECTION ( 'NONE',  ( 0.000000000000000000, 0.000000000000000000, 1.000000000000000000 ) ) ;
#1228 = EDGE_CURVE ( 'NONE', #455, #341, #1237, .T. ) ;
#1229 = LINE ( 'NONE', #1987, #3105 ) ;
#1230 =( LENGTH_UNIT ( ) NAMED_UNIT ( * ) SI_UNIT ( .MILLI., .METRE. ) );
#1231 = EDGE_LOOP ( 'NONE', ( #863, #3044, #1983, #3106, #2251, #1665, #2175 ) ) ;
#1232 = CIRCLE ( 'NONE', #2955, 0.5849999999999998535 ) ;
#1233 = PRODUCT ( 'body^Coilcraft_-_XAL7070-472MEC.step', 'body^Coilcraft_-_XAL7070-472MEC.step', '', ( #1714 ) ) ;
#1234 = CARTESIAN_POINT ( 'NONE',  ( 3.000000000000000000, -3.734999999999999876, 6.985000000000000320 ) ) ;
#1235 = CARTESIAN_POINT ( 'NONE',  ( -3.584999999999999964, -3.149999999999999911, 0.1150000000000000050 ) ) ;
#1236 = VERTEX_POINT ( 'NONE', #1474 ) ;
#1237 =( BOUNDED_CURVE ( )  B_SPLINE_CURVE ( 3, ( #723, #2954, #2212, #2171 ),
 .UNSPECIFIED., .F., .F. ) 
 B_SPLINE_CURVE_WITH_KNOTS ( ( 4, 4 ),
 ( 4.800672682445631168, 5.482286539468295139 ),
 .UNSPECIFIED. ) 
 CURVE ( )  GEOMETRIC_REPRESENTATION_ITEM ( )  RATIONAL_B_SPLINE_CURVE ( ( 1.000000000000000000, 0.9616568389234175784, 0.9616568389234175784, 1.000000000000000000 ) ) 
 REPRESENTATION_ITEM ( '' )  );
#1238 = DIRECTION ( 'NONE',  ( 2.433431542689689592E-16, 1.980940435164900078E-31, 1.000000000000000000 ) ) ;
#1239 = EDGE_LOOP ( 'NONE', ( #1124, #813, #2079, #326 ) ) ;
#1240 = FACE_OUTER_BOUND ( 'NONE', #2733, .T. ) ;
#1241 = DIRECTION ( 'NONE',  ( 0.000000000000000000, 0.000000000000000000, -1.000000000000000000 ) ) ;
#1242 = ORIENTED_EDGE ( 'NONE', *, *, #879, .T. ) ;
#1243 = CARTESIAN_POINT ( 'NONE',  ( 3.595606601717798334, 0.000000000000000000, 0.1043933982821996648 ) ) ;
#1244 = VECTOR ( 'NONE', #1933, 1000.000000000000000 ) ;
#1245 = DIRECTION ( 'NONE',  ( 0.7071067811865475727, -0.7071067811865475727, -1.807003620809173399E-16 ) ) ;
#1246 = DIRECTION ( 'NONE',  ( -1.000000000000000000, 1.216715771344843810E-16, 1.216715771344781934E-16 ) ) ;
#1247 = VERTEX_POINT ( 'NONE', #2703 ) ;
#1248 = VERTEX_POINT ( 'NONE', #940 ) ;
#1249 = CARTESIAN_POINT ( 'NONE',  ( -3.584999999999999964, 3.149999999999999911, 0.1150000000000000050 ) ) ;
#1250 = ORIENTED_EDGE ( 'NONE', *, *, #109, .T. ) ;
#1251 = CARTESIAN_POINT ( 'NONE',  ( 1.018173216159540040, -0.008495949283649110312, 0.000000000000000000 ) ) ;
#1252 = ORIENTED_EDGE ( 'NONE', *, *, #618, .F. ) ;
#1253 = DIRECTION ( 'NONE',  ( 1.609018876268339850E-16, 0.000000000000000000, 1.000000000000000000 ) ) ;
#1254 = EDGE_CURVE ( 'NONE', #2047, #1092, #1677, .T. ) ;
#1255 = EDGE_CURVE ( 'NONE', #1804, #2091, #1229, .T. ) ;
#1256 = PRODUCT ( 'XAL7070-472MEC', 'XAL7070-472MEC', '', ( #2003 ) ) ;
#1257 = FACE_OUTER_BOUND ( 'NONE', #204, .T. ) ;
#1258 = EDGE_CURVE ( 'NONE', #2416, #1918, #2562, .T. ) ;
#1259 = ORIENTED_EDGE ( 'NONE', *, *, #1077, .F. ) ;
#1260 = CARTESIAN_POINT ( 'NONE',  ( 3.000000000000000000, 3.149999999999999911, 6.985000000000000320 ) ) ;
#1261 =( LENGTH_UNIT ( ) NAMED_UNIT ( * ) SI_UNIT ( .MILLI., .METRE. ) );
#1262 = EDGE_CURVE ( 'NONE', #526, #877, #694, .T. ) ;
#1263 = DIRECTION ( 'NONE',  ( 0.000000000000000000, 0.000000000000000000, -1.000000000000000000 ) ) ;
#1264 = FILL_AREA_STYLE_COLOUR ( '', #1592 ) ;
#1265 = ADVANCED_FACE ( 'NONE', ( #2667 ), #999, .T. ) ;
#1266 = ORIENTED_EDGE ( 'NONE', *, *, #340, .F. ) ;
#1267 = AXIS2_PLACEMENT_3D ( 'NONE', #2093, #2302, #97 ) ;
#1268 = LINE ( 'NONE', #2950, #2705 ) ;
#1269 = ORIENTED_EDGE ( 'NONE', *, *, #2787, .F. ) ;
#1270 = LINE ( 'NONE', #2732, #2990 ) ;
#1271 = VERTEX_POINT ( 'NONE', #2923 ) ;
#1272 = CARTESIAN_POINT ( 'NONE',  ( 1.640345535757350870, 0.3953668489850459822, 0.000000000000000000 ) ) ;
#1273 = CIRCLE ( 'NONE', #2394, 0.5999999999999998668 ) ;
#1274 = CARTESIAN_POINT ( 'NONE',  ( 3.600000000000000089, 3.149999999999999911, 5.275000000000000355 ) ) ;
#1275 = ORIENTED_EDGE ( 'NONE', *, *, #1397, .T. ) ;
#1276 = CARTESIAN_POINT ( 'NONE',  ( 1.569041344024219908, 0.1750581614132520059, 0.000000000000000000 ) ) ;
#1277 = DIRECTION ( 'NONE',  ( 1.000000000000000000, 0.000000000000000000, 0.000000000000000000 ) ) ;
#1278 = AXIS2_PLACEMENT_3D ( 'NONE', #1127, #1871, #2583 ) ;
#1279 = CARTESIAN_POINT ( 'NONE',  ( 2.568753516131890180, 0.3616720333809389509, 0.000000000000000000 ) ) ;
#1280 = AXIS2_PLACEMENT_3D ( 'NONE', #2687, #1449, #472 ) ;
#1281 = DIRECTION ( 'NONE',  ( 0.000000000000000000, 0.000000000000000000, 1.000000000000000000 ) ) ;
#1282 = AXIS2_PLACEMENT_3D ( 'NONE', #2629, #426, #1460 ) ;
#1283 = B_SPLINE_SURFACE_WITH_KNOTS ( 'NONE', 3, 1, ( 
 ( #1909, #1961 ),
 ( #1444, #1946 ),
 ( #2599, #1924 ),
 ( #3079, #222 ) ),
 .UNSPECIFIED., .F., .F., .F.,
 ( 4, 4 ),
 ( 2, 2 ),
 ( 0.000000000000000000, 1.000000000000000000 ),
 ( 0.000000000000000000, 0.0002999999999999999737 ),
 .UNSPECIFIED. ) ;
#1284 = EDGE_LOOP ( 'NONE', ( #1832, #1242, #2545, #2404, #1571, #569, #2481 ) ) ;
#1285 = CARTESIAN_POINT ( 'NONE',  ( 1.629340632300850134, 0.1829139535453500054, 0.000000000000000000 ) ) ;
#1286 = ORIENTED_EDGE ( 'NONE', *, *, #2488, .T. ) ;
#1287 = DIRECTION ( 'NONE',  ( 0.000000000000000000, 0.000000000000000000, 1.000000000000000000 ) ) ;
#1288 = ORIENTED_EDGE ( 'NONE', *, *, #2521, .F. ) ;
#1289 = LINE ( 'NONE', #2604, #1144 ) ;
#1290 = DIRECTION ( 'NONE',  ( 0.000000000000000000, -1.000000000000000000, 0.000000000000000000 ) ) ;
#1291 = ORIENTED_EDGE ( 'NONE', *, *, #724, .F. ) ;
#1292 = CARTESIAN_POINT ( 'NONE',  ( 2.675329132714209912, 0.05777234696325989766, 0.003000000000000000062 ) ) ;
#1293 = CLOSED_SHELL ( 'NONE', ( #3032, #1297, #3094, #3070, #728, #61 ) ) ;
#1294 = ADVANCED_FACE ( 'NONE', ( #2264 ), #1868, .T. ) ;
#1295 = CARTESIAN_POINT ( 'NONE',  ( -3.424264068711928566, 3.574264068711928477, 1.824999999999999956 ) ) ;
#1296 = CARTESIAN_POINT ( 'NONE',  ( -3.584999999999999964, -3.149999999999999911, 7.000000000000000000 ) ) ;
#1297 = ADVANCED_FACE ( 'NONE', ( #1057 ), #329, .T. ) ;
#1298 = EDGE_CURVE ( 'NONE', #2018, #2694, #804, .T. ) ;
#1299 = ORIENTED_EDGE ( 'NONE', *, *, #2234, .T. ) ;
#1300 = CARTESIAN_POINT ( 'NONE',  ( 2.559202766881900182, -0.2243613597867389897, 0.000000000000000000 ) ) ;
#1301 = ORIENTED_EDGE ( 'NONE', *, *, #13, .F. ) ;
#1302 = DIRECTION ( 'NONE',  ( 0.000000000000000000, 1.000000000000000000, 0.000000000000000000 ) ) ;
#1303 = ORIENTED_EDGE ( 'NONE', *, *, #1740, .T. ) ;
#1304 = CARTESIAN_POINT ( 'NONE',  ( 2.710141341474209931, 0.4458213581382539648, 0.000000000000000000 ) ) ;
#1305 = ADVANCED_FACE ( 'NONE', ( #1793 ), #280, .T. ) ;
#1306 = STYLED_ITEM ( 'NONE', ( #1488 ), #1757 ) ;
#1307 = CARTESIAN_POINT ( 'NONE',  ( 1.884727911024219882, 0.4168979431632569566, 0.000000000000000000 ) ) ;
#1308 = VECTOR ( 'NONE', #160, 1000.000000000000000 ) ;
#1309 = ORIENTED_EDGE ( 'NONE', *, *, #2526, .F. ) ;
#1310 = CARTESIAN_POINT ( 'NONE',  ( 1.806673425308060077, 0.1573462592663009973, 0.000000000000000000 ) ) ;
#1311 = CARTESIAN_POINT ( 'NONE',  ( 2.675329132714209912, 0.05777234696325989766, 0.003000000000000000062 ) ) ;
#1312 = CARTESIAN_POINT ( 'NONE',  ( 1.144413015019980051, 0.2336072562400020036, 0.003000000000000000062 ) ) ;
#1313 = ORIENTED_EDGE ( 'NONE', *, *, #54, .T. ) ;
#1314 = EDGE_CURVE ( 'NONE', #609, #324, #428, .T. ) ;
#1315 = DIRECTION ( 'NONE',  ( 0.000000000000000000, -1.000000000000000000, 0.000000000000000000 ) ) ;
#1316 = VERTEX_POINT ( 'NONE', #92 ) ;
#1317 = CARTESIAN_POINT ( 'NONE',  ( 1.402427779191900203, 0.6100535883059420295, 0.000000000000000000 ) ) ;
#1318 = VERTEX_POINT ( 'NONE', #2548 ) ;
#1319 = CARTESIAN_POINT ( 'NONE',  ( -1.800000000000000044, -3.734999999999999876, 7.000000000000000000 ) ) ;
#1320 = CIRCLE ( 'NONE', #1992, 0.01499999999999852146 ) ;
#1321 = ADVANCED_FACE ( 'NONE', ( #2516 ), #2278, .T. ) ;
#1322 = AXIS2_PLACEMENT_3D ( 'NONE', #296, #2742, #2262 ) ;
#1323 = FACE_OUTER_BOUND ( 'NONE', #2057, .T. ) ;
#1324 = EDGE_LOOP ( 'NONE', ( #153, #846, #1139, #803 ) ) ;
#1325 = LINE ( 'NONE', #2149, #1061 ) ;
#1326 = FACE_OUTER_BOUND ( 'NONE', #1578, .T. ) ;
#1327 = B_SPLINE_CURVE_WITH_KNOTS ( 'NONE', 3,
 ( #470, #1206, #3132, #955 ),
 .UNSPECIFIED., .F., .F.,
 ( 4, 4 ),
 ( 0.000000000000000000, 1.000000000000000000 ),
 .UNSPECIFIED. ) ;
#1328 = CARTESIAN_POINT ( 'NONE',  ( 2.469667620434440103, 0.4999403993251779754, 0.003000000000000000062 ) ) ;
#1329 = B_SPLINE_SURFACE_WITH_KNOTS ( 'NONE', 3, 1, ( 
 ( #119, #865 ),
 ( #637, #893 ),
 ( #2389, #2627 ),
 ( #942, #1920 ) ),
 .UNSPECIFIED., .F., .F., .F.,
 ( 4, 4 ),
 ( 2, 2 ),
 ( 0.000000000000000000, 1.000000000000000000 ),
 ( 0.000000000000000000, 0.0002999999999999999737 ),
 .UNSPECIFIED. ) ;
#1330 = MECHANICAL_DESIGN_GEOMETRIC_PRESENTATION_REPRESENTATION (  '', ( #1643 ), #3096 ) ;
#1331 = DIRECTION ( 'NONE',  ( 0.000000000000000000, 0.000000000000000000, 1.000000000000000000 ) ) ;
#1332 = ORIENTED_EDGE ( 'NONE', *, *, #382, .F. ) ;
#1333 = CARTESIAN_POINT ( 'NONE',  ( 2.651093422845979930, 0.5274869084348279280, 0.003000000000000000062 ) ) ;
#1334 = VECTOR ( 'NONE', #646, 1000.000000000000000 ) ;
#1335 = ORIENTED_EDGE ( 'NONE', *, *, #549, .T. ) ;
#1336 = CARTESIAN_POINT ( 'NONE',  ( -2.409999999999999698, 0.000000000000000000, 0.1000000000000000056 ) ) ;
#1337 = DIRECTION ( 'NONE',  ( 0.000000000000000000, 0.000000000000000000, 1.000000000000000000 ) ) ;
#1338 = ORIENTED_EDGE ( 'NONE', *, *, #112, .T. ) ;
#1339 = EDGE_LOOP ( 'NONE', ( #2465, #2357, #422, #834 ) ) ;
#1340 =( BOUNDED_CURVE ( )  B_SPLINE_CURVE ( 3, ( #527, #259, #1515, #2226 ),
 .UNSPECIFIED., .F., .F. ) 
 B_SPLINE_CURVE_WITH_KNOTS ( ( 4, 4 ),
 ( 0.02474719698753605548, 1.174037131250100341 ),
 .UNSPECIFIED. ) 
 CURVE ( )  GEOMETRIC_REPRESENTATION_ITEM ( )  RATIONAL_B_SPLINE_CURVE ( ( 1.000000000000000000, 0.8929235525020307040, 0.8929235525020307040, 1.000000000000000000 ) ) 
 REPRESENTATION_ITEM ( '' )  );
#1341 = AXIS2_PLACEMENT_3D ( 'NONE', #218, #477, #1241 ) ;
#1342 = CARTESIAN_POINT ( 'NONE',  ( 0.9888828777242217871, 0.06300002997363289559, 0.000000000000000000 ) ) ;
#1343 = DIRECTION ( 'NONE',  ( 0.7071067811865474617, -0.7071067811865474617, -1.621669916110796615E-16 ) ) ;
#1344 = DIRECTION ( 'NONE',  ( 0.000000000000000000, 0.000000000000000000, -1.000000000000000000 ) ) ;
#1345 = B_SPLINE_CURVE_WITH_KNOTS ( 'NONE', 3,
 ( #1517, #1251, #1775, #2000, #1532, #261 ),
 .UNSPECIFIED., .F., .F.,
 ( 4, 2, 4 ),
 ( 0.000000000000000000, 0.007568638035685830087, 0.01501901935368119868 ),
 .UNSPECIFIED. ) ;
#1346 = CARTESIAN_POINT ( 'NONE',  ( 2.099434271891930326, -0.5781815891940540464, 0.000000000000000000 ) ) ;
#1347 = PRESENTATION_LAYER_ASSIGNMENT (  '', '', ( #1400 ) ) ;
#1348 = ORIENTED_EDGE ( 'NONE', *, *, #2064, .F. ) ;
#1349 = DIRECTION ( 'NONE',  ( 0.000000000000000000, 0.000000000000000000, 1.000000000000000000 ) ) ;
#1350 = ORIENTED_EDGE ( 'NONE', *, *, #1157, .F. ) ;
#1351 = DIRECTION ( 'NONE',  ( -0.000000000000000000, 1.000000000000000000, 0.000000000000000000 ) ) ;
#1352 = DIRECTION ( 'NONE',  ( 1.000000000000000000, 0.000000000000000000, 0.000000000000000000 ) ) ;
#1353 = ORIENTED_EDGE ( 'NONE', *, *, #108, .T. ) ;
#1354 = EDGE_CURVE ( 'NONE', #1451, #101, #46, .T. ) ;
#1355 = ORIENTED_EDGE ( 'NONE', *, *, #2752, .T. ) ;
#1356 = ADVANCED_FACE ( 'NONE', ( #837 ), #1573, .F. ) ;
#1357 = ADVANCED_FACE ( 'NONE', ( #2309 ), #2962, .T. ) ;
#1358 = APPLICATION_CONTEXT ( 'automotive_design' ) ;
#1359 =( BOUNDED_CURVE ( )  B_SPLINE_CURVE ( 3, ( #390, #1102, #2561, #2321 ),
 .UNSPECIFIED., .F., .F. ) 
 B_SPLINE_CURVE_WITH_KNOTS ( ( 4, 4 ),
 ( 3.859682370326960044, 5.787427504175473914 ),
 .UNSPECIFIED. ) 
 CURVE ( )  GEOMETRIC_REPRESENTATION_ITEM ( )  RATIONAL_B_SPLINE_CURVE ( ( 1.000000000000000000, 0.7135622129066983010, 0.7135622129066983010, 1.000000000000000000 ) ) 
 REPRESENTATION_ITEM ( '' )  );
#1360 = APPLICATION_CONTEXT ( 'automotive_design' ) ;
#1361 = CARTESIAN_POINT ( 'NONE',  ( 2.099434271891930326, -0.5781815891940540464, 0.003000000000000000062 ) ) ;
#1362 = CARTESIAN_POINT ( 'NONE',  ( 2.655200030224209584, 0.5210366848059470035, 0.000000000000000000 ) ) ;
#1363 = EDGE_CURVE ( 'NONE', #3055, #2075, #2122, .T. ) ;
#1364 = CARTESIAN_POINT ( 'NONE',  ( 1.780775365371754626, 0.2447258947478155588, 0.000000000000000000 ) ) ;
#1365 = B_SPLINE_CURVE_WITH_KNOTS ( 'NONE', 3,
 ( #1713, #1453, #2230, #2690 ),
 .UNSPECIFIED., .F., .F.,
 ( 4, 4 ),
 ( 0.000000000000000000, 1.000000000000000000 ),
 .UNSPECIFIED. ) ;
#1366 = DIRECTION ( 'NONE',  ( 1.000000000000000000, 0.000000000000000000, 0.000000000000000000 ) ) ;
#1367 = B_SPLINE_CURVE_WITH_KNOTS ( 'NONE', 3,
 ( #556, #1285, #2544, #2072 ),
 .UNSPECIFIED., .F., .F.,
 ( 4, 4 ),
 ( 0.000000000000000000, 1.000000000000000000 ),
 .UNSPECIFIED. ) ;
#1368 = ORIENTED_EDGE ( 'NONE', *, *, #2254, .F. ) ;
#1369 = CARTESIAN_POINT ( 'NONE',  ( 1.569041344024219908, 0.1750581614132520059, 0.000000000000000000 ) ) ;
#1370 = CARTESIAN_POINT ( 'NONE',  ( 1.168707412677179480, 0.1008680951048740310, 0.000000000000000000 ) ) ;
#1371 = ORIENTED_EDGE ( 'NONE', *, *, #2387, .T. ) ;
#1372 = ORIENTED_EDGE ( 'NONE', *, *, #1773, .F. ) ;
#1373 = VECTOR ( 'NONE', #2364, 1000.000000000000000 ) ;
#1374 = CIRCLE ( 'NONE', #2337, 0.01499999999999852146 ) ;
#1375 = FACE_OUTER_BOUND ( 'NONE', #89, .T. ) ;
#1376 = CARTESIAN_POINT ( 'NONE',  ( 1.144570052030599916, 0.1785607519527110110, 0.003000000000000000062 ) ) ;
#1377 = PLANE ( 'NONE',  #2680 ) ;
#1378 = CARTESIAN_POINT ( 'NONE',  ( -3.000000000000000000, -3.745606601717797801, 6.995606601717798689 ) ) ;
#1379 = EDGE_CURVE ( 'NONE', #1808, #311, #2527, .T. ) ;
#1380 = CARTESIAN_POINT ( 'NONE',  ( -3.584999999999999964, 0.000000000000000000, 0.1150000000000000050 ) ) ;
#1381 = ORIENTED_EDGE ( 'NONE', *, *, #250, .F. ) ;
#1382 = CARTESIAN_POINT ( 'NONE',  ( 1.597297882451490070, 0.1858484663206519949, 0.000000000000000000 ) ) ;
#1383 = DIRECTION ( 'NONE',  ( -1.000000000000000000, 0.000000000000000000, 0.000000000000000000 ) ) ;
#1384 = AXIS2_PLACEMENT_3D ( 'NONE', #3037, #857, #2379 ) ;
#1385 = PLANE ( 'NONE',  #3018 ) ;
#1386 = VERTEX_POINT ( 'NONE', #299 ) ;
#1387 = ORIENTED_EDGE ( 'NONE', *, *, #2942, .F. ) ;
#1388 = ORIENTED_EDGE ( 'NONE', *, *, #345, .F. ) ;
#1389 = CARTESIAN_POINT ( 'NONE',  ( 2.655200030224209584, 0.5210366848059470035, 0.000000000000000000 ) ) ;
#1390 = CARTESIAN_POINT ( 'NONE',  ( -3.000000000000000000, -3.745606601717797801, 0.1043933982822020518 ) ) ;
#1391 = CARTESIAN_POINT ( 'NONE',  ( 1.794075582381900125, 0.2053323303986319959, 0.003000000000000000062 ) ) ;
#1392 =( REPRESENTATION_RELATIONSHIP ('NONE','NONE', #2004, #2095 ) REPRESENTATION_RELATIONSHIP_WITH_TRANSFORMATION ( #2215 )SHAPE_REPRESENTATION_RELATIONSHIP( ) );
#1393 = DIRECTION ( 'NONE',  ( 0.000000000000000000, -1.000000000000000000, 0.000000000000000000 ) ) ;
#1394 = EDGE_CURVE ( 'NONE', #471, #2123, #2970, .T. ) ;
#1395 = CARTESIAN_POINT ( 'NONE',  ( 1.754729093992830613, 0.2840972875713200230, 0.000000000000000000 ) ) ;
#1396 = CARTESIAN_POINT ( 'NONE',  ( 0.9551405529787649895, 0.1624207523447949997, 0.000000000000000000 ) ) ;
#1397 = EDGE_CURVE ( 'NONE', #3104, #1078, #1359, .T. ) ;
#1398 = LINE ( 'NONE', #161, #2940 ) ;
#1399 = CARTESIAN_POINT ( 'NONE',  ( 2.334754714381940044, -0.3594912118690549718, 0.000000000000000000 ) ) ;
#1400 = STYLED_ITEM ( 'NONE', ( #2536 ), #1764 ) ;
#1401 = CARTESIAN_POINT ( 'NONE',  ( -0.5412853348526590613, 2.815499810793200108, 0.000000000000000000 ) ) ;
#1402 = CARTESIAN_POINT ( 'NONE',  ( 2.464867708101849963, 0.5046778239880860273, 0.003000000000000000062 ) ) ;
#1403 = ORIENTED_EDGE ( 'NONE', *, *, #381, .T. ) ;
#1404 = EDGE_CURVE ( 'NONE', #745, #341, #1289, .T. ) ;
#1405 = VERTEX_POINT ( 'NONE', #2086 ) ;
#1406 = ORIENTED_EDGE ( 'NONE', *, *, #643, .F. ) ;
#1407 = FACE_OUTER_BOUND ( 'NONE', #3149, .T. ) ;
#1408 = CARTESIAN_POINT ( 'NONE',  ( -3.000000000000000000, 3.750000000000000000, 6.985000000000000320 ) ) ;
#1409 = VECTOR ( 'NONE', #454, 1000.000000000000000 ) ;
#1410 = CARTESIAN_POINT ( 'NONE',  ( 1.773719436967667651, 0.2656246642504118682, 0.002999999999999997460 ) ) ;
#1411 = CARTESIAN_POINT ( 'NONE',  ( 1.948065610680079995, -0.06525331790171930157, 0.003000000000000000062 ) ) ;
#1412 = CARTESIAN_POINT ( 'NONE',  ( -2.409999999999999698, 0.000000000000000000, 0.000000000000000000 ) ) ;
#1413 = CARTESIAN_POINT ( 'NONE',  ( 2.727228053747860148, -0.3493482614828520294, 0.003000000000000000062 ) ) ;
#1414 = FACE_OUTER_BOUND ( 'NONE', #1088, .T. ) ;
#1415 = CARTESIAN_POINT ( 'NONE',  ( 2.635135942146919596, 0.5469802215855609218, 0.000000000000000000 ) ) ;
#1416 = CARTESIAN_POINT ( 'NONE',  ( 0.9967332959419099581, 0.4193616807236299482, 0.000000000000000000 ) ) ;
#1417 = ORIENTED_EDGE ( 'NONE', *, *, #1397, .F. ) ;
#1418 = EDGE_LOOP ( 'NONE', ( #1538, #3011, #274, #44 ) ) ;
#1419 = FACE_OUTER_BOUND ( 'NONE', #574, .T. ) ;
#1420 = ADVANCED_FACE ( 'NONE', ( #2148 ), #363, .T. ) ;
#1421 = ORIENTED_EDGE ( 'NONE', *, *, #2616, .T. ) ;
#1422 = ORIENTED_EDGE ( 'NONE', *, *, #2396, .F. ) ;
#1423 = CIRCLE ( 'NONE', #2087, 0.6000000000000001998 ) ;
#1424 = PRESENTATION_STYLE_ASSIGNMENT (( #3092 ) ) ;
#1425 = DIRECTION ( 'NONE',  ( 0.000000000000000000, 1.000000000000000000, 0.000000000000000000 ) ) ;
#1426 = VECTOR ( 'NONE', #1912, 1000.000000000000000 ) ;
#1427 = AXIS2_PLACEMENT_3D ( 'NONE', #3066, #633, #2301 ) ;
#1428 = DIRECTION ( 'NONE',  ( 0.000000000000000000, 0.000000000000000000, 1.000000000000000000 ) ) ;
#1429 = CARTESIAN_POINT ( 'NONE',  ( 1.355507064464419820, 0.4348839170561460410, 0.003000000000000000062 ) ) ;
#1430 = CARTESIAN_POINT ( 'NONE',  ( 0.9888828777242217871, 0.06300002997363289559, 0.000000000000000000 ) ) ;
#1431 = CARTESIAN_POINT ( 'NONE',  ( 2.619266014475499560, 0.5649641999185990304, 0.000000000000000000 ) ) ;
#1432 = CARTESIAN_POINT ( 'NONE',  ( 2.840364782661195076, 0.2718616372258605973, 0.003000000000000000062 ) ) ;
#1433 = CARTESIAN_POINT ( 'NONE',  ( 2.409999999999999698, 0.000000000000000000, 0.1000000000000000056 ) ) ;
#1434 = ORIENTED_EDGE ( 'NONE', *, *, #954, .T. ) ;
#1435 = EDGE_CURVE ( 'NONE', #200, #1630, #2315, .T. ) ;
#1436 = ORIENTED_EDGE ( 'NONE', *, *, #2581, .T. ) ;
#1437 = DIRECTION ( 'NONE',  ( 0.000000000000000000, 1.000000000000000000, 0.000000000000000000 ) ) ;
#1438 = AXIS2_PLACEMENT_3D ( 'NONE', #1480, #19, #223 ) ;
#1439 = ADVANCED_FACE ( 'NONE', ( #3040 ), #2131, .T. ) ;
#1440 = LINE ( 'NONE', #776, #929 ) ;
#1441 = ADVANCED_FACE ( 'NONE', ( #1414 ), #2381, .T. ) ;
#1442 = ORIENTED_EDGE ( 'NONE', *, *, #2524, .T. ) ;
#1443 = LINE ( 'NONE', #2409, #2158 ) ;
#1444 = CARTESIAN_POINT ( 'NONE',  ( 1.026986048082169978, 0.4758091128911680068, 0.000000000000000000 ) ) ;
#1445 = DIRECTION ( 'NONE',  ( 0.000000000000000000, 1.000000000000000000, 0.000000000000000000 ) ) ;
#1446 = DIRECTION ( 'NONE',  ( 0.000000000000000000, -1.000000000000000000, 0.000000000000000000 ) ) ;
#1447 = FACE_OUTER_BOUND ( 'NONE', #1774, .T. ) ;
#1448 = ORIENTED_EDGE ( 'NONE', *, *, #2524, .F. ) ;
#1449 = DIRECTION ( 'NONE',  ( -2.443350504691545093E-16, -9.918962001855379101E-19, -1.000000000000000000 ) ) ;
#1450 = CARTESIAN_POINT ( 'NONE',  ( 1.314893692131940073, 0.4264766440559730198, 0.003000000000000000062 ) ) ;
#1451 = VERTEX_POINT ( 'NONE', #904 ) ;
#1452 = VECTOR ( 'NONE', #1437, 1000.000000000000000 ) ;
#1453 = CARTESIAN_POINT ( 'NONE',  ( 2.197559344882119792, -0.4045877371190380600, 0.003000000000000000062 ) ) ;
#1454 = CARTESIAN_POINT ( 'NONE',  ( 1.786702955734599918, 0.1326809315882560014, 0.003000000000000000062 ) ) ;
#1455 = AXIS2_PLACEMENT_3D ( 'NONE', #1433, #2654, #2183 ) ;
#1456 = CARTESIAN_POINT ( 'NONE',  ( 1.536247171191910121, 0.5993205209132550504, 0.003000000000000000062 ) ) ;
#1457 = VERTEX_POINT ( 'NONE', #117 ) ;
#1458 = EDGE_CURVE ( 'NONE', #2225, #1140, #1869, .T. ) ;
#1459 = EDGE_CURVE ( 'NONE', #2919, #555, #596, .T. ) ;
#1460 = DIRECTION ( 'NONE',  ( 1.000000000000000000, 0.000000000000000000, 0.000000000000000000 ) ) ;
#1461 = DIRECTION ( 'NONE',  ( 0.000000000000000000, 1.000000000000000000, 0.000000000000000000 ) ) ;
#1462 = AXIS2_PLACEMENT_3D ( 'NONE', #3064, #888, #2902 ) ;
#1463 = CARTESIAN_POINT ( 'NONE',  ( 2.675329132714209912, 0.05777234696325989766, 0.000000000000000000 ) ) ;
#1464 = FILL_AREA_STYLE_COLOUR ( '', #241 ) ;
#1465 = CARTESIAN_POINT ( 'NONE',  ( 2.801103770308360108, -0.2501743033566969920, 0.003000000000000000062 ) ) ;
#1466 = ADVANCED_FACE ( 'NONE', ( #2803 ), #714, .T. ) ;
#1467 = DIRECTION ( 'NONE',  ( -0.9439217104492317878, -0.3301693573646659607, 0.000000000000000000 ) ) ;
#1468 = VECTOR ( 'NONE', #886, 1000.000000000000000 ) ;
#1469 = ORIENTED_EDGE ( 'NONE', *, *, #2159, .F. ) ;
#1470 = CARTESIAN_POINT ( 'NONE',  ( 1.393038493330220007, -0.1945471302480649978, 0.003000000000000000062 ) ) ;
#1471 = VERTEX_POINT ( 'NONE', #1399 ) ;
#1472 = CARTESIAN_POINT ( 'NONE',  ( 3.000000000000000000, -3.734999999999999876, 7.000000000000000000 ) ) ;
#1473 = ORIENTED_EDGE ( 'NONE', *, *, #1152, .F. ) ;
#1474 = CARTESIAN_POINT ( 'NONE',  ( 2.619266014475499560, 0.5649641999185990304, 0.003000000000000000062 ) ) ;
#1475 = CARTESIAN_POINT ( 'NONE',  ( 0.9551405529787649895, 0.1624207523447949997, 0.003000000000000000062 ) ) ;
#1476 = ORIENTED_EDGE ( 'NONE', *, *, #2353, .F. ) ;
#1477 = SURFACE_SIDE_STYLE ('',( #2461 ) ) ;
#1478 = AXIS2_PLACEMENT_3D ( 'NONE', #1235, #1513, #1720 ) ;
#1479 = CARTESIAN_POINT ( 'NONE',  ( -3.135000000000000231, 3.000000000000000000, 0.000000000000000000 ) ) ;
#1480 = CARTESIAN_POINT ( 'NONE',  ( 0.000000000000000000, 0.000000000000000000, 0.000000000000000000 ) ) ;
#1481 = FACE_OUTER_BOUND ( 'NONE', #705, .T. ) ;
#1482 = CIRCLE ( 'NONE', #1888, 0.01499999999999970107 ) ;
#1483 = EDGE_LOOP ( 'NONE', ( #369, #795, #831, #849 ) ) ;
#1484 = DIRECTION ( 'NONE',  ( 0.000000000000000000, 0.000000000000000000, 1.000000000000000000 ) ) ;
#1485 = ORIENTED_EDGE ( 'NONE', *, *, #1081, .T. ) ;
#1486 = CARTESIAN_POINT ( 'NONE',  ( 1.263197675381910079, 0.4013528373059430110, 0.000000000000000000 ) ) ;
#1487 = CARTESIAN_POINT ( 'NONE',  ( -3.584999999999999964, 3.149999999999999911, 6.985000000000000320 ) ) ;
#1488 = PRESENTATION_STYLE_ASSIGNMENT (( #2643 ) ) ;
#1489 = ORIENTED_EDGE ( 'NONE', *, *, #246, .T. ) ;
#1490 =( GEOMETRIC_REPRESENTATION_CONTEXT ( 3 ) GLOBAL_UNCERTAINTY_ASSIGNED_CONTEXT ( ( #364 ) ) GLOBAL_UNIT_ASSIGNED_CONTEXT ( ( #1737, #489, #195 ) ) REPRESENTATION_CONTEXT ( 'NONE', 'WORKASPACE' ) );
#1491 = LINE ( 'NONE', #2366, #645 ) ;
#1492 = CIRCLE ( 'NONE', #1749, 0.01499999999999852146 ) ;
#1493 = PRESENTATION_STYLE_ASSIGNMENT (( #485 ) ) ;
#1494 = CARTESIAN_POINT ( 'NONE',  ( -3.000000000000000000, -3.734999999999999876, 0.1150000000000000050 ) ) ;
#1495 = CARTESIAN_POINT ( 'NONE',  ( 2.832721995474209997, -0.1255174576940550069, 0.000000000000000000 ) ) ;
#1496 = ADVANCED_FACE ( 'NONE', ( #128 ), #1860, .T. ) ;
#1497 = EDGE_CURVE ( 'NONE', #2089, #1859, #1658, .T. ) ;
#1498 = ORIENTED_EDGE ( 'NONE', *, *, #1404, .T. ) ;
#1499 = AXIS2_PLACEMENT_3D ( 'NONE', #1336, #2035, #2248 ) ;
#1500 = ADVANCED_FACE ( 'NONE', ( #923 ), #2590, .T. ) ;
#1501 = DIRECTION ( 'NONE',  ( 0.000000000000000000, 0.000000000000000000, -1.000000000000000000 ) ) ;
#1502 = ORIENTED_EDGE ( 'NONE', *, *, #2490, .F. ) ;
#1503 = LINE ( 'NONE', #802, #901 ) ;
#1504 = VERTEX_POINT ( 'NONE', #2621 ) ;
#1505 = CARTESIAN_POINT ( 'NONE',  ( 3.600000000000000089, 0.000000000000000000, 6.985000000000000320 ) ) ;
#1506 = CARTESIAN_POINT ( 'NONE',  ( 1.685000000000000053, -3.000000000000000000, 0.1000000000000000056 ) ) ;
#1507 = EDGE_LOOP ( 'NONE', ( #2134, #1760, #3039, #1023 ) ) ;
#1508 = DIRECTION ( 'NONE',  ( 0.000000000000000000, 0.000000000000000000, 1.000000000000000000 ) ) ;
#1509 = AXIS2_PLACEMENT_3D ( 'NONE', #2935, #758, #1791 ) ;
#1510 = CARTESIAN_POINT ( 'NONE',  ( 2.636948261631820056, -0.1459878606188519945, 0.000000000000000000 ) ) ;
#1511 = DIRECTION ( 'NONE',  ( 0.000000000000000000, 1.000000000000000000, 0.000000000000000000 ) ) ;
#1512 = SURFACE_STYLE_USAGE ( .BOTH. , #38 ) ;
#1513 = DIRECTION ( 'NONE',  ( 0.000000000000000000, 1.000000000000000000, 0.000000000000000000 ) ) ;
#1514 = ORIENTED_EDGE ( 'NONE', *, *, #1219, .F. ) ;
#1515 = CARTESIAN_POINT ( 'NONE',  ( 2.013422970007853863, 0.2889093159100799557, 0.003000000000000000062 ) ) ;
#1516 = ORIENTED_EDGE ( 'NONE', *, *, #2427, .F. ) ;
#1517 = CARTESIAN_POINT ( 'NONE',  ( 0.9888828777242217871, 0.06300002997363289559, 0.000000000000000000 ) ) ;
#1518 = ORIENTED_EDGE ( 'NONE', *, *, #2883, .T. ) ;
#1519 = DIRECTION ( 'NONE',  ( 0.000000000000000000, -1.000000000000000000, 0.000000000000000000 ) ) ;
#1520 = B_SPLINE_SURFACE_WITH_KNOTS ( 'NONE', 3, 1, ( 
 ( #2067, #2354 ),
 ( #683, #166 ),
 ( #924, #889 ),
 ( #3020, #1079 ) ),
 .UNSPECIFIED., .F., .F., .F.,
 ( 4, 4 ),
 ( 2, 2 ),
 ( 0.000000000000000000, 1.000000000000000000 ),
 ( 0.000000000000000000, 0.0002999999999999999737 ),
 .UNSPECIFIED. ) ;
#1521 = SURFACE_STYLE_USAGE ( .BOTH. , #2279 ) ;
#1522 = ORIENTED_EDGE ( 'NONE', *, *, #1202, .T. ) ;
#1523 = DIRECTION ( 'NONE',  ( 0.000000000000000000, 0.000000000000000000, 1.000000000000000000 ) ) ;
#1524 = CARTESIAN_POINT ( 'NONE',  ( 2.675329132714209912, 0.05777234696325989766, 0.000000000000000000 ) ) ;
#1525 = DIRECTION ( 'NONE',  ( 8.045094381341709113E-17, 0.000000000000000000, 1.000000000000000000 ) ) ;
#1526 = CARTESIAN_POINT ( 'NONE',  ( -3.000000000000000000, 3.149999999999999911, 1.824999999999999956 ) ) ;
#1527 = AXIS2_PLACEMENT_3D ( 'NONE', #2676, #2231, #775 ) ;
#1528 = VERTEX_POINT ( 'NONE', #2115 ) ;
#1529 = CIRCLE ( 'NONE', #548, 0.01499999999999970107 ) ;
#1530 = DIRECTION ( 'NONE',  ( 0.000000000000000000, 1.000000000000000000, 0.000000000000000000 ) ) ;
#1531 = ORIENTED_EDGE ( 'NONE', *, *, #1262, .T. ) ;
#1532 = CARTESIAN_POINT ( 'NONE',  ( 1.288013100534540101, -0.3089703607075160452, 0.000000000000000000 ) ) ;
#1533 = ORIENTED_EDGE ( 'NONE', *, *, #679, .T. ) ;
#1534 = DIRECTION ( 'NONE',  ( 0.000000000000000000, 0.000000000000000000, 1.000000000000000000 ) ) ;
#1535 = CIRCLE ( 'NONE', #125, 0.01499999999999960566 ) ;
#1536 = PRODUCT_RELATED_PRODUCT_CATEGORY ( 'part', '', ( #1256 ) ) ;
#1537 = DIRECTION ( 'NONE',  ( -1.000000000000000000, 0.000000000000000000, 0.000000000000000000 ) ) ;
#1538 = ORIENTED_EDGE ( 'NONE', *, *, #1594, .F. ) ;
#1539 = ADVANCED_FACE ( 'NONE', ( #1172 ), #1913, .T. ) ;
#1540 = EDGE_CURVE ( 'NONE', #667, #1821, #2414, .T. ) ;
#1541 = AXIS2_PLACEMENT_3D ( 'NONE', #718, #1709, #2669 ) ;
#1542 = CARTESIAN_POINT ( 'NONE',  ( 2.675221682249270483, -0.05299964595149540131, 0.003000000000000000062 ) ) ;
#1543 = VECTOR ( 'NONE', #339, 1000.000000000000000 ) ;
#1544 = DIRECTION ( 'NONE',  ( 0.7071067811865475727, 0.7071067811865475727, 0.000000000000000000 ) ) ;
#1545 = EDGE_CURVE ( 'NONE', #3125, #482, #2401, .T. ) ;
#1546 = B_SPLINE_SURFACE_WITH_KNOTS ( 'NONE', 3, 1, ( 
 ( #1654, #1638 ),
 ( #2615, #3112 ),
 ( #416, #1411 ),
 ( #2877, #2378 ) ),
 .UNSPECIFIED., .F., .F., .F.,
 ( 4, 4 ),
 ( 2, 2 ),
 ( 0.000000000000000000, 1.000000000000000000 ),
 ( 0.000000000000000000, 0.0002999999999999999737 ),
 .UNSPECIFIED. ) ;
#1547 = VERTEX_POINT ( 'NONE', #1690 ) ;
#1548 = CARTESIAN_POINT ( 'NONE',  ( 2.605213782724209892, -0.4309454091940529974, 0.000000000000000000 ) ) ;
#1549 = VERTEX_POINT ( 'NONE', #1930 ) ;
#1550 = CARTESIAN_POINT ( 'NONE',  ( 1.149859174586990163, 0.1507436455841160150, 0.000000000000000000 ) ) ;
#1551 = VERTEX_POINT ( 'NONE', #1187 ) ;
#1552 = CARTESIAN_POINT ( 'NONE',  ( 1.402427779191900203, 0.6100535883059429176, 0.003000000000000000062 ) ) ;
#1553 =( NAMED_UNIT ( * ) PLANE_ANGLE_UNIT ( ) SI_UNIT ( $, .RADIAN. ) );
#1554 = ORIENTED_EDGE ( 'NONE', *, *, #1120, .F. ) ;
#1555 = CARTESIAN_POINT ( 'NONE',  ( 1.806423675164849918, 0.1687665014250569750, 0.000000000000000000 ) ) ;
#1556 = EDGE_CURVE ( 'NONE', #1840, #1248, #473, .T. ) ;
#1557 = ADVANCED_FACE ( 'NONE', ( #435 ), #1223, .T. ) ;
#1558 = DIRECTION ( 'NONE',  ( 0.000000000000000000, 0.000000000000000000, 1.000000000000000000 ) ) ;
#1559 = CARTESIAN_POINT ( 'NONE',  ( 1.144413015019980051, 0.2336072562400020036, 0.000000000000000000 ) ) ;
#1560 = EDGE_CURVE ( 'NONE', #1804, #3024, #1844, .T. ) ;
#1561 = ORIENTED_EDGE ( 'NONE', *, *, #2300, .F. ) ;
#1562 = CARTESIAN_POINT ( 'NONE',  ( -3.000000000000000000, -3.750000000000000000, 1.824999999999999956 ) ) ;
#1563 = EDGE_LOOP ( 'NONE', ( #1712, #1975, #64, #2247 ) ) ;
#1564 = CARTESIAN_POINT ( 'NONE',  ( 1.238754990431230052, 0.3894733533833369954, 0.000000000000000000 ) ) ;
#1565 = ORIENTED_EDGE ( 'NONE', *, *, #1634, .F. ) ;
#1566 = CARTESIAN_POINT ( 'NONE',  ( 1.698279564971300060, 0.1577691436554649884, 0.000000000000000000 ) ) ;
#1567 = UNCERTAINTY_MEASURE_WITH_UNIT (LENGTH_MEASURE( 1.000000000000000082E-05 ), #239, 'distance_accuracy_value', 'NONE');
#1568 = AXIS2_PLACEMENT_3D ( 'NONE', #1119, #1351, #3084 ) ;
#1569 = DIRECTION ( 'NONE',  ( -8.045094381341709113E-17, 0.000000000000000000, -1.000000000000000000 ) ) ;
#1570 = VECTOR ( 'NONE', #432, 1000.000000000000000 ) ;
#1571 = ORIENTED_EDGE ( 'NONE', *, *, #2948, .F. ) ;
#1572 = FACE_OUTER_BOUND ( 'NONE', #878, .T. ) ;
#1573 =( BOUNDED_SURFACE ( )  B_SPLINE_SURFACE ( 1, 2, ( 
 ( #344, #1819, #1304 ),
 ( #1582, #2048, #2999 ) ),
 .UNSPECIFIED., .F., .F., .F. ) 
 B_SPLINE_SURFACE_WITH_KNOTS ( ( 2, 2 ),
 ( 3, 3 ),
 ( 0.000000000000000000, 0.002852257023936349833 ),
 ( -0.2052127087838150066, 0.5172990700917849960 ),
 .UNSPECIFIED. ) 
 GEOMETRIC_REPRESENTATION_ITEM ( )  RATIONAL_B_SPLINE_SURFACE ( (
 ( 1.000000000000000000, 0.9354536682300459427, 1.000000000000000000),
 ( 1.000000000000000000, 0.9354536682300459427, 1.000000000000000000) ) ) 
 REPRESENTATION_ITEM ( '' )  SURFACE ( )  );
#1574 = CARTESIAN_POINT ( 'NONE',  ( 1.149090342039079893, 0.2602865328490450159, 0.003000000000000000062 ) ) ;
#1575 = CARTESIAN_POINT ( 'NONE',  ( 3.000000000000000000, 3.149999999999999911, 6.985000000000000320 ) ) ;
#1576 = ORIENTED_EDGE ( 'NONE', *, *, #407, .F. ) ;
#1577 = DIRECTION ( 'NONE',  ( 0.000000000000000000, 0.000000000000000000, -1.000000000000000000 ) ) ;
#1578 = EDGE_LOOP ( 'NONE', ( #3043, #1286, #515, #1125 ) ) ;
#1579 = CARTESIAN_POINT ( 'NONE',  ( -3.135000000000000231, -3.000000000000000000, 0.1000000000000000056 ) ) ;
#1580 = APPLICATION_CONTEXT ( 'automotive_design' ) ;
#1581 = EDGE_LOOP ( 'NONE', ( #2308, #1335, #2312, #127 ) ) ;
#1582 = CARTESIAN_POINT ( 'NONE',  ( 2.832721995474209997, -0.1255174576940550069, 0.003000000000000000062 ) ) ;
#1583 = COLOUR_RGB ( '',0.8313725490196077761, 0.8313725490196077761, 0.8313725490196077761 ) ;
#1584 = VECTOR ( 'NONE', #782, 1000.000000000000000 ) ;
#1585 = VECTOR ( 'NONE', #2830, 1000.000000000000000 ) ;
#1586 = DIRECTION ( 'NONE',  ( 0.000000000000000000, -1.000000000000000000, 0.000000000000000000 ) ) ;
#1587 = EDGE_LOOP ( 'NONE', ( #1531, #1313, #1099, #2438 ) ) ;
#1588 = VERTEX_POINT ( 'NONE', #698 ) ;
#1589 = CARTESIAN_POINT ( 'NONE',  ( 3.135000000000000231, 3.000000000000000000, 0.000000000000000000 ) ) ;
#1590 = CARTESIAN_POINT ( 'NONE',  ( 1.371784067724219902, -0.3625183383617430199, 0.003000000000000000062 ) ) ;
#1591 = CARTESIAN_POINT ( 'NONE',  ( -3.595606601717798334, -3.149999999999999911, 0.1043933982822018991 ) ) ;
#1592 = COLOUR_RGB ( '',0.4980392156862745168, 0.4980392156862745168, 0.4980392156862745168 ) ;
#1593 = DIRECTION ( 'NONE',  ( -0.7071067811865472397, -0.7071067811865479058, 0.000000000000000000 ) ) ;
#1594 = EDGE_CURVE ( 'NONE', #991, #3055, #2901, .T. ) ;
#1595 = ORIENTED_EDGE ( 'NONE', *, *, #746, .T. ) ;
#1596 = CARTESIAN_POINT ( 'NONE',  ( 1.496690150958890131, 0.6078105497927870360, 0.000000000000000000 ) ) ;
#1597 = AXIS2_PLACEMENT_3D ( 'NONE', #2512, #325, #358 ) ;
#1598 = ORIENTED_EDGE ( 'NONE', *, *, #2124, .T. ) ;
#1599 = CARTESIAN_POINT ( 'NONE',  ( 1.718932857381910040, 0.3189176378986359750, 0.000000000000000000 ) ) ;
#1600 = EDGE_CURVE ( 'NONE', #1092, #2655, #1327, .T. ) ;
#1601 = ADVANCED_FACE ( 'NONE', ( #1447 ), #1951, .T. ) ;
#1602 = DIRECTION ( 'NONE',  ( 4.022547190670854556E-17, 4.022547190670854556E-17, 1.000000000000000000 ) ) ;
#1603 = ORIENTED_EDGE ( 'NONE', *, *, #1773, .T. ) ;
#1604 = ORIENTED_EDGE ( 'NONE', *, *, #873, .T. ) ;
#1605 = ADVANCED_FACE ( 'NONE', ( #1375 ), #2326, .T. ) ;
#1606 = VECTOR ( 'NONE', #2420, 1000.000000000000000 ) ;
#1607 = CARTESIAN_POINT ( 'NONE',  ( 2.655200030224209584, 0.5210366848059470035, 0.003000000000000000062 ) ) ;
#1608 = LINE ( 'NONE', #2314, #3035 ) ;
#1609 = CARTESIAN_POINT ( 'NONE',  ( -3.000000000000000000, 3.734999999999999876, 6.985000000000000320 ) ) ;
#1610 = CARTESIAN_POINT ( 'NONE',  ( 1.794075582381910117, 0.2053323303986359927, 0.000000000000000000 ) ) ;
#1611 = COLOUR_RGB ( '',0.4980392156862745168, 0.4980392156862745168, 0.4980392156862745168 ) ;
#1612 = CARTESIAN_POINT ( 'NONE',  ( -3.000000000000000000, -3.149999999999999911, 6.985000000000000320 ) ) ;
#1613 = ORIENTED_EDGE ( 'NONE', *, *, #1120, .T. ) ;
#1614 = CARTESIAN_POINT ( 'NONE',  ( 1.678314112524220025, 0.1650514736986300190, 0.000000000000000000 ) ) ;
#1615 = LINE ( 'NONE', #2835, #1767 ) ;
#1616 = ORIENTED_EDGE ( 'NONE', *, *, #2450, .T. ) ;
#1617 = ORIENTED_EDGE ( 'NONE', *, *, #243, .F. ) ;
#1618 = CARTESIAN_POINT ( 'NONE',  ( 2.684159383238509999, 0.4805343931838980120, 0.000000000000000000 ) ) ;
#1619 = DIRECTION ( 'NONE',  ( -1.609018876268339850E-16, 0.000000000000000000, -1.000000000000000000 ) ) ;
#1620 = CARTESIAN_POINT ( 'NONE',  ( 3.000000000000000000, 3.149999999999999911, 0.09999999999999879818 ) ) ;
#1621 = CARTESIAN_POINT ( 'NONE',  ( -3.000000000000000000, -3.750000000000000000, 0.1150000000000000050 ) ) ;
#1622 = CARTESIAN_POINT ( 'NONE',  ( 3.000000000000000000, 3.149999999999999911, 6.985000000000000320 ) ) ;
#1623 = VERTEX_POINT ( 'NONE', #135 ) ;
#1624 = CARTESIAN_POINT ( 'NONE',  ( 1.685000000000000053, 3.000000000000000000, 0.1000000000000000056 ) ) ;
#1625 = PRODUCT_DEFINITION_CONTEXT ( 'detailed design', #1937, 'design' ) ;
#1626 = CARTESIAN_POINT ( 'NONE',  ( 2.619266014475499560, 0.5649641999185990304, 0.003000000000000000062 ) ) ;
#1627 = CARTESIAN_POINT ( 'NONE',  ( 1.600616448272158987, 0.4340150346292362404, 0.000000000000000000 ) ) ;
#1628 = ORIENTED_EDGE ( 'NONE', *, *, #2867, .T. ) ;
#1629 = ORIENTED_EDGE ( 'NONE', *, *, #2839, .F. ) ;
#1630 = VERTEX_POINT ( 'NONE', #610 ) ;
#1631 = VECTOR ( 'NONE', #2852, 1000.000000000000000 ) ;
#1632 = EDGE_CURVE ( 'NONE', #2609, #3052, #2579, .T. ) ;
#1633 = CARTESIAN_POINT ( 'NONE',  ( 0.9550272685242209292, 0.2378575140559439915, 0.003000000000000000062 ) ) ;
#1634 = EDGE_CURVE ( 'NONE', #2287, #2533, #1109, .T. ) ;
#1635 = ADVANCED_FACE ( 'NONE', ( #2092 ), #563, .T. ) ;
#1636 = CARTESIAN_POINT ( 'NONE',  ( 1.698279564971300060, 0.1577691436554649884, 0.000000000000000000 ) ) ;
#1637 = CARTESIAN_POINT ( 'NONE',  ( 1.718932857381900048, 0.3189176378986300353, 0.000000000000000000 ) ) ;
#1638 = CARTESIAN_POINT ( 'NONE',  ( 1.634753112524210072, -0.01781905633674120068, 0.003000000000000000062 ) ) ;
#1639 = CARTESIAN_POINT ( 'NONE',  ( 1.263197675381910079, 0.4013528373059430110, 0.003000000000000000062 ) ) ;
#1640 = CARTESIAN_POINT ( 'NONE',  ( 3.584999999999999964, 0.000000000000000000, 7.000000000000000000 ) ) ;
#1641 = DIRECTION ( 'NONE',  ( 0.000000000000000000, 0.000000000000000000, 1.000000000000000000 ) ) ;
#1642 = DIRECTION ( 'NONE',  ( 1.000000000000000000, 0.000000000000000000, -8.045094381341709113E-17 ) ) ;
#1643 = STYLED_ITEM ( 'NONE', ( #468 ), #2762 ) ;
#1644 = PLANE ( 'NONE',  #2833 ) ;
#1645 = TOROIDAL_SURFACE ( 'NONE', #1069, 0.5849999999999999645, 0.01500000000000000118 ) ;
#1646 = CARTESIAN_POINT ( 'NONE',  ( -0.9038064344890468504, 2.815499810793200108, 0.000000000000000000 ) ) ;
#1647 = ORIENTED_EDGE ( 'NONE', *, *, #246, .F. ) ;
#1648 = ORIENTED_EDGE ( 'NONE', *, *, #2944, .T. ) ;
#1649 = ORIENTED_EDGE ( 'NONE', *, *, #2387, .F. ) ;
#1650 = CARTESIAN_POINT ( 'NONE',  ( 2.659436337897759906, 0.5143827423690230383, 0.003000000000000000062 ) ) ;
#1651 = AXIS2_PLACEMENT_3D ( 'NONE', #3016, #847, #1075 ) ;
#1652 = CARTESIAN_POINT ( 'NONE',  ( 1.634753112524210072, -0.01781905633674120068, 0.003000000000000000062 ) ) ;
#1653 = DIRECTION ( 'NONE',  ( -1.000000000000000000, 0.000000000000000000, 0.000000000000000000 ) ) ;
#1654 = CARTESIAN_POINT ( 'NONE',  ( 1.634753112524210072, -0.01781905633674120068, 0.000000000000000000 ) ) ;
#1655 = ADVANCED_FACE ( 'NONE', ( #640 ), #822, .T. ) ;
#1656 = CARTESIAN_POINT ( 'NONE',  ( 0.9550272685242209292, 0.2378575140559439915, 0.000000000000000000 ) ) ;
#1657 = LINE ( 'NONE', #2619, #1426 ) ;
#1658 = LINE ( 'NONE', #1624, #2370 ) ;
#1659 = ADVANCED_FACE ( 'NONE', ( #2372 ), #155, .T. ) ;
#1660 = VECTOR ( 'NONE', #457, 1000.000000000000000 ) ;
#1661 = CARTESIAN_POINT ( 'NONE',  ( 2.651093422845979930, 0.5274869084348279280, 0.003000000000000000062 ) ) ;
#1662 = MANIFOLD_SOLID_BREP ( 'Imported2', #2265 ) ;
#1663 = PLANE ( 'NONE',  #1455 ) ;
#1664 = ORIENTED_EDGE ( 'NONE', *, *, #443, .T. ) ;
#1665 = ORIENTED_EDGE ( 'NONE', *, *, #2885, .F. ) ;
#1666 = CARTESIAN_POINT ( 'NONE',  ( 3.600000000000000089, 0.000000000000000000, 0.09999999999999859002 ) ) ;
#1667 = CARTESIAN_POINT ( 'NONE',  ( 1.884727911024219882, 0.4168979431632529598, 0.000000000000000000 ) ) ;
#1668 = DIRECTION ( 'NONE',  ( 0.000000000000000000, -1.000000000000000000, 0.000000000000000000 ) ) ;
#1669 = FILL_AREA_STYLE_COLOUR ( '', #1583 ) ;
#1670 = DIRECTION ( 'NONE',  ( 0.000000000000000000, 0.000000000000000000, 1.000000000000000000 ) ) ;
#1671 = CARTESIAN_POINT ( 'NONE',  ( 3.584999999999999964, 0.000000000000000000, 6.985000000000000320 ) ) ;
#1672 = LINE ( 'NONE', #211, #3067 ) ;
#1673 =( BOUNDED_CURVE ( )  B_SPLINE_CURVE ( 3, ( #2111, #1395, #1364, #1610 ),
 .UNSPECIFIED., .F., .F. ) 
 B_SPLINE_CURVE_WITH_KNOTS ( ( 4, 4 ),
 ( 4.800672682445631168, 5.482286539468295139 ),
 .UNSPECIFIED. ) 
 CURVE ( )  GEOMETRIC_REPRESENTATION_ITEM ( )  RATIONAL_B_SPLINE_CURVE ( ( 1.000000000000000000, 0.9616568389234175784, 0.9616568389234175784, 1.000000000000000000 ) ) 
 REPRESENTATION_ITEM ( '' )  );
#1674 = EDGE_CURVE ( 'NONE', #2075, #1386, #967, .T. ) ;
#1675 = CARTESIAN_POINT ( 'NONE',  ( -3.000000000000000000, -3.149999999999999911, 0.1000000000000000056 ) ) ;
#1676 = ADVANCED_FACE ( 'NONE', ( #1407 ), #2797, .F. ) ;
#1677 = B_SPLINE_CURVE_WITH_KNOTS ( 'NONE', 3,
 ( #774, #10, #2890, #993 ),
 .UNSPECIFIED., .F., .F.,
 ( 4, 4 ),
 ( 0.000000000000000000, 1.000000000000000000 ),
 .UNSPECIFIED. ) ;
#1678 = CARTESIAN_POINT ( 'NONE',  ( -1.685000000000000053, 3.000000000000000000, 0.000000000000000000 ) ) ;
#1679 = CARTESIAN_POINT ( 'NONE',  ( 1.058179716524219938, 0.5065490222236270768, 0.000000000000000000 ) ) ;
#1680 = EDGE_LOOP ( 'NONE', ( #1747, #735, #186, #2838 ) ) ;
#1681 = VERTEX_POINT ( 'NONE', #2858 ) ;
#1682 = CARTESIAN_POINT ( 'NONE',  ( 2.559202766881900182, -0.2243613597867389897, 0.003000000000000000062 ) ) ;
#1683 = ORIENTED_EDGE ( 'NONE', *, *, #2028, .F. ) ;
#1684 = AXIS2_PLACEMENT_3D ( 'NONE', #190, #2397, #691 ) ;
#1685 = LINE ( 'NONE', #916, #357 ) ;
#1686 = CARTESIAN_POINT ( 'NONE',  ( 2.523831252700539984, 0.4406808133024320284, 0.000000000000000000 ) ) ;
#1687 =( GEOMETRIC_REPRESENTATION_CONTEXT ( 3 ) GLOBAL_UNCERTAINTY_ASSIGNED_CONTEXT ( ( #129 ) ) GLOBAL_UNIT_ASSIGNED_CONTEXT ( ( #2861, #2664, #2682 ) ) REPRESENTATION_CONTEXT ( 'NONE', 'WORKASPACE' ) );
#1688 = FACE_OUTER_BOUND ( 'NONE', #1211, .T. ) ;
#1689 = CARTESIAN_POINT ( 'NONE',  ( -0.9038064344890468504, 2.815499810793200108, 0.000000000000000000 ) ) ;
#1690 = CARTESIAN_POINT ( 'NONE',  ( -3.000000000000000000, 3.745606601717798245, 0.1043933982822017742 ) ) ;
#1691 = EDGE_LOOP ( 'NONE', ( #2978, #1489, #2208, #1790, #1754, #908, #1353, #2547, #2543, #1001, #2789, #891, #1303, #2408, #1434, #2136, #2106, #577, #2626, #1598, #2368, #1074, #1159, #2884, #1442, #1852, #2395, #1275, #2459, #315, #2994, #801, #2121, #116 ) ) ;
#1692 =( BOUNDED_CURVE ( )  B_SPLINE_CURVE ( 3, ( #2711, #1813, #2269, #1066 ),
 .UNSPECIFIED., .F., .F. ) 
 B_SPLINE_CURVE_WITH_KNOTS ( ( 4, 4 ),
 ( 2.968133079070056635, 3.259304215174393171 ),
 .UNSPECIFIED. ) 
 CURVE ( )  GEOMETRIC_REPRESENTATION_ITEM ( )  RATIONAL_B_SPLINE_CURVE ( ( 1.000000000000000000, 0.9929474173872027132, 0.9929474173872027132, 1.000000000000000000 ) ) 
 REPRESENTATION_ITEM ( '' )  );
#1693 = CARTESIAN_POINT ( 'NONE',  ( -0.9038064344890468504, 2.815499810793200108, 0.000000000000000000 ) ) ;
#1694 = CARTESIAN_POINT ( 'NONE',  ( 1.800000000000000044, -3.750000000000000000, 0.1150000000000000050 ) ) ;
#1695 = VERTEX_POINT ( 'NONE', #2 ) ;
#1696 = ADVANCED_FACE ( 'NONE', ( #500 ), #1128, .F. ) ;
#1697 = DIRECTION ( 'NONE',  ( 0.000000000000000000, 1.000000000000000000, 0.000000000000000000 ) ) ;
#1698 = ADVANCED_FACE ( 'NONE', ( #188 ), #1916, .F. ) ;
#1699 = AXIS2_PLACEMENT_3D ( 'NONE', #2407, #2874, #2421 ) ;
#1700 = ORIENTED_EDGE ( 'NONE', *, *, #783, .F. ) ;
#1701 = CARTESIAN_POINT ( 'NONE',  ( 3.424264068711928566, 3.574264068711928477, 5.275000000000000355 ) ) ;
#1702 = CIRCLE ( 'NONE', #2200, 0.5999999999999998668 ) ;
#1703 = APPLICATION_PROTOCOL_DEFINITION ( 'draft international standard', 'automotive_design', 1998, #1580 ) ;
#1704 = CARTESIAN_POINT ( 'NONE',  ( 1.371784067724219902, -0.3625183383617430199, 0.003000000000000000062 ) ) ;
#1705 = ORIENTED_EDGE ( 'NONE', *, *, #2885, .T. ) ;
#1706 =( NAMED_UNIT ( * ) PLANE_ANGLE_UNIT ( ) SI_UNIT ( $, .RADIAN. ) );
#1707 =( NAMED_UNIT ( * ) SI_UNIT ( $, .STERADIAN. ) SOLID_ANGLE_UNIT ( ) );
#1708 = CARTESIAN_POINT ( 'NONE',  ( 2.605213782724209892, -0.4309454091940529974, 0.000000000000000000 ) ) ;
#1709 = DIRECTION ( 'NONE',  ( -1.000000000000000000, 7.709882115452500353E-17, 7.709882115451919801E-17 ) ) ;
#1710 = VERTEX_POINT ( 'NONE', #3141 ) ;
#1711 = CARTESIAN_POINT ( 'NONE',  ( 1.159885503714219945, 0.1243556984736300247, 0.000000000000000000 ) ) ;
#1712 = ORIENTED_EDGE ( 'NONE', *, *, #2325, .T. ) ;
#1713 = CARTESIAN_POINT ( 'NONE',  ( 2.334754714381940044, -0.3594912118690549718, 0.003000000000000000062 ) ) ;
#1714 = PRODUCT_CONTEXT ( 'NONE', #1906, 'mechanical' ) ;
#1715 = SURFACE_STYLE_FILL_AREA ( #2894 ) ;
#1716 = EDGE_LOOP ( 'NONE', ( #2152, #2037, #2217, #2739, #1554, #530, #2451 ) ) ;
#1717 =( NAMED_UNIT ( * ) SI_UNIT ( $, .STERADIAN. ) SOLID_ANGLE_UNIT ( ) );
#1718 = LINE ( 'NONE', #747, #3082 ) ;
#1719 = CARTESIAN_POINT ( 'NONE',  ( 0.9549075237457710363, 0.3187575312797430449, 0.003000000000000000062 ) ) ;
#1720 = DIRECTION ( 'NONE',  ( 0.000000000000000000, 0.000000000000000000, -1.000000000000000000 ) ) ;
#1721 = VECTOR ( 'NONE', #3100, 1000.000000000000000 ) ;
#1722 = B_SPLINE_SURFACE_WITH_KNOTS ( 'NONE', 3, 1, ( 
 ( #1279, #2945 ),
 ( #2013, #521 ),
 ( #67, #320 ),
 ( #1034, #1311 ) ),
 .UNSPECIFIED., .F., .F., .F.,
 ( 4, 4 ),
 ( 2, 2 ),
 ( 0.000000000000000000, 1.000000000000000000 ),
 ( 0.000000000000000000, 0.0002999999999999999737 ),
 .UNSPECIFIED. ) ;
#1723 = ORIENTED_EDGE ( 'NONE', *, *, #307, .F. ) ;
#1724 = DIRECTION ( 'NONE',  ( -0.6293036538429319648, -0.7771595146814681554, 0.000000000000000000 ) ) ;
#1725 = ORIENTED_EDGE ( 'NONE', *, *, #2256, .T. ) ;
#1726 = DIRECTION ( 'NONE',  ( -1.000000000000000000, 0.000000000000000000, 2.433431542689689592E-16 ) ) ;
#1727 = DIRECTION ( 'NONE',  ( 0.000000000000000000, 1.000000000000000000, 0.000000000000000000 ) ) ;
#1728 = CARTESIAN_POINT ( 'NONE',  ( 1.072602293706329979, -0.08848652560885598983, 0.003000000000000000062 ) ) ;
#1729 = ORIENTED_EDGE ( 'NONE', *, *, #1560, .F. ) ;
#1730 = SHAPE_REPRESENTATION_RELATIONSHIP ( 'NONE' , 'NONE' ,  #1107, #748 ) ;
#1731 = ADVANCED_FACE ( 'NONE', ( #670 ), #2010, .T. ) ;
#1732 = DIRECTION ( 'NONE',  ( 0.000000000000000000, 0.000000000000000000, 1.000000000000000000 ) ) ;
#1733 = EDGE_CURVE ( 'NONE', #1630, #2729, #3135, .T. ) ;
#1734 = ADVANCED_FACE ( 'NONE', ( #930 ), #744, .T. ) ;
#1735 = COLOUR_RGB ( '',0.9607843137254902244, 0.9607843137254902244, 0.9607843137254902244 ) ;
#1736 = PLANE ( 'NONE',  #2790 ) ;
#1737 =( LENGTH_UNIT ( ) NAMED_UNIT ( * ) SI_UNIT ( .MILLI., .METRE. ) );
#1738 = CARTESIAN_POINT ( 'NONE',  ( 2.636948261631820056, -0.1459878606188519945, 0.003000000000000000062 ) ) ;
#1739 = AXIS2_PLACEMENT_3D ( 'NONE', #736, #1501, #2482 ) ;
#1740 = EDGE_CURVE ( 'NONE', #2729, #1870, #1055, .T. ) ;
#1741 = ORIENTED_EDGE ( 'NONE', *, *, #442, .T. ) ;
#1742 = FACE_OUTER_BOUND ( 'NONE', #21, .T. ) ;
#1743 = VERTEX_POINT ( 'NONE', #2692 ) ;
#1744 = DIRECTION ( 'NONE',  ( 1.000000000000000000, 0.000000000000000000, -2.312964634635739999E-16 ) ) ;
#1745 = APPLICATION_CONTEXT ( 'automotive_design' ) ;
#1746 = CARTESIAN_POINT ( 'NONE',  ( 1.233345757153820221, 0.6104357434048468534, 0.003000000000000000062 ) ) ;
#1747 = ORIENTED_EDGE ( 'NONE', *, *, #2030, .T. ) ;
#1748 = CYLINDRICAL_SURFACE ( 'NONE', #1787, 0.6000000000000001998 ) ;
#1749 = AXIS2_PLACEMENT_3D ( 'NONE', #2730, #1530, #1024 ) ;
#1750 = LINE ( 'NONE', #1991, #179 ) ;
#1751 = DIRECTION ( 'NONE',  ( 1.000000000000000000, 0.000000000000000000, 0.000000000000000000 ) ) ;
#1752 = SURFACE_SIDE_STYLE ('',( #2178 ) ) ;
#1753 = DIRECTION ( 'NONE',  ( 0.000000000000000000, -1.000000000000000000, 0.000000000000000000 ) ) ;
#1754 = ORIENTED_EDGE ( 'NONE', *, *, #1077, .T. ) ;
#1755 = AXIS2_PLACEMENT_3D ( 'NONE', #2984, #2076, #2745 ) ;
#1756 = CARTESIAN_POINT ( 'NONE',  ( 1.263197675381910079, 0.4013528373059430110, 0.000000000000000000 ) ) ;
#1757 = MANIFOLD_SOLID_BREP ( 'Imported2', #1293 ) ;
#1758 = ORIENTED_EDGE ( 'NONE', *, *, #486, .F. ) ;
#1759 = DIRECTION ( 'NONE',  ( 2.312964634635739999E-16, 0.000000000000000000, 1.000000000000000000 ) ) ;
#1760 = ORIENTED_EDGE ( 'NONE', *, *, #787, .F. ) ;
#1761 = DIRECTION ( 'NONE',  ( 0.7071067811865475727, -0.7071067811865475727, 0.000000000000000000 ) ) ;
#1762 = APPLICATION_PROTOCOL_DEFINITION ( 'draft international standard', 'automotive_design', 1998, #1906 ) ;
#1763 = SURFACE_STYLE_FILL_AREA ( #2036 ) ;
#1764 = MANIFOLD_SOLID_BREP ( 'Imported1', #616 ) ;
#1765 = ORIENTED_EDGE ( 'NONE', *, *, #486, .T. ) ;
#1766 = DIRECTION ( 'NONE',  ( 0.7071067811865475727, 0.7071067811865475727, 0.000000000000000000 ) ) ;
#1767 = VECTOR ( 'NONE', #2593, 999.9999999999998863 ) ;
#1768 = CARTESIAN_POINT ( 'NONE',  ( 1.536247171191910121, 0.5993205209132550504, 0.003000000000000000062 ) ) ;
#1769 = CARTESIAN_POINT ( 'NONE',  ( 3.584999999999999964, 3.149999999999999911, 6.985000000000000320 ) ) ;
#1770 = CARTESIAN_POINT ( 'NONE',  ( 1.786702955734599918, 0.1326809315882560014, 0.000000000000000000 ) ) ;
#1771 = ORIENTED_EDGE ( 'NONE', *, *, #618, .T. ) ;
#1772 = DIRECTION ( 'NONE',  ( -8.045094381341709113E-17, 0.000000000000000000, -1.000000000000000000 ) ) ;
#1773 = EDGE_CURVE ( 'NONE', #1271, #171, #2755, .T. ) ;
#1774 = EDGE_LOOP ( 'NONE', ( #1629, #1777, #295, #2904 ) ) ;
#1775 = CARTESIAN_POINT ( 'NONE',  ( 1.072602293706329979, -0.08848652560885598983, 0.000000000000000000 ) ) ;
#1776 = B_SPLINE_CURVE_WITH_KNOTS ( 'NONE', 3,
 ( #502, #2974, #796, #1798 ),
 .UNSPECIFIED., .F., .F.,
 ( 4, 4 ),
 ( 0.9249203163260329985, 1.000000000000000000 ),
 .UNSPECIFIED. ) ;
#1777 = ORIENTED_EDGE ( 'NONE', *, *, #585, .F. ) ;
#1778 = DIRECTION ( 'NONE',  ( 0.000000000000000000, 0.000000000000000000, 1.000000000000000000 ) ) ;
#1779 = EDGE_CURVE ( 'NONE', #1045, #2748, #1440, .T. ) ;
#1780 = ADVANCED_FACE ( 'NONE', ( #2489 ), #1043, .T. ) ;
#1781 = B_SPLINE_SURFACE_WITH_KNOTS ( 'NONE', 3, 1, ( 
 ( #1486, #1174 ),
 ( #2384, #1450 ),
 ( #2418, #2151 ),
 ( #216, #421 ) ),
 .UNSPECIFIED., .F., .F., .F.,
 ( 4, 4 ),
 ( 2, 2 ),
 ( 0.000000000000000000, 1.000000000000000000 ),
 ( 0.000000000000000000, 0.0002999999999999999737 ),
 .UNSPECIFIED. ) ;
#1782 = CARTESIAN_POINT ( 'NONE',  ( 1.132963105199810139, 0.5802531291009349612, 0.003000000000000000062 ) ) ;
#1783 = ORIENTED_EDGE ( 'NONE', *, *, #2617, .T. ) ;
#1784 = CARTESIAN_POINT ( 'NONE',  ( 3.135000000000000231, 3.000000000000000000, 0.1000000000000000056 ) ) ;
#1785 = LINE ( 'NONE', #2039, #1834 ) ;
#1786 = CARTESIAN_POINT ( 'NONE',  ( 1.800000000000000044, 3.734999999999999876, 0.1150000000000000050 ) ) ;
#1787 = AXIS2_PLACEMENT_3D ( 'NONE', #254, #996, #1766 ) ;
#1788 = ORIENTED_EDGE ( 'NONE', *, *, #447, .T. ) ;
#1789 = CARTESIAN_POINT ( 'NONE',  ( 2.710141341474209931, 0.4458213581382519664, 0.000000000000000000 ) ) ;
#1790 = ORIENTED_EDGE ( 'NONE', *, *, #1600, .T. ) ;
#1791 = DIRECTION ( 'NONE',  ( 0.000000000000000000, 1.000000000000000000, 0.000000000000000000 ) ) ;
#1792 = ORIENTED_EDGE ( 'NONE', *, *, #3110, .T. ) ;
#1793 = FACE_OUTER_BOUND ( 'NONE', #1691, .T. ) ;
#1794 = ADVANCED_FACE ( 'NONE', ( #1323 ), #2297, .T. ) ;
#1795 = CARTESIAN_POINT ( 'NONE',  ( 2.460055420869479814, 0.5092747727186139883, 0.000000000000000000 ) ) ;
#1796 = EDGE_CURVE ( 'NONE', #324, #482, #894, .T. ) ;
#1797 = ORIENTED_EDGE ( 'NONE', *, *, #638, .T. ) ;
#1798 = CARTESIAN_POINT ( 'NONE',  ( 2.474502032465289769, 0.4950340348809439406, 0.000000000000000000 ) ) ;
#1799 = EDGE_CURVE ( 'NONE', #1810, #2422, #2763, .T. ) ;
#1800 = AXIS2_PLACEMENT_3D ( 'NONE', #2946, #950, #2448 ) ;
#1801 = CARTESIAN_POINT ( 'NONE',  ( 2.675221682249270483, -0.05299964595149540131, 0.000000000000000000 ) ) ;
#1802 = VECTOR ( 'NONE', #1115, 1000.000000000000000 ) ;
#1803 = CARTESIAN_POINT ( 'NONE',  ( -3.584999999999999964, -3.149999999999999911, 0.1150000000000000050 ) ) ;
#1804 = VERTEX_POINT ( 'NONE', #807 ) ;
#1805 = DIRECTION ( 'NONE',  ( 0.000000000000000000, 0.000000000000000000, 1.000000000000000000 ) ) ;
#1806 = ORIENTED_EDGE ( 'NONE', *, *, #2165, .F. ) ;
#1807 = FACE_OUTER_BOUND ( 'NONE', #2267, .T. ) ;
#1808 = VERTEX_POINT ( 'NONE', #2504 ) ;
#1809 = CARTESIAN_POINT ( 'NONE',  ( 3.000000000000000000, 3.149999999999999911, 0.1149999999999979927 ) ) ;
#1810 = VERTEX_POINT ( 'NONE', #1076 ) ;
#1811 = LINE ( 'NONE', #551, #952 ) ;
#1812 = AXIS2_PLACEMENT_3D ( 'NONE', #302, #564, #1290 ) ;
#1813 = CARTESIAN_POINT ( 'NONE',  ( 1.595503018588000144, -0.5055544941832526007, 0.000000000000000000 ) ) ;
#1814 = ORIENTED_EDGE ( 'NONE', *, *, #1867, .T. ) ;
#1815 = DIRECTION ( 'NONE',  ( 0.000000000000000000, 0.000000000000000000, -1.000000000000000000 ) ) ;
#1816 = EDGE_LOOP ( 'NONE', ( #595, #220, #3026, #525 ) ) ;
#1817 = FACE_OUTER_BOUND ( 'NONE', #476, .T. ) ;
#1818 = ORIENTED_EDGE ( 'NONE', *, *, #1201, .F. ) ;
#1819 = CARTESIAN_POINT ( 'NONE',  ( 2.909969213970652113, 0.1788801637331453032, 0.000000000000000000 ) ) ;
#1820 = CARTESIAN_POINT ( 'NONE',  ( 1.998088153358619889, 0.03279882566325869470, 0.000000000000000000 ) ) ;
#1821 = VERTEX_POINT ( 'NONE', #1795 ) ;
#1822 = EDGE_LOOP ( 'NONE', ( #2290, #860, #685, #1942 ) ) ;
#1823 = EDGE_CURVE ( 'NONE', #1623, #2967, #2721, .T. ) ;
#1824 = CARTESIAN_POINT ( 'NONE',  ( 0.9888828777242217871, 0.06300002997363289559, 0.000000000000000000 ) ) ;
#1825 = CARTESIAN_POINT ( 'NONE',  ( 1.634753112524210072, -0.01781905633674120068, 0.003000000000000000062 ) ) ;
#1826 = EDGE_CURVE ( 'NONE', #217, #1919, #2958, .T. ) ;
#1827 = EDGE_CURVE ( 'NONE', #1247, #844, #576, .T. ) ;
#1828 = DIRECTION ( 'NONE',  ( 1.537634919886934886E-16, -4.341503203565495010E-19, 1.000000000000000000 ) ) ;
#1829 = ORIENTED_EDGE ( 'NONE', *, *, #1219, .T. ) ;
#1830 = CARTESIAN_POINT ( 'NONE',  ( 3.000000000000000444, 3.745606601717797801, 6.995606601717797801 ) ) ;
#1831 = CARTESIAN_POINT ( 'NONE',  ( 2.883062313314046499, 0.07285179508418258842, 0.000000000000000000 ) ) ;
#1832 = ORIENTED_EDGE ( 'NONE', *, *, #1862, .T. ) ;
#1833 = CARTESIAN_POINT ( 'NONE',  ( 3.584999999999999964, 3.149999999999999911, 0.1149999999999979927 ) ) ;
#1834 = VECTOR ( 'NONE', #2991, 1000.000000000000000 ) ;
#1835 = PRESENTATION_LAYER_ASSIGNMENT (  '', '', ( #2390 ) ) ;
#1836 = VECTOR ( 'NONE', #3014, 1000.000000000000000 ) ;
#1837 = DIRECTION ( 'NONE',  ( 1.000000000000000000, 0.000000000000000000, 0.000000000000000000 ) ) ;
#1838 = ORIENTED_EDGE ( 'NONE', *, *, #1113, .T. ) ;
#1839 = AXIS2_PLACEMENT_3D ( 'NONE', #3128, #948, #2222 ) ;
#1840 = VERTEX_POINT ( 'NONE', #281 ) ;
#1841 =( NAMED_UNIT ( * ) PLANE_ANGLE_UNIT ( ) SI_UNIT ( $, .RADIAN. ) );
#1842 = CARTESIAN_POINT ( 'NONE',  ( 1.181379901013670075, 0.3331143833353220063, 0.003000000000000000062 ) ) ;
#1843 = CARTESIAN_POINT ( 'NONE',  ( 1.149090342039079893, 0.2602865328490450159, 0.003000000000000000062 ) ) ;
#1844 = CIRCLE ( 'NONE', #1121, 0.01499999999999982250 ) ;
#1845 = CARTESIAN_POINT ( 'NONE',  ( 1.998088153358619889, 0.03279882566325869470, 0.000000000000000000 ) ) ;
#1846 = CARTESIAN_POINT ( 'NONE',  ( 1.132963105199810139, 0.5802531291009349612, 0.003000000000000000062 ) ) ;
#1847 = VERTEX_POINT ( 'NONE', #2936 ) ;
#1848 = DIRECTION ( 'NONE',  ( 0.000000000000000000, 0.000000000000000000, 1.000000000000000000 ) ) ;
#1849 = B_SPLINE_CURVE_WITH_KNOTS ( 'NONE', 3,
 ( #797, #3048, #1636, #3059 ),
 .UNSPECIFIED., .F., .F.,
 ( 4, 4 ),
 ( 0.000000000000000000, 1.000000000000000000 ),
 .UNSPECIFIED. ) ;
#1850 = CARTESIAN_POINT ( 'NONE',  ( 2.460055420869479814, 0.5092747727186139883, 0.003000000000000000062 ) ) ;
#1851 = ORIENTED_EDGE ( 'NONE', *, *, #845, .T. ) ;
#1852 = ORIENTED_EDGE ( 'NONE', *, *, #1183, .T. ) ;
#1853 = FILL_AREA_STYLE ('',( #2313 ) ) ;
#1854 = CARTESIAN_POINT ( 'NONE',  ( 1.018173216159540040, -0.008495949283649110312, 0.003000000000000000062 ) ) ;
#1855 = CARTESIAN_POINT ( 'NONE',  ( 2.651093422845979930, 0.5274869084348279280, 0.000000000000000000 ) ) ;
#1856 = CARTESIAN_POINT ( 'NONE',  ( 1.314893692131940073, 0.4264766440559730198, 0.003000000000000000062 ) ) ;
#1857 = VECTOR ( 'NONE', #149, 1000.000000000000000 ) ;
#1858 = CARTESIAN_POINT ( 'NONE',  ( 1.132963105199810139, 0.5802531291009349612, 0.000000000000000000 ) ) ;
#1859 = VERTEX_POINT ( 'NONE', #1506 ) ;
#1860 = PLANE ( 'NONE',  #2271 ) ;
#1861 = PRODUCT_DEFINITION ( 'UNKNOWN', '', #230, #1207 ) ;
#1862 = EDGE_CURVE ( 'NONE', #1226, #3133, #2810, .T. ) ;
#1863 = CARTESIAN_POINT ( 'NONE',  ( 2.655200030224209584, 0.5210366848059470035, 0.003000000000000000062 ) ) ;
#1864 = LINE ( 'NONE', #2821, #154 ) ;
#1865 = VERTEX_POINT ( 'NONE', #1307 ) ;
#1866 = ADVANCED_FACE ( 'NONE', ( #1257 ), #2249, .F. ) ;
#1867 = EDGE_CURVE ( 'NONE', #1865, #1405, #848, .T. ) ;
#1868 = B_SPLINE_SURFACE_WITH_KNOTS ( 'NONE', 3, 1, ( 
 ( #1042, #1089 ),
 ( #60, #2761 ),
 ( #1566, #575 ),
 ( #2778, #2534 ) ),
 .UNSPECIFIED., .F., .F., .F.,
 ( 4, 4 ),
 ( 2, 2 ),
 ( 0.000000000000000000, 1.000000000000000000 ),
 ( 0.000000000000000000, 0.0002999999999999999737 ),
 .UNSPECIFIED. ) ;
#1869 = CIRCLE ( 'NONE', #1978, 0.01499999999999852146 ) ;
#1870 = VERTEX_POINT ( 'NONE', #2063 ) ;
#1871 = DIRECTION ( 'NONE',  ( -1.000000000000000000, 0.000000000000000000, 1.609018876268339850E-16 ) ) ;
#1872 = VECTOR ( 'NONE', #2082, 1000.000000000000000 ) ;
#1873 = ADVANCED_FACE ( 'NONE', ( #1090 ), #2794, .T. ) ;
#1874 = CARTESIAN_POINT ( 'NONE',  ( -3.000000000000000000, 3.149999999999999911, 0.1150000000000000050 ) ) ;
#1875 = CARTESIAN_POINT ( 'NONE',  ( -3.424264068711928566, -3.574264068711928477, 1.824999999999999956 ) ) ;
#1876 = DIRECTION ( 'NONE',  ( 0.000000000000000000, -1.000000000000000000, 0.000000000000000000 ) ) ;
#1877 = DIRECTION ( 'NONE',  ( 1.537634919886934886E-16, 4.341503203565495010E-19, 1.000000000000000000 ) ) ;
#1878 = DIRECTION ( 'NONE',  ( -1.000000000000000000, 0.000000000000000000, 0.000000000000000000 ) ) ;
#1879 = DIRECTION ( 'NONE',  ( 0.000000000000000000, 0.000000000000000000, 1.000000000000000000 ) ) ;
#1880 = CARTESIAN_POINT ( 'NONE',  ( 1.795429313059579757, 0.1434575599809420066, 0.000000000000000000 ) ) ;
#1881 = B_SPLINE_CURVE_WITH_KNOTS ( 'NONE', 3,
 ( #2801, #1333, #1133, #835 ),
 .UNSPECIFIED., .F., .F.,
 ( 4, 4 ),
 ( 0.000000000000000000, 0.9693837109528939955 ),
 .UNSPECIFIED. ) ;
#1882 = CARTESIAN_POINT ( 'NONE',  ( 1.222379290537441321, 0.01332361726820240587, 0.003000000000000003532 ) ) ;
#1883 = ORIENTED_EDGE ( 'NONE', *, *, #679, .F. ) ;
#1884 = ORIENTED_EDGE ( 'NONE', *, *, #1222, .T. ) ;
#1885 = ORIENTED_EDGE ( 'NONE', *, *, #2488, .F. ) ;
#1886 = CIRCLE ( 'NONE', #495, 0.01499999999999982250 ) ;
#1887 = EDGE_CURVE ( 'NONE', #1451, #313, #2105, .T. ) ;
#1888 = AXIS2_PLACEMENT_3D ( 'NONE', #327, #1366, #388 ) ;
#1889 = ADVANCED_FACE ( 'NONE', ( #2338 ), #1896, .T. ) ;
#1890 = CARTESIAN_POINT ( 'NONE',  ( 1.371784067724219902, -0.3625183383617430199, 0.000000000000000000 ) ) ;
#1891 = DIRECTION ( 'NONE',  ( 0.7071067811865474617, 0.7071067811865474617, -1.621669916110796615E-16 ) ) ;
#1892 = ADVANCED_FACE ( 'NONE', ( #105 ), #1385, .T. ) ;
#1893 = CARTESIAN_POINT ( 'NONE',  ( 3.135000000000000231, -3.000000000000000000, 0.000000000000000000 ) ) ;
#1894 = CARTESIAN_POINT ( 'NONE',  ( 2.513107981559430382, 0.4558545581193509943, 0.000000000000000000 ) ) ;
#1895 = CARTESIAN_POINT ( 'NONE',  ( 2.710141341474209931, 0.4458213581382519664, 0.003000000000000000062 ) ) ;
#1896 =( BOUNDED_SURFACE ( )  B_SPLINE_SURFACE ( 1, 2, ( 
 ( #862, #1627, #2607 ),
 ( #3068, #607, #3017 ) ),
 .UNSPECIFIED., .F., .F., .F. ) 
 B_SPLINE_SURFACE_WITH_KNOTS ( ( 2, 2 ),
 ( 3, 3 ),
 ( 0.000000000000000000, 0.001028718795850999982 ),
 ( -3.248576055920400218, -2.952198259807779834 ),
 .UNSPECIFIED. ) 
 GEOMETRIC_REPRESENTATION_ITEM ( )  RATIONAL_B_SPLINE_SURFACE ( (
 ( 1.000000000000000000, 0.9890401038515249654, 1.000000000000000000),
 ( 1.000000000000000000, 0.9890401038515249654, 1.000000000000000000) ) ) 
 REPRESENTATION_ITEM ( '' )  SURFACE ( )  );
#1897 = CARTESIAN_POINT ( 'NONE',  ( 0.9549075237457710363, 0.3187575312797430449, 0.003000000000000000062 ) ) ;
#1898 = COLOUR_RGB ( '',0.9607843137254902244, 0.9607843137254902244, 0.9607843137254902244 ) ;
#1899 = LINE ( 'NONE', #391, #1631 ) ;
#1900 = AXIS2_PLACEMENT_3D ( 'NONE', #100, #832, #1577 ) ;
#1901 = CARTESIAN_POINT ( 'NONE',  ( 3.000000000000000000, 3.734999999999999876, 7.000000000000000000 ) ) ;
#1902 = ORIENTED_EDGE ( 'NONE', *, *, #2346, .F. ) ;
#1903 = EDGE_LOOP ( 'NONE', ( #808, #2699, #3013, #2318 ) ) ;
#1904 = DIRECTION ( 'NONE',  ( -1.609018876268339850E-16, 0.000000000000000000, -1.000000000000000000 ) ) ;
#1905 = DIRECTION ( 'NONE',  ( 1.000000000000000000, 0.000000000000000000, 0.000000000000000000 ) ) ;
#1906 = APPLICATION_CONTEXT ( 'automotive_design' ) ;
#1907 = CIRCLE ( 'NONE', #2462, 0.01499999999999938882 ) ;
#1908 = CARTESIAN_POINT ( 'NONE',  ( 1.614353785682349995, -0.3133125633644680552, 0.000000000000000000 ) ) ;
#1909 = CARTESIAN_POINT ( 'NONE',  ( 1.058179716524219938, 0.5065490222236270768, 0.000000000000000000 ) ) ;
#1910 = DIRECTION ( 'NONE',  ( 0.000000000000000000, 0.000000000000000000, -1.000000000000000000 ) ) ;
#1911 = CARTESIAN_POINT ( 'NONE',  ( 1.058179716524219938, 0.5065490222236270768, 0.000000000000000000 ) ) ;
#1912 = DIRECTION ( 'NONE',  ( 0.000000000000000000, 0.000000000000000000, 1.000000000000000000 ) ) ;
#1913 = CYLINDRICAL_SURFACE ( 'NONE', #1462, 0.6000000000000001998 ) ;
#1914 = B_SPLINE_CURVE_WITH_KNOTS ( 'NONE', 3,
 ( #111, #2770, #1328, #2054 ),
 .UNSPECIFIED., .F., .F.,
 ( 4, 4 ),
 ( 0.9249203163260329985, 1.000000000000000000 ),
 .UNSPECIFIED. ) ;
#1915 = AXIS2_PLACEMENT_3D ( 'NONE', #513, #1302, #2982 ) ;
#1916 =( BOUNDED_SURFACE ( )  B_SPLINE_SURFACE ( 1, 2, ( 
 ( #2393, #2174, #1667 ),
 ( #709, #944, #1214 ) ),
 .UNSPECIFIED., .F., .F., .F. ) 
 B_SPLINE_SURFACE_WITH_KNOTS ( ( 2, 2 ),
 ( 3, 3 ),
 ( 0.000000000000000000, 0.006424054813779079935 ),
 ( 0.02474719698753359912, 1.174037131250099897 ),
 .UNSPECIFIED. ) 
 GEOMETRIC_REPRESENTATION_ITEM ( )  RATIONAL_B_SPLINE_SURFACE ( (
 ( 1.000000000000000000, 0.8393853287530469443, 1.000000000000000000),
 ( 1.000000000000000000, 0.8393853287530469443, 1.000000000000000000) ) ) 
 REPRESENTATION_ITEM ( '' )  SURFACE ( )  );
#1917 = CARTESIAN_POINT ( 'NONE',  ( 3.000000000000000000, -3.734999999999999876, 0.09999999999999879818 ) ) ;
#1918 = VERTEX_POINT ( 'NONE', #2355 ) ;
#1919 = VERTEX_POINT ( 'NONE', #838 ) ;
#1920 = CARTESIAN_POINT ( 'NONE',  ( 2.605213782724209892, -0.4309454091940529974, 0.003000000000000000062 ) ) ;
#1921 = CARTESIAN_POINT ( 'NONE',  ( 0.9888828777242217871, 0.06300002997363289559, 0.003000000000000000062 ) ) ;
#1922 = VERTEX_POINT ( 'NONE', #876 ) ;
#1923 = DIRECTION ( 'NONE',  ( 0.000000000000000000, 0.000000000000000000, 1.000000000000000000 ) ) ;
#1924 = CARTESIAN_POINT ( 'NONE',  ( 1.017479223123999965, 0.4623200860305849980, 0.003000000000000000062 ) ) ;
#1925 = EDGE_CURVE ( 'NONE', #771, #1840, #1864, .T. ) ;
#1926 = CARTESIAN_POINT ( 'NONE',  ( 2.334754714381940044, -0.3594912118690549718, 0.003000000000000000062 ) ) ;
#1927 = EDGE_CURVE ( 'NONE', #23, #2714, #1615, .T. ) ;
#1928 = LINE ( 'NONE', #178, #1570 ) ;
#1929 = EDGE_CURVE ( 'NONE', #3052, #631, #2577, .T. ) ;
#1930 = CARTESIAN_POINT ( 'NONE',  ( 1.536247171191910121, 0.5993205209132550504, 0.000000000000000000 ) ) ;
#1931 = ORIENTED_EDGE ( 'NONE', *, *, #487, .F. ) ;
#1932 = LINE ( 'NONE', #1998, #242 ) ;
#1933 = DIRECTION ( 'NONE',  ( -1.000000000000000000, 0.000000000000000000, 0.000000000000000000 ) ) ;
#1934 = VERTEX_POINT ( 'NONE', #634 ) ;
#1935 = ADVANCED_FACE ( 'NONE', ( #2779 ), #970, .T. ) ;
#1936 = DIRECTION ( 'NONE',  ( 1.000000000000000000, 0.000000000000000000, -1.541976423090500071E-16 ) ) ;
#1937 = APPLICATION_CONTEXT ( 'automotive_design' ) ;
#1938 = EDGE_LOOP ( 'NONE', ( #1388, #2822, #769, #1050 ) ) ;
#1939 = DIRECTION ( 'NONE',  ( 0.000000000000000000, 0.000000000000000000, 1.000000000000000000 ) ) ;
#1940 = SHAPE_DEFINITION_REPRESENTATION ( #3006, #132 ) ;
#1941 = CARTESIAN_POINT ( 'NONE',  ( 1.470647932594550067, 0.6098992931455819999, 0.000000000000000000 ) ) ;
#1942 = ORIENTED_EDGE ( 'NONE', *, *, #2722, .F. ) ;
#1943 = VECTOR ( 'NONE', #559, 1000.000000000000000 ) ;
#1944 = VECTOR ( 'NONE', #781, 1000.000000000000000 ) ;
#1945 = CARTESIAN_POINT ( 'NONE',  ( -2.000000000000000000, 0.000000000000000000, 7.000000000000000000 ) ) ;
#1946 = CARTESIAN_POINT ( 'NONE',  ( 1.026986048082169978, 0.4758091128911680068, 0.003000000000000000062 ) ) ;
#1947 = TOROIDAL_SURFACE ( 'NONE', #2644, 0.5849999999999999645, 0.01500000000000000118 ) ;
#1948 = B_SPLINE_CURVE_WITH_KNOTS ( 'NONE', 3,
 ( #1346, #2995, #815, #1548 ),
 .UNSPECIFIED., .F., .F.,
 ( 4, 4 ),
 ( 0.000000000000000000, 1.000000000000000000 ),
 .UNSPECIFIED. ) ;
#1949 = CARTESIAN_POINT ( 'NONE',  ( 0.9549075237457710363, 0.3187575312797430449, 0.000000000000000000 ) ) ;
#1950 = CARTESIAN_POINT ( 'NONE',  ( 2.605213782724209892, -0.4309454091940529974, 0.000000000000000000 ) ) ;
#1951 = CYLINDRICAL_SURFACE ( 'NONE', #1541, 0.01500000000000002026 ) ;
#1952 = ORIENTED_EDGE ( 'NONE', *, *, #879, .F. ) ;
#1953 = LINE ( 'NONE', #228, #1179 ) ;
#1954 = CARTESIAN_POINT ( 'NONE',  ( 2.801103770308360108, -0.2501743033566969920, 0.000000000000000000 ) ) ;
#1955 = ORIENTED_EDGE ( 'NONE', *, *, #1887, .T. ) ;
#1956 = CARTESIAN_POINT ( 'NONE',  ( 3.600000000000000089, -3.149999999999999911, 5.275000000000000355 ) ) ;
#1957 = MECHANICAL_DESIGN_GEOMETRIC_PRESENTATION_REPRESENTATION (  '', ( #3045 ), #294 ) ;
#1958 = CIRCLE ( 'NONE', #560, 0.6000000000000001998 ) ;
#1959 = FILL_AREA_STYLE_COLOUR ( '', #2250 ) ;
#1960 = ORIENTED_EDGE ( 'NONE', *, *, #2535, .T. ) ;
#1961 = CARTESIAN_POINT ( 'NONE',  ( 1.058179716524219938, 0.5065490222236270768, 0.003000000000000000062 ) ) ;
#1962 = DIRECTION ( 'NONE',  ( 1.000000000000000000, 0.000000000000000000, 0.000000000000000000 ) ) ;
#1963 =( NAMED_UNIT ( * ) PLANE_ANGLE_UNIT ( ) SI_UNIT ( $, .RADIAN. ) );
#1964 = LINE ( 'NONE', #2479, #1584 ) ;
#1965 = ORIENTED_EDGE ( 'NONE', *, *, #856, .F. ) ;
#1966 = DIRECTION ( 'NONE',  ( 0.000000000000000000, 1.000000000000000000, 0.000000000000000000 ) ) ;
#1967 = EDGE_LOOP ( 'NONE', ( #1788, #2959, #3057, #2949 ) ) ;
#1968 = CARTESIAN_POINT ( 'NONE',  ( 2.655200030224209584, 0.5210366848059470035, 0.000000000000000000 ) ) ;
#1969 = DIRECTION ( 'NONE',  ( 0.000000000000000000, 0.000000000000000000, 1.000000000000000000 ) ) ;
#1970 = ADVANCED_FACE ( 'NONE', ( #376 ), #2550, .T. ) ;
#1971 = VECTOR ( 'NONE', #1227, 1000.000000000000000 ) ;
#1972 = ADVANCED_FACE ( 'NONE', ( #890 ), #40, .T. ) ;
#1973 = CARTESIAN_POINT ( 'NONE',  ( 1.496690150958890131, 0.6078105497927870360, 0.000000000000000000 ) ) ;
#1974 = EDGE_CURVE ( 'NONE', #351, #1847, #1191, .T. ) ;
#1975 = ORIENTED_EDGE ( 'NONE', *, *, #141, .T. ) ;
#1976 =( LENGTH_UNIT ( ) NAMED_UNIT ( * ) SI_UNIT ( .MILLI., .METRE. ) );
#1977 = ADVANCED_FACE ( 'NONE', ( #496 ), #1781, .T. ) ;
#1978 = AXIS2_PLACEMENT_3D ( 'NONE', #3053, #181, #1848 ) ;
#1979 = DIRECTION ( 'NONE',  ( 0.000000000000000000, -1.000000000000000000, 0.000000000000000000 ) ) ;
#1980 = CARTESIAN_POINT ( 'NONE',  ( 3.595606601717797446, 3.149999999999999911, 6.995606601717796913 ) ) ;
#1981 = CARTESIAN_POINT ( 'NONE',  ( 1.786702955734599918, 0.1326809315882560014, 0.000000000000000000 ) ) ;
#1982 = VECTOR ( 'NONE', #1446, 1000.000000000000000 ) ;
#1983 = ORIENTED_EDGE ( 'NONE', *, *, #980, .T. ) ;
#1984 = DIRECTION ( 'NONE',  ( -1.000000000000000000, 7.709882115452500353E-17, 7.709882115451919801E-17 ) ) ;
#1985 = EDGE_LOOP ( 'NONE', ( #1004, #1436, #1613, #374 ) ) ;
#1986 = CARTESIAN_POINT ( 'NONE',  ( 3.000000000000000000, -3.149999999999999911, 0.1149999999999979927 ) ) ;
#1987 = CARTESIAN_POINT ( 'NONE',  ( -1.800000000000000044, -3.750000000000000000, 6.985000000000000320 ) ) ;
#1988 = CONTEXT_DEPENDENT_SHAPE_REPRESENTATION ( #2331, #2508 ) ;
#1989 = EDGE_LOOP ( 'NONE', ( #2485, #232, #395, #3137 ) ) ;
#1990 = CARTESIAN_POINT ( 'NONE',  ( 2.684159383238509999, 0.4805343931838980120, 0.003000000000000000062 ) ) ;
#1991 = CARTESIAN_POINT ( 'NONE',  ( 3.600000000000000089, 0.000000000000000000, 0.1149999999999979927 ) ) ;
#1992 = AXIS2_PLACEMENT_3D ( 'NONE', #2445, #731, #780 ) ;
#1993 = VECTOR ( 'NONE', #538, 1000.000000000000000 ) ;
#1994 = CARTESIAN_POINT ( 'NONE',  ( 3.000000000000000000, 3.734999999999999876, 0.1149999999999979927 ) ) ;
#1995 = CARTESIAN_POINT ( 'NONE',  ( 1.569041344024219908, 0.1750581614132520059, 0.003000000000000000062 ) ) ;
#1996 = EDGE_CURVE ( 'NONE', #1471, #328, #2525, .T. ) ;
#1997 = ORIENTED_EDGE ( 'NONE', *, *, #1081, .F. ) ;
#1998 = CARTESIAN_POINT ( 'NONE',  ( -1.800000000000000044, -3.745606601717797801, 6.995606601717798689 ) ) ;
#1999 = ORIENTED_EDGE ( 'NONE', *, *, #2101, .F. ) ;
#2000 = CARTESIAN_POINT ( 'NONE',  ( 1.207154285107769898, -0.2380143257998580120, 0.000000000000000000 ) ) ;
#2001 = EDGE_LOOP ( 'NONE', ( #1797, #236, #389, #1368 ) ) ;
#2002 = CARTESIAN_POINT ( 'NONE',  ( 2.055740979583162265, 0.1455229769475707702, 0.000000000000000000 ) ) ;
#2003 = PRODUCT_CONTEXT ( 'NONE', #2435, 'mechanical' ) ;
#2004 = SHAPE_REPRESENTATION ( 'XAL7070-472MEC', ( #1527, #451, #1282, #2007 ), #3146 ) ;
#2005 = CARTESIAN_POINT ( 'NONE',  ( 1.800000000000000044, 3.750000000000000000, 0.1150000000000000050 ) ) ;
#2006 = VERTEX_POINT ( 'NONE', #1901 ) ;
#2007 = AXIS2_PLACEMENT_3D ( 'NONE', #1945, #465, #221 ) ;
#2008 = CARTESIAN_POINT ( 'NONE',  ( 3.135000000000000231, -3.000000000000000000, 0.000000000000000000 ) ) ;
#2009 = CARTESIAN_POINT ( 'NONE',  ( 1.678314112524220025, 0.1650514736986300190, 0.000000000000000000 ) ) ;
#2010 = B_SPLINE_SURFACE_WITH_KNOTS ( 'NONE', 3, 1, ( 
 ( #219, #1456 ),
 ( #1973, #964 ),
 ( #1941, #2155 ),
 ( #481, #3108 ) ),
 .UNSPECIFIED., .F., .F., .F.,
 ( 4, 4 ),
 ( 2, 2 ),
 ( 0.000000000000000000, 1.000000000000000000 ),
 ( 0.000000000000000000, 0.0002999999999999999737 ),
 .UNSPECIFIED. ) ;
#2011 = EDGE_CURVE ( 'NONE', #2595, #1588, #721, .T. ) ;
#2012 = B_SPLINE_CURVE_WITH_KNOTS ( 'NONE', 3,
 ( #1524, #269, #1510, #2253 ),
 .UNSPECIFIED., .F., .F.,
 ( 4, 4 ),
 ( 0.000000000000000000, 1.000000000000000000 ),
 .UNSPECIFIED. ) ;
#2013 = CARTESIAN_POINT ( 'NONE',  ( 2.646531726474360191, 0.2248832587108499925, 0.000000000000000000 ) ) ;
#2014 = DIRECTION ( 'NONE',  ( -0.7071067811865475727, 0.7071067811865475727, 0.000000000000000000 ) ) ;
#2015 = EDGE_CURVE ( 'NONE', #171, #1078, #2853, .T. ) ;
#2016 = EDGE_LOOP ( 'NONE', ( #2875, #1814, #2474, #1118 ) ) ;
#2017 = CARTESIAN_POINT ( 'NONE',  ( -3.000000000000000000, -3.149999999999999911, 6.985000000000000320 ) ) ;
#2018 = VERTEX_POINT ( 'NONE', #1472 ) ;
#2019 = CARTESIAN_POINT ( 'NONE',  ( 1.144570052030599916, 0.1785607519527110110, 0.000000000000000000 ) ) ;
#2020 = VERTEX_POINT ( 'NONE', #2887 ) ;
#2021 = DIRECTION ( 'NONE',  ( 2.312964634635739999E-16, 0.000000000000000000, 1.000000000000000000 ) ) ;
#2022 = DIRECTION ( 'NONE',  ( 0.000000000000000000, 0.000000000000000000, -1.000000000000000000 ) ) ;
#2023 = ORIENTED_EDGE ( 'NONE', *, *, #978, .F. ) ;
#2024 = CARTESIAN_POINT ( 'NONE',  ( 2.334754714381940044, -0.3594912118690549718, 0.003000000000000000062 ) ) ;
#2025 = VECTOR ( 'NONE', #823, 1000.000000000000000 ) ;
#2026 = DIRECTION ( 'NONE',  ( 0.000000000000000000, -1.000000000000000000, 0.000000000000000000 ) ) ;
#2027 = CYLINDRICAL_SURFACE ( 'NONE', #335, 0.01499999999999989536 ) ;
#2028 = EDGE_CURVE ( 'NONE', #1623, #3055, #665, .T. ) ;
#2029 = ORIENTED_EDGE ( 'NONE', *, *, #873, .F. ) ;
#2030 = EDGE_CURVE ( 'NONE', #3125, #351, #810, .T. ) ;
#2031 = CARTESIAN_POINT ( 'NONE',  ( -3.000000000000000000, -3.149999999999999911, 7.000000000000000000 ) ) ;
#2032 = VERTEX_POINT ( 'NONE', #2673 ) ;
#2033 = CARTESIAN_POINT ( 'NONE',  ( 1.314893692131940073, 0.4264766440559730198, 0.000000000000000000 ) ) ;
#2034 = EDGE_LOOP ( 'NONE', ( #1533, #2055, #2195, #409 ) ) ;
#2035 = DIRECTION ( 'NONE',  ( 0.000000000000000000, 0.000000000000000000, 1.000000000000000000 ) ) ;
#2036 = FILL_AREA_STYLE ('',( #203 ) ) ;
#2037 = ORIENTED_EDGE ( 'NONE', *, *, #2750, .T. ) ;
#2038 = FACE_OUTER_BOUND ( 'NONE', #1284, .T. ) ;
#2039 = CARTESIAN_POINT ( 'NONE',  ( 1.402427779191900203, 0.6100535883059420295, 0.000000000000000000 ) ) ;
#2040 = CARTESIAN_POINT ( 'NONE',  ( 1.750658043274220033, 0.1422458381632560054, 0.003000000000000000062 ) ) ;
#2041 = ORIENTED_EDGE ( 'NONE', *, *, #1052, .F. ) ;
#2042 = CIRCLE ( 'NONE', #1427, 0.01499999999999979475 ) ;
#2043 = ORIENTED_EDGE ( 'NONE', *, *, #3002, .T. ) ;
#2044 = CARTESIAN_POINT ( 'NONE',  ( 3.000000000000000000, 3.745606601717799133, 0.1043933982822009832 ) ) ;
#2045 = ORIENTED_EDGE ( 'NONE', *, *, #921, .T. ) ;
#2046 = CARTESIAN_POINT ( 'NONE',  ( 1.181379901013670075, 0.3331143833353220063, 0.000000000000000000 ) ) ;
#2047 = VERTEX_POINT ( 'NONE', #702 ) ;
#2048 = CARTESIAN_POINT ( 'NONE',  ( 2.909969213970652113, 0.1788801637331453032, 0.003000000000000002231 ) ) ;
#2049 = DIRECTION ( 'NONE',  ( 0.7071067811865439090, 0.000000000000000000, -0.7071067811865511255 ) ) ;
#2050 = ORIENTED_EDGE ( 'NONE', *, *, #484, .T. ) ;
#2051 = CARTESIAN_POINT ( 'NONE',  ( 2.710141341474209931, 0.4458213581382519664, 0.003000000000000000062 ) ) ;
#2052 = DIRECTION ( 'NONE',  ( 0.000000000000000000, 0.000000000000000000, 1.000000000000000000 ) ) ;
#2053 = AXIS2_PLACEMENT_3D ( 'NONE', #493, #1238, #42 ) ;
#2054 = CARTESIAN_POINT ( 'NONE',  ( 2.474502032465289769, 0.4950340348809439406, 0.003000000000000000062 ) ) ;
#2055 = ORIENTED_EDGE ( 'NONE', *, *, #2254, .T. ) ;
#2056 = DIRECTION ( 'NONE',  ( 0.000000000000000000, 0.000000000000000000, 1.000000000000000000 ) ) ;
#2057 = EDGE_LOOP ( 'NONE', ( #1387, #1960, #1783, #2781 ) ) ;
#2058 = DIRECTION ( 'NONE',  ( 1.537634919886934886E-16, -4.341503203565495010E-19, 1.000000000000000000 ) ) ;
#2059 = VERTEX_POINT ( 'NONE', #1210 ) ;
#2060 = CARTESIAN_POINT ( 'NONE',  ( 1.470647932594550067, 0.6098992931455819999, 0.003000000000000000062 ) ) ;
#2061 = VECTOR ( 'NONE', #1727, 1000.000000000000000 ) ;
#2062 = PRODUCT_RELATED_PRODUCT_CATEGORY ( 'part', '', ( #1233 ) ) ;
#2063 = CARTESIAN_POINT ( 'NONE',  ( 1.371784067724219902, -0.3625183383617430199, 0.003000000000000000062 ) ) ;
#2064 = EDGE_CURVE ( 'NONE', #471, #2032, #2221, .T. ) ;
#2065 = EDGE_LOOP ( 'NONE', ( #2854, #789, #343, #169 ) ) ;
#2066 = ADVANCED_FACE ( 'NONE', ( #1189 ), #1663, .T. ) ;
#2067 = CARTESIAN_POINT ( 'NONE',  ( 1.922268345214219742, -0.3770350416117450032, 0.000000000000000000 ) ) ;
#2068 = EDGE_CURVE ( 'NONE', #1588, #1045, #2198, .T. ) ;
#2069 = VECTOR ( 'NONE', #1569, 1000.000000000000000 ) ;
#2070 = DIRECTION ( 'NONE',  ( -1.000000000000000000, 0.000000000000000000, 0.000000000000000000 ) ) ;
#2071 = CARTESIAN_POINT ( 'NONE',  ( 1.144570052030599916, 0.1785607519527110110, 0.003000000000000000062 ) ) ;
#2072 = CARTESIAN_POINT ( 'NONE',  ( 1.569041344024219908, 0.1750581614132520059, 0.000000000000000000 ) ) ;
#2073 = VERTEX_POINT ( 'NONE', #1917 ) ;
#2074 = DIRECTION ( 'NONE',  ( 0.000000000000000000, -1.000000000000000000, 0.000000000000000000 ) ) ;
#2075 = VERTEX_POINT ( 'NONE', #2638 ) ;
#2076 = DIRECTION ( 'NONE',  ( 0.000000000000000000, 0.000000000000000000, 1.000000000000000000 ) ) ;
#2077 = CARTESIAN_POINT ( 'NONE',  ( 2.464867708101849963, 0.5046778239880860273, 0.000000000000000000 ) ) ;
#2078 = ORIENTED_EDGE ( 'NONE', *, *, #50, .F. ) ;
#2079 = ORIENTED_EDGE ( 'NONE', *, *, #2124, .F. ) ;
#2080 = PRESENTATION_STYLE_ASSIGNMENT (( #912 ) ) ;
#2081 = CARTESIAN_POINT ( 'NONE',  ( -1.685000000000000053, 3.000000000000000000, 0.1000000000000000056 ) ) ;
#2082 = DIRECTION ( 'NONE',  ( 0.000000000000000000, 0.000000000000000000, 1.000000000000000000 ) ) ;
#2083 = DIRECTION ( 'NONE',  ( 1.000000000000000000, 0.000000000000000000, 0.000000000000000000 ) ) ;
#2084 = LINE ( 'NONE', #3038, #2392 ) ;
#2085 = EDGE_LOOP ( 'NONE', ( #2926, #1091, #528, #2339 ) ) ;
#2086 = CARTESIAN_POINT ( 'NONE',  ( 1.884727911024219882, 0.4168979431632569566, 0.003000000000000000062 ) ) ;
#2087 = AXIS2_PLACEMENT_3D ( 'NONE', #2257, #51, #1245 ) ;
#2088 = CARTESIAN_POINT ( 'NONE',  ( 1.159885503714219945, 0.1243556984736300247, 0.000000000000000000 ) ) ;
#2089 = VERTEX_POINT ( 'NONE', #3136 ) ;
#2090 = CIRCLE ( 'NONE', #701, 0.01499999999999852146 ) ;
#2091 = VERTEX_POINT ( 'NONE', #3150 ) ;
#2092 = FACE_OUTER_BOUND ( 'NONE', #48, .T. ) ;
#2093 = CARTESIAN_POINT ( 'NONE',  ( -3.584999999999999964, 0.000000000000000000, 6.985000000000000320 ) ) ;
#2094 = DIRECTION ( 'NONE',  ( 0.000000000000000000, 0.000000000000000000, 1.000000000000000000 ) ) ;
#2095 = SHAPE_REPRESENTATION ( 'terminals^Coilcraft_-_XAL7070-472MEC.step', ( #1438 ), #2402 ) ;
#2096 = EDGE_CURVE ( 'NONE', #555, #1318, #977, .T. ) ;
#2097 = COLOUR_RGB ( '',0.9607843137254902244, 0.9607843137254902244, 0.9607843137254902244 ) ;
#2098 = CIRCLE ( 'NONE', #1122, 0.01499999999999970107 ) ;
#2099 = ADVANCED_FACE ( 'NONE', ( #440 ), #2403, .T. ) ;
#2100 = LINE ( 'NONE', #1656, #1802 ) ;
#2101 = EDGE_CURVE ( 'NONE', #2287, #1215, #199, .T. ) ;
#2102 = CARTESIAN_POINT ( 'NONE',  ( 1.786702955734599918, 0.1326809315882560014, 0.000000000000000000 ) ) ;
#2103 = ORIENTED_EDGE ( 'NONE', *, *, #50, .T. ) ;
#2104 = DIRECTION ( 'NONE',  ( 0.7071067811865439090, 0.000000000000000000, -0.7071067811865511255 ) ) ;
#2105 = LINE ( 'NONE', #130, #622 ) ;
#2106 = ORIENTED_EDGE ( 'NONE', *, *, #2679, .T. ) ;
#2107 = EDGE_LOOP ( 'NONE', ( #590, #2120, #2574, #258 ) ) ;
#2108 = CARTESIAN_POINT ( 'NONE',  ( 2.684159383238509999, 0.4805343931838980120, 0.003000000000000000062 ) ) ;
#2109 = CARTESIAN_POINT ( 'NONE',  ( 1.238754990431230052, 0.3894733533833369954, 0.003000000000000000062 ) ) ;
#2110 = DIRECTION ( 'NONE',  ( -8.045094381341699252E-17, 8.045094381341699252E-17, -1.000000000000000000 ) ) ;
#2111 = CARTESIAN_POINT ( 'NONE',  ( 1.718932857381910040, 0.3189176378986359750, 0.000000000000000000 ) ) ;
#2112 = LINE ( 'NONE', #289, #31 ) ;
#2113 = DIRECTION ( 'NONE',  ( -0.7071067811865546782, 0.000000000000000000, -0.7071067811865402453 ) ) ;
#2114 = ORIENTED_EDGE ( 'NONE', *, *, #3072, .F. ) ;
#2115 = CARTESIAN_POINT ( 'NONE',  ( 2.460055420869479814, 0.5092747727186139883, 0.003000000000000000062 ) ) ;
#2116 = EDGE_CURVE ( 'NONE', #411, #1025, #1345, .T. ) ;
#2117 = ADVANCED_FACE ( 'NONE', ( #1807 ), #542, .T. ) ;
#2118 = CARTESIAN_POINT ( 'NONE',  ( 2.619266014475499560, 0.5649641999185990304, 0.000000000000000000 ) ) ;
#2119 = CARTESIAN_POINT ( 'NONE',  ( 1.195543351607309956, 0.05709585618653800071, 0.003000000000000000062 ) ) ;
#2120 = ORIENTED_EDGE ( 'NONE', *, *, #626, .T. ) ;
#2121 = ORIENTED_EDGE ( 'NONE', *, *, #1198, .T. ) ;
#2122 = CIRCLE ( 'NONE', #737, 0.5999999999999998668 ) ;
#2123 = VERTEX_POINT ( 'NONE', #2702 ) ;
#2124 = EDGE_CURVE ( 'NONE', #1236, #1528, #529, .T. ) ;
#2125 = VECTOR ( 'NONE', #2345, 1000.000000000000000 ) ;
#2126 = CYLINDRICAL_SURFACE ( 'NONE', #1267, 0.01499999999999971495 ) ;
#2127 = CARTESIAN_POINT ( 'NONE',  ( 1.922268345214219742, -0.3770350416117450032, 0.000000000000000000 ) ) ;
#2128 = DIRECTION ( 'NONE',  ( 0.000000000000000000, 0.7071067811865185959, 0.7071067811865764385 ) ) ;
#2129 = CARTESIAN_POINT ( 'NONE',  ( -3.135000000000000231, -3.000000000000000000, 0.000000000000000000 ) ) ;
#2130 = CARTESIAN_POINT ( 'NONE',  ( 0.9614035468382650107, 0.1300767119914489900, 0.000000000000000000 ) ) ;
#2131 = PLANE ( 'NONE',  #579 ) ;
#2132 = CARTESIAN_POINT ( 'NONE',  ( -1.685000000000000053, -3.000000000000000000, 0.000000000000000000 ) ) ;
#2133 = CARTESIAN_POINT ( 'NONE',  ( 0.9610419888376440234, 0.3454604272046409852, 0.000000000000000000 ) ) ;
#2134 = ORIENTED_EDGE ( 'NONE', *, *, #2386, .F. ) ;
#2135 = ORIENTED_EDGE ( 'NONE', *, *, #12, .F. ) ;
#2136 = ORIENTED_EDGE ( 'NONE', *, *, #2196, .T. ) ;
#2137 = VECTOR ( 'NONE', #2380, 1000.000000000000000 ) ;
#2138 = AXIS2_PLACEMENT_3D ( 'NONE', #2712, #2684, #224 ) ;
#2139 = AXIS2_PLACEMENT_3D ( 'NONE', #1153, #1383, #905 ) ;
#2140 = CARTESIAN_POINT ( 'NONE',  ( 2.659436337897759906, 0.5143827423690230383, 0.000000000000000000 ) ) ;
#2141 = CARTESIAN_POINT ( 'NONE',  ( 0.000000000000000000, 0.000000000000000000, 0.000000000000000000 ) ) ;
#2142 = CARTESIAN_POINT ( 'NONE',  ( 1.569041344024219908, 0.1750581614132520059, 0.003000000000000000062 ) ) ;
#2143 = CARTESIAN_POINT ( 'NONE',  ( 2.513107981559430382, 0.4558545581193509943, 0.000000000000000000 ) ) ;
#2144 = B_SPLINE_CURVE_WITH_KNOTS ( 'NONE', 3,
 ( #1276, #2735, #2219, #2460 ),
 .UNSPECIFIED., .F., .F.,
 ( 4, 4 ),
 ( 0.000000000000000000, 1.000000000000000000 ),
 .UNSPECIFIED. ) ;
#2145 = CARTESIAN_POINT ( 'NONE',  ( 1.569041344024219908, 0.1750581614132520059, 0.000000000000000000 ) ) ;
#2146 = CARTESIAN_POINT ( 'NONE',  ( -3.000000000000000000, -3.149999999999999911, 0.1150000000000000050 ) ) ;
#2147 = LINE ( 'NONE', #469, #1308 ) ;
#2148 = FACE_OUTER_BOUND ( 'NONE', #1339, .T. ) ;
#2149 = CARTESIAN_POINT ( 'NONE',  ( -0.9038064344890468504, 2.815499810793200108, 0.000000000000000000 ) ) ;
#2150 = AXIS2_PLACEMENT_3D ( 'NONE', #2572, #1170, #869 ) ;
#2151 = CARTESIAN_POINT ( 'NONE',  ( 1.355507064464419820, 0.4348839170561460410, 0.003000000000000000062 ) ) ;
#2152 = ORIENTED_EDGE ( 'NONE', *, *, #2159, .T. ) ;
#2153 = EDGE_LOOP ( 'NONE', ( #2624, #2530, #1190, #2436 ) ) ;
#2154 = CARTESIAN_POINT ( 'NONE',  ( 3.584999999999999964, 0.000000000000000000, 0.09999999999999859002 ) ) ;
#2155 = CARTESIAN_POINT ( 'NONE',  ( 1.470647932594550067, 0.6098992931455819999, 0.003000000000000000062 ) ) ;
#2156 = EDGE_LOOP ( 'NONE', ( #2777, #1792, #722, #1406 ) ) ;
#2157 = ADVANCED_FACE ( 'NONE', ( #1240 ), #571, .T. ) ;
#2158 = VECTOR ( 'NONE', #1668, 1000.000000000000000 ) ;
#2159 = EDGE_CURVE ( 'NONE', #771, #2987, #833, .T. ) ;
#2160 = CARTESIAN_POINT ( 'NONE',  ( 1.779459132895959916, -0.08873997716870929420, 0.003000000000000000062 ) ) ;
#2161 = CARTESIAN_POINT ( 'NONE',  ( -1.800000000000000044, 3.734999999999999876, 6.985000000000000320 ) ) ;
#2162 = CARTESIAN_POINT ( 'NONE',  ( 2.497948740715359772, -0.2861090772866989873, 0.003000000000000000062 ) ) ;
#2163 = SHAPE_REPRESENTATION_RELATIONSHIP ( 'NONE' , 'NONE' ,  #2095, #2762 ) ;
#2164 = CARTESIAN_POINT ( 'NONE',  ( -3.000000000000000000, 3.149999999999999911, 6.985000000000000320 ) ) ;
#2165 = EDGE_CURVE ( 'NONE', #2609, #2655, #1503, .T. ) ;
#2166 = DIRECTION ( 'NONE',  ( -0.7071067811865479058, -0.7071067811865471286, 1.621669916110797601E-16 ) ) ;
#2167 = UNCERTAINTY_MEASURE_WITH_UNIT (LENGTH_MEASURE( 1.000000000000000082E-05 ), #1230, 'distance_accuracy_value', 'NONE');
#2168 = CARTESIAN_POINT ( 'NONE',  ( 2.099434271891930326, -0.5781815891940540464, 0.003000000000000000062 ) ) ;
#2169 = CARTESIAN_POINT ( 'NONE',  ( 1.922268345214219742, -0.3770350416117450032, 0.000000000000000000 ) ) ;
#2170 = ORIENTED_EDGE ( 'NONE', *, *, #856, .T. ) ;
#2171 = CARTESIAN_POINT ( 'NONE',  ( 1.794075582381910117, 0.2053323303986359927, 0.003000000000000000062 ) ) ;
#2172 = EDGE_LOOP ( 'NONE', ( #2045, #1771, #1647, #2323 ) ) ;
#2173 = DIRECTION ( 'NONE',  ( -0.000000000000000000, 1.000000000000000000, 0.000000000000000000 ) ) ;
#2174 = CARTESIAN_POINT ( 'NONE',  ( 2.090083268070739297, 0.2126698208480737595, 0.000000000000000000 ) ) ;
#2175 = ORIENTED_EDGE ( 'NONE', *, *, #2787, .T. ) ;
#2176 = FILL_AREA_STYLE ('',( #1669 ) ) ;
#2177 = CYLINDRICAL_SURFACE ( 'NONE', #1839, 0.01499999999999989536 ) ;
#2178 = SURFACE_STYLE_FILL_AREA ( #3144 ) ;
#2179 = CARTESIAN_POINT ( 'NONE',  ( 2.605213782724209892, -0.4309454091940529974, 0.003000000000000000062 ) ) ;
#2180 = DIRECTION ( 'NONE',  ( -1.000000000000000000, 0.000000000000000000, 0.000000000000000000 ) ) ;
#2181 = ORIENTED_EDGE ( 'NONE', *, *, #2015, .F. ) ;
#2182 = DIRECTION ( 'NONE',  ( 0.000000000000000000, -0.7071067811865185959, 0.7071067811865764385 ) ) ;
#2183 = DIRECTION ( 'NONE',  ( 1.000000000000000000, 0.000000000000000000, 0.000000000000000000 ) ) ;
#2184 = ORIENTED_EDGE ( 'NONE', *, *, #402, .T. ) ;
#2185 = CARTESIAN_POINT ( 'NONE',  ( 1.998088153358619889, 0.03279882566325869470, 0.000000000000000000 ) ) ;
#2186 = CARTESIAN_POINT ( 'NONE',  ( 1.536247171191910121, 0.5993205209132629330, 0.000000000000000000 ) ) ;
#2187 = ORIENTED_EDGE ( 'NONE', *, *, #1560, .T. ) ;
#2188 = AXIS2_PLACEMENT_3D ( 'NONE', #870, #1878, #2074 ) ;
#2189 = FILL_AREA_STYLE ('',( #730 ) ) ;
#2190 = FACE_OUTER_BOUND ( 'NONE', #2085, .T. ) ;
#2191 = CARTESIAN_POINT ( 'NONE',  ( 0.9967332959419099581, 0.4193616807236299482, 0.000000000000000000 ) ) ;
#2192 = EDGE_CURVE ( 'NONE', #2006, #1226, #182, .T. ) ;
#2193 = DIRECTION ( 'NONE',  ( -1.000000000000000000, 1.216715771344843810E-16, 1.216715771344781934E-16 ) ) ;
#2194 = EDGE_CURVE ( 'NONE', #1101, #526, #36, .T. ) ;
#2195 = ORIENTED_EDGE ( 'NONE', *, *, #1095, .F. ) ;
#2196 = EDGE_CURVE ( 'NONE', #2123, #703, #3076, .T. ) ;
#2197 = VERTEX_POINT ( 'NONE', #76 ) ;
#2198 = LINE ( 'NONE', #684, #62 ) ;
#2199 = CARTESIAN_POINT ( 'NONE',  ( -3.584999999999999964, -3.149999999999999911, 6.985000000000000320 ) ) ;
#2200 = AXIS2_PLACEMENT_3D ( 'NONE', #2017, #1828, #1593 ) ;
#2201 = SHAPE_DEFINITION_REPRESENTATION ( #301, #2004 ) ;
#2202 = CARTESIAN_POINT ( 'NONE',  ( 1.884727911024229874, 0.4168979431632580113, 0.003000000000000000062 ) ) ;
#2203 = B_SPLINE_CURVE_WITH_KNOTS ( 'NONE', 3,
 ( #1652, #2160, #2876, #1163 ),
 .UNSPECIFIED., .F., .F.,
 ( 4, 4 ),
 ( 0.000000000000000000, 1.000000000000000000 ),
 .UNSPECIFIED. ) ;
#2204 = EDGE_LOOP ( 'NONE', ( #512, #654, #284, #2243 ) ) ;
#2205 = LINE ( 'NONE', #2696, #2693 ) ;
#2206 = FACE_OUTER_BOUND ( 'NONE', #2837, .T. ) ;
#2207 = DIRECTION ( 'NONE',  ( 0.000000000000000000, 0.000000000000000000, -1.000000000000000000 ) ) ;
#2208 = ORIENTED_EDGE ( 'NONE', *, *, #1254, .T. ) ;
#2209 = CARTESIAN_POINT ( 'NONE',  ( 1.026986048082169978, 0.4758091128911680068, 0.003000000000000000062 ) ) ;
#2210 = ORIENTED_EDGE ( 'NONE', *, *, #1314, .F. ) ;
#2211 = CARTESIAN_POINT ( 'NONE',  ( 1.263197675381910079, 0.4013528373059430110, 0.000000000000000000 ) ) ;
#2212 = CARTESIAN_POINT ( 'NONE',  ( 1.780775365371754626, 0.2447258947478155588, 0.003000000000000000062 ) ) ;
#2213 = EDGE_CURVE ( 'NONE', #1457, #2006, #992, .T. ) ;
#2214 = AXIS2_PLACEMENT_3D ( 'NONE', #1986, #1759, #1744 ) ;
#2215 = ITEM_DEFINED_TRANSFORMATION ( 'NONE', 'NONE', #451,  #1438 ) ;
#2216 = CARTESIAN_POINT ( 'NONE',  ( 0.9888828777242217871, 0.06300002997363289559, 0.003000000000000000062 ) ) ;
#2217 = ORIENTED_EDGE ( 'NONE', *, *, #250, .T. ) ;
#2218 = EDGE_CURVE ( 'NONE', #534, #150, #1270, .T. ) ;
#2219 = CARTESIAN_POINT ( 'NONE',  ( 1.529103169294280029, 0.03396045173576670018, 0.000000000000000000 ) ) ;
#2220 =( NAMED_UNIT ( * ) PLANE_ANGLE_UNIT ( ) SI_UNIT ( $, .RADIAN. ) );
#2221 = B_SPLINE_CURVE_WITH_KNOTS ( 'NONE', 3,
 ( #1154, #925, #1954, #2437 ),
 .UNSPECIFIED., .F., .F.,
 ( 4, 4 ),
 ( 0.000000000000000000, 1.000000000000000000 ),
 .UNSPECIFIED. ) ;
#2222 = DIRECTION ( 'NONE',  ( 0.000000000000000000, -0.7071067811865244801, -0.7071067811865705544 ) ) ;
#2223 = DIRECTION ( 'NONE',  ( 0.000000000000000000, 0.7071067811865244801, -0.7071067811865705544 ) ) ;
#2224 =( REPRESENTATION_RELATIONSHIP ('NONE','NONE', #2004, #132 ) REPRESENTATION_RELATIONSHIP_WITH_TRANSFORMATION ( #725 )SHAPE_REPRESENTATION_RELATIONSHIP( ) );
#2225 = VERTEX_POINT ( 'NONE', #9 ) ;
#2226 = CARTESIAN_POINT ( 'NONE',  ( 1.884727911024219882, 0.4168979431632569566, 0.003000000000000000062 ) ) ;
#2227 = ORIENTED_EDGE ( 'NONE', *, *, #79, .T. ) ;
#2228 = CARTESIAN_POINT ( 'NONE',  ( 1.263197675381910079, 0.4013528373059430110, 0.000000000000000000 ) ) ;
#2229 = VERTEX_POINT ( 'NONE', #1040 ) ;
#2230 = CARTESIAN_POINT ( 'NONE',  ( 2.079632457715280047, -0.4096045122865649701, 0.003000000000000000062 ) ) ;
#2231 = DIRECTION ( 'NONE',  ( 0.000000000000000000, 0.000000000000000000, 1.000000000000000000 ) ) ;
#2232 = CARTESIAN_POINT ( 'NONE',  ( 1.212200552735275272, 0.02567610465890465127, 0.000000000000000000 ) ) ;
#2233 = EDGE_LOOP ( 'NONE', ( #2717, #2758, #1291, #1180 ) ) ;
#2234 = EDGE_CURVE ( 'NONE', #1271, #3104, #2246, .T. ) ;
#2235 = DIRECTION ( 'NONE',  ( 0.000000000000000000, 0.000000000000000000, -1.000000000000000000 ) ) ;
#2236 = VECTOR ( 'NONE', #1525, 1000.000000000000000 ) ;
#2237 = MECHANICAL_DESIGN_GEOMETRIC_PRESENTATION_REPRESENTATION (  '', ( #2390 ), #2785 ) ;
#2238 = CARTESIAN_POINT ( 'NONE',  ( -3.000000000000000000, 3.149999999999999911, 7.000000000000000000 ) ) ;
#2239 = FILL_AREA_STYLE ('',( #1264 ) ) ;
#2240 = FACE_OUTER_BOUND ( 'NONE', #1231, .T. ) ;
#2241 = AXIS2_PLACEMENT_3D ( 'NONE', #1622, #859, #2333 ) ;
#2242 = PRESENTATION_LAYER_ASSIGNMENT (  '', '', ( #552 ) ) ;
#2243 = ORIENTED_EDGE ( 'NONE', *, *, #2805, .F. ) ;
#2244 = CYLINDRICAL_SURFACE ( 'NONE', #2506, 0.01500000000000002026 ) ;
#2245 = ORIENTED_EDGE ( 'NONE', *, *, #2011, .F. ) ;
#2246 = LINE ( 'NONE', #2469, #1943 ) ;
#2247 = ORIENTED_EDGE ( 'NONE', *, *, #165, .F. ) ;
#2248 = DIRECTION ( 'NONE',  ( 1.000000000000000000, 0.000000000000000000, 0.000000000000000000 ) ) ;
#2249 = PLANE ( 'NONE',  #669 ) ;
#2250 = COLOUR_RGB ( '',0.8313725490196077761, 0.8313725490196077761, 0.8313725490196077761 ) ;
#2251 = ORIENTED_EDGE ( 'NONE', *, *, #1458, .F. ) ;
#2252 = CARTESIAN_POINT ( 'NONE',  ( 2.474502032465289769, 0.4950340348809439406, 0.000000000000000000 ) ) ;
#2253 = CARTESIAN_POINT ( 'NONE',  ( 2.559202766881900182, -0.2243613597867389897, 0.000000000000000000 ) ) ;
#2254 = EDGE_CURVE ( 'NONE', #565, #1504, #2997, .T. ) ;
#2255 = B_SPLINE_SURFACE_WITH_KNOTS ( 'NONE', 3, 1, ( 
 ( #1708, #2179 ),
 ( #418, #1413 ),
 ( #2668, #1465 ),
 ( #3116, #2413 ) ),
 .UNSPECIFIED., .F., .F., .F.,
 ( 4, 4 ),
 ( 2, 2 ),
 ( 0.000000000000000000, 1.000000000000000000 ),
 ( 0.000000000000000000, 0.0002999999999999999737 ),
 .UNSPECIFIED. ) ;
#2256 = EDGE_CURVE ( 'NONE', #171, #1101, #768, .T. ) ;
#2257 = CARTESIAN_POINT ( 'NONE',  ( 3.000000000000000000, -3.149999999999999911, 0.1149999999999979927 ) ) ;
#2258 = CARTESIAN_POINT ( 'NONE',  ( 0.9967332959419099581, 0.4193616807236299482, 0.003000000000000000062 ) ) ;
#2259 = ORIENTED_EDGE ( 'NONE', *, *, #443, .F. ) ;
#2260 = CARTESIAN_POINT ( 'NONE',  ( -1.800000000000000044, 3.745606601717797801, 6.995606601717798689 ) ) ;
#2261 = ORIENTED_EDGE ( 'NONE', *, *, #1632, .F. ) ;
#2262 = DIRECTION ( 'NONE',  ( 0.7071067811865474617, 0.7071067811865474617, 0.000000000000000000 ) ) ;
#2263 = VERTEX_POINT ( 'NONE', #24 ) ;
#2264 = FACE_OUTER_BOUND ( 'NONE', #2172, .T. ) ;
#2265 = CLOSED_SHELL ( 'NONE', ( #1866, #1305, #1780, #1294, #1466, #212, #676, #1698, #1696, #1731, #2328, #674, #752, #1655, #956, #266, #11, #506, #1356, #1635, #2657, #1058, #1935, #3034, #858, #827, #794, #3131, #2620, #1972, #306, #1977, #1889, #353, #2566, #911 ) ) ;
#2266 = DIRECTION ( 'NONE',  ( 0.2564840661436551539, 0.9665484591133635117, 0.000000000000000000 ) ) ;
#2267 = EDGE_LOOP ( 'NONE', ( #1955, #152, #1997, #791 ) ) ;
#2268 = CARTESIAN_POINT ( 'NONE',  ( 2.659436337897759906, 0.5143827423690230383, 0.003000000000000000062 ) ) ;
#2269 = CARTESIAN_POINT ( 'NONE',  ( 1.839775840903343784, -0.5779528397739989165, 0.000000000000000000 ) ) ;
#2270 = CARTESIAN_POINT ( 'NONE',  ( 2.675329132714209912, 0.05777234696325989766, 0.003000000000000000062 ) ) ;
#2271 = AXIS2_PLACEMENT_3D ( 'NONE', #2818, #632, #2365 ) ;
#2272 = ORIENTED_EDGE ( 'NONE', *, *, #1862, .F. ) ;
#2273 = CARTESIAN_POINT ( 'NONE',  ( -3.135000000000000231, -3.000000000000000000, 0.1000000000000000056 ) ) ;
#2274 = EDGE_LOOP ( 'NONE', ( #2170, #1041, #492, #1576 ) ) ;
#2275 = CARTESIAN_POINT ( 'NONE',  ( 2.801103770308360108, -0.2501743033566969920, 0.003000000000000000062 ) ) ;
#2276 = VECTOR ( 'NONE', #2110, 1000.000000000000000 ) ;
#2277 = ORIENTED_EDGE ( 'NONE', *, *, #2805, .T. ) ;
#2278 = CYLINDRICAL_SURFACE ( 'NONE', #1651, 0.01499999999999986761 ) ;
#2279 = SURFACE_SIDE_STYLE ('',( #1763 ) ) ;
#2280 = ORIENTED_EDGE ( 'NONE', *, *, #2234, .F. ) ;
#2281 = CARTESIAN_POINT ( 'NONE',  ( 1.795429313059579757, 0.1434575599809420066, 0.000000000000000000 ) ) ;
#2282 = DIRECTION ( 'NONE',  ( -0.7771595146814682664, 0.6293036538429320759, 0.000000000000000000 ) ) ;
#2283 = CARTESIAN_POINT ( 'NONE',  ( 1.529103169294280029, 0.03396045173576680426, 0.003000000000000000062 ) ) ;
#2284 = AXIS2_PLACEMENT_3D ( 'NONE', #208, #1393, #900 ) ;
#2285 = VECTOR ( 'NONE', #273, 1000.000000000000000 ) ;
#2286 = VECTOR ( 'NONE', #1173, 1000.000000000000000 ) ;
#2287 = VERTEX_POINT ( 'NONE', #1006 ) ;
#2288 = FACE_OUTER_BOUND ( 'NONE', #2499, .T. ) ;
#2289 = EDGE_CURVE ( 'NONE', #2351, #2953, #1482, .T. ) ;
#2290 = ORIENTED_EDGE ( 'NONE', *, *, #1222, .F. ) ;
#2291 = CARTESIAN_POINT ( 'NONE',  ( 1.718932857381910040, 0.3189176378986359750, 0.003000000000000000062 ) ) ;
#2292 = ORIENTED_EDGE ( 'NONE', *, *, #165, .T. ) ;
#2293 = CARTESIAN_POINT ( 'NONE',  ( 1.496690150958890131, 0.6078105497927870360, 0.003000000000000000062 ) ) ;
#2294 = EDGE_CURVE ( 'NONE', #2059, #1804, #84, .T. ) ;
#2295 = EDGE_CURVE ( 'NONE', #2356, #455, #346, .T. ) ;
#2296 = UNCERTAINTY_MEASURE_WITH_UNIT (LENGTH_MEASURE( 1.000000000000000082E-05 ), #2914, 'distance_accuracy_value', 'NONE');
#2297 = CYLINDRICAL_SURFACE ( 'NONE', #2971, 0.01500000000000009659 ) ;
#2298 = ORIENTED_EDGE ( 'NONE', *, *, #2943, .T. ) ;
#2299 = B_SPLINE_CURVE_WITH_KNOTS ( 'NONE', 3,
 ( #604, #1596, #115, #90 ),
 .UNSPECIFIED., .F., .F.,
 ( 4, 4 ),
 ( 0.000000000000000000, 1.000000000000000000 ),
 .UNSPECIFIED. ) ;
#2300 = EDGE_CURVE ( 'NONE', #185, #1695, #1072, .T. ) ;
#2301 = DIRECTION ( 'NONE',  ( 0.000000000000000000, 0.000000000000000000, -1.000000000000000000 ) ) ;
#2302 = DIRECTION ( 'NONE',  ( 0.000000000000000000, -1.000000000000000000, 0.000000000000000000 ) ) ;
#2303 = VECTOR ( 'NONE', #2056, 1000.000000000000000 ) ;
#2304 = CARTESIAN_POINT ( 'NONE',  ( 1.181379901013670075, 0.3331143833353220063, 0.003000000000000000062 ) ) ;
#2305 = CARTESIAN_POINT ( 'NONE',  ( 2.710141341474209931, 0.4458213581382519664, 0.000000000000000000 ) ) ;
#2306 = ORIENTED_EDGE ( 'NONE', *, *, #2353, .T. ) ;
#2307 = CARTESIAN_POINT ( 'NONE',  ( 1.424003106881910119, 0.4346410644809469703, 0.003000000000000000062 ) ) ;
#2308 = ORIENTED_EDGE ( 'NONE', *, *, #2194, .T. ) ;
#2309 = FACE_OUTER_BOUND ( 'NONE', #3003, .T. ) ;
#2310 = DIRECTION ( 'NONE',  ( -0.000000000000000000, 1.000000000000000000, 0.000000000000000000 ) ) ;
#2311 = EDGE_LOOP ( 'NONE', ( #655, #170, #75, #945, #410, #3029, #550 ) ) ;
#2312 = ORIENTED_EDGE ( 'NONE', *, *, #3075, .F. ) ;
#2313 = FILL_AREA_STYLE_COLOUR ( '', #2097 ) ;
#2314 = CARTESIAN_POINT ( 'NONE',  ( -0.5412853348526590613, 2.815499810793200108, 0.000000000000000000 ) ) ;
#2315 = B_SPLINE_CURVE_WITH_KNOTS ( 'NONE', 3,
 ( #147, #419, #1897, #649 ),
 .UNSPECIFIED., .F., .F.,
 ( 4, 4 ),
 ( 0.000000000000000000, 1.000000000000000000 ),
 .UNSPECIFIED. ) ;
#2316 = CARTESIAN_POINT ( 'NONE',  ( -3.000000000000000000, 3.149999999999999911, 0.1150000000000000050 ) ) ;
#2317 = LINE ( 'NONE', #2260, #713 ) ;
#2318 = ORIENTED_EDGE ( 'NONE', *, *, #2432, .F. ) ;
#2319 = CARTESIAN_POINT ( 'NONE',  ( 1.233345757153820221, 0.6104357434048468534, 0.000000000000000000 ) ) ;
#2320 = ORIENTED_EDGE ( 'NONE', *, *, #1827, .F. ) ;
#2321 = CARTESIAN_POINT ( 'NONE',  ( 1.159885503714219945, 0.1243556984736300247, 0.003000000000000000062 ) ) ;
#2322 = CARTESIAN_POINT ( 'NONE',  ( 1.884727911024219882, 0.4168979431632569566, 0.000000000000000000 ) ) ;
#2323 = ORIENTED_EDGE ( 'NONE', *, *, #626, .F. ) ;
#2324 = VERTEX_POINT ( 'NONE', #1830 ) ;
#2325 = EDGE_CURVE ( 'NONE', #2672, #755, #342, .T. ) ;
#2326 = PLANE ( 'NONE',  #1278 ) ;
#2327 = EDGE_CURVE ( 'NONE', #1318, #1236, #1881, .T. ) ;
#2328 = ADVANCED_FACE ( 'NONE', ( #1817 ), #323, .T. ) ;
#2329 = CARTESIAN_POINT ( 'NONE',  ( 1.884727911024219882, 0.4168979431632569566, 0.000000000000000000 ) ) ;
#2330 = CARTESIAN_POINT ( 'NONE',  ( 1.698279564971300060, 0.1577691436554649884, 0.003000000000000000062 ) ) ;
#2331 =( REPRESENTATION_RELATIONSHIP ('NONE','NONE', #2004, #1107 ) REPRESENTATION_RELATIONSHIP_WITH_TRANSFORMATION ( #2706 )SHAPE_REPRESENTATION_RELATIONSHIP( ) );
#2332 = CARTESIAN_POINT ( 'NONE',  ( 1.424003106881910119, 0.4346410644809469703, 0.003000000000000000062 ) ) ;
#2333 = DIRECTION ( 'NONE',  ( 0.7071067811865475727, 0.7071067811865475727, 0.000000000000000000 ) ) ;
#2334 = ORIENTED_EDGE ( 'NONE', *, *, #2068, .T. ) ;
#2335 = CARTESIAN_POINT ( 'NONE',  ( 1.569041344024219908, 0.1750581614132520059, 0.003000000000000000062 ) ) ;
#2336 = CIRCLE ( 'NONE', #2241, 0.6000000000000001998 ) ;
#2337 = AXIS2_PLACEMENT_3D ( 'NONE', #1769, #1511, #1558 ) ;
#2338 = FACE_OUTER_BOUND ( 'NONE', #1587, .T. ) ;
#2339 = ORIENTED_EDGE ( 'NONE', *, *, #3041, .T. ) ;
#2340 = MECHANICAL_DESIGN_GEOMETRIC_PRESENTATION_REPRESENTATION (  '', ( #552 ), #1687 ) ;
#2341 = EDGE_LOOP ( 'NONE', ( #2724, #3015, #690, #2891 ) ) ;
#2342 = CARTESIAN_POINT ( 'NONE',  ( 0.9888828777242217871, 0.06300002997363289559, 0.003000000000000000062 ) ) ;
#2343 = PRODUCT ( 'logo.step', 'logo.step', '', ( #708 ) ) ;
#2344 = CARTESIAN_POINT ( 'NONE',  ( 1.217051290869149982, 0.3731001197084319876, 0.003000000000000000062 ) ) ;
#2345 = DIRECTION ( 'NONE',  ( 0.000000000000000000, 0.000000000000000000, 1.000000000000000000 ) ) ;
#2346 = EDGE_CURVE ( 'NONE', #1549, #2197, #2299, .T. ) ;
#2347 = AXIS2_PLACEMENT_3D ( 'NONE', #656, #2611, #3031 ) ;
#2348 = CIRCLE ( 'NONE', #1384, 0.6000000000000001998 ) ;
#2349 = FACE_OUTER_BOUND ( 'NONE', #1822, .T. ) ;
#2350 = DIRECTION ( 'NONE',  ( 0.000000000000000000, 1.000000000000000000, 0.000000000000000000 ) ) ;
#2351 = VERTEX_POINT ( 'NONE', #2573 ) ;
#2352 = DIRECTION ( 'NONE',  ( -0.7071067811865618946, 0.000000000000000000, 0.7071067811865330288 ) ) ;
#2353 = EDGE_CURVE ( 'NONE', #1859, #1922, #1087, .T. ) ;
#2354 = CARTESIAN_POINT ( 'NONE',  ( 1.922268345214219742, -0.3770350416117450032, 0.003000000000000000062 ) ) ;
#2355 = CARTESIAN_POINT ( 'NONE',  ( -3.600000000000000089, -3.149999999999999911, 6.985000000000000320 ) ) ;
#2356 = VERTEX_POINT ( 'NONE', #2307 ) ;
#2357 = ORIENTED_EDGE ( 'NONE', *, *, #2913, .F. ) ;
#2358 = ORIENTED_EDGE ( 'NONE', *, *, #2256, .F. ) ;
#2359 = DIRECTION ( 'NONE',  ( -2.443350504691545093E-16, 9.918962001855379101E-19, -1.000000000000000000 ) ) ;
#2360 = CARTESIAN_POINT ( 'NONE',  ( 2.619266014475499560, 0.5649641999185990304, 0.000000000000000000 ) ) ;
#2361 = LINE ( 'NONE', #659, #756 ) ;
#2362 = PLANE ( 'NONE',  #3147 ) ;
#2363 = PLANE ( 'NONE',  #2820 ) ;
#2364 = DIRECTION ( 'NONE',  ( 0.000000000000000000, -1.000000000000000000, 0.000000000000000000 ) ) ;
#2365 = DIRECTION ( 'NONE',  ( 1.000000000000000000, 0.000000000000000000, -1.541976423090500071E-16 ) ) ;
#2366 = CARTESIAN_POINT ( 'NONE',  ( 1.800000000000000044, 3.745606601717797801, 0.1043933982822015244 ) ) ;
#2367 = DIRECTION ( 'NONE',  ( 0.000000000000000000, 0.000000000000000000, 1.000000000000000000 ) ) ;
#2368 = ORIENTED_EDGE ( 'NONE', *, *, #285, .T. ) ;
#2369 = ORIENTED_EDGE ( 'NONE', *, *, #954, .F. ) ;
#2370 = VECTOR ( 'NONE', #164, 1000.000000000000000 ) ;
#2371 = ORIENTED_EDGE ( 'NONE', *, *, #437, .T. ) ;
#2372 = FACE_OUTER_BOUND ( 'NONE', #2153, .T. ) ;
#2373 = B_SPLINE_CURVE_WITH_KNOTS ( 'NONE', 3,
 ( #1167, #2143, #1686, #2631 ),
 .UNSPECIFIED., .F., .F.,
 ( 4, 4 ),
 ( 0.000000000000000000, 1.000000000000000000 ),
 .UNSPECIFIED. ) ;
#2374 = AXIS2_PLACEMENT_3D ( 'NONE', #2164, #1877, #661 ) ;
#2375 = CARTESIAN_POINT ( 'NONE',  ( 0.000000000000000000, 0.000000000000000000, 0.000000000000000000 ) ) ;
#2376 = PLANE ( 'NONE',  #1684 ) ;
#2377 = CARTESIAN_POINT ( 'NONE',  ( 1.685000000000000053, 3.000000000000000000, 0.000000000000000000 ) ) ;
#2378 = CARTESIAN_POINT ( 'NONE',  ( 1.998088153358619889, 0.03279882566325869470, 0.003000000000000000062 ) ) ;
#2379 = DIRECTION ( 'NONE',  ( 0.7071067811865475727, 0.7071067811865475727, -1.807003620809173399E-16 ) ) ;
#2380 = DIRECTION ( 'NONE',  ( 1.000000000000000000, 0.000000000000000000, 0.000000000000000000 ) ) ;
#2381 = PLANE ( 'NONE',  #1568 ) ;
#2382 = EDGE_CURVE ( 'NONE', #3024, #2694, #598, .T. ) ;
#2383 = CARTESIAN_POINT ( 'NONE',  ( -3.595606601717798334, 0.000000000000000000, 0.1043933982822019962 ) ) ;
#2384 = CARTESIAN_POINT ( 'NONE',  ( 1.314893692131940073, 0.4264766440559730198, 0.000000000000000000 ) ) ;
#2385 = ORIENTED_EDGE ( 'NONE', *, *, #1799, .F. ) ;
#2386 = EDGE_CURVE ( 'NONE', #991, #2967, #2559, .T. ) ;
#2387 = EDGE_CURVE ( 'NONE', #2505, #94, #2084, .T. ) ;
#2388 = ORIENTED_EDGE ( 'NONE', *, *, #2713, .T. ) ;
#2389 = CARTESIAN_POINT ( 'NONE',  ( 2.449595719718839604, -0.5350015809741649475, 0.000000000000000000 ) ) ;
#2390 = STYLED_ITEM ( 'NONE', ( #1493 ), #599 ) ;
#2391 = VECTOR ( 'NONE', #798, 1000.000000000000000 ) ;
#2392 = VECTOR ( 'NONE', #1349, 1000.000000000000000 ) ;
#2393 = CARTESIAN_POINT ( 'NONE',  ( 1.998088153358609897, 0.03279882566326210169, 0.000000000000000000 ) ) ;
#2394 = AXIS2_PLACEMENT_3D ( 'NONE', #3098, #733, #2697 ) ;
#2395 = ORIENTED_EDGE ( 'NONE', *, *, #2715, .T. ) ;
#2396 = EDGE_CURVE ( 'NONE', #1681, #1934, #2336, .T. ) ;
#2397 = DIRECTION ( 'NONE',  ( -0.3301693573646660163, 0.9439217104492318988, 0.000000000000000000 ) ) ;
#2398 = PLANE ( 'NONE',  #2284 ) ;
#2399 = CARTESIAN_POINT ( 'NONE',  ( 2.559202766881900182, -0.2243613597867389897, 0.000000000000000000 ) ) ;
#2400 = CARTESIAN_POINT ( 'NONE',  ( 0.9888828777242217871, 0.06300002997363289559, 0.000000000000000000 ) ) ;
#2401 = LINE ( 'NONE', #197, #1409 ) ;
#2402 =( GEOMETRIC_REPRESENTATION_CONTEXT ( 3 ) GLOBAL_UNCERTAINTY_ASSIGNED_CONTEXT ( ( #1567 ) ) GLOBAL_UNIT_ASSIGNED_CONTEXT ( ( #239, #716, #972 ) ) REPRESENTATION_CONTEXT ( 'NONE', 'WORKASPACE' ) );
#2403 = CYLINDRICAL_SURFACE ( 'NONE', #2862, 0.01500000000000002026 ) ;
#2404 = ORIENTED_EDGE ( 'NONE', *, *, #2396, .T. ) ;
#2405 = ORIENTED_EDGE ( 'NONE', *, *, #2867, .F. ) ;
#2406 = LINE ( 'NONE', #2154, #1452 ) ;
#2407 = CARTESIAN_POINT ( 'NONE',  ( 1.800000000000000044, -3.734999999999999876, 0.1150000000000000050 ) ) ;
#2408 = ORIENTED_EDGE ( 'NONE', *, *, #2661, .T. ) ;
#2409 = CARTESIAN_POINT ( 'NONE',  ( -3.135000000000000231, 3.000000000000000000, 0.1000000000000000056 ) ) ;
#2410 = CARTESIAN_POINT ( 'NONE',  ( 2.568753516131890180, 0.3616720333809389509, 0.000000000000000000 ) ) ;
#2411 = FACE_OUTER_BOUND ( 'NONE', #1418, .T. ) ;
#2412 = CLOSED_SHELL ( 'NONE', ( #785, #2066, #387, #623, #1441, #379 ) ) ;
#2413 = CARTESIAN_POINT ( 'NONE',  ( 2.832721995474209997, -0.1255174576940550069, 0.003000000000000000062 ) ) ;
#2414 = LINE ( 'NONE', #1431, #990 ) ;
#2415 = MECHANICAL_DESIGN_GEOMETRIC_PRESENTATION_REPRESENTATION (  '', ( #1306 ), #2569 ) ;
#2416 = VERTEX_POINT ( 'NONE', #126 ) ;
#2417 = DIRECTION ( 'NONE',  ( 0.000000000000000000, -1.000000000000000000, 0.000000000000000000 ) ) ;
#2418 = CARTESIAN_POINT ( 'NONE',  ( 1.355507064464419820, 0.4348839170561460410, 0.000000000000000000 ) ) ;
#2419 = ORIENTED_EDGE ( 'NONE', *, *, #3036, .F. ) ;
#2420 = DIRECTION ( 'NONE',  ( 0.000000000000000000, 1.000000000000000000, 0.000000000000000000 ) ) ;
#2421 = DIRECTION ( 'NONE',  ( 0.000000000000000000, -0.7071067811865244801, -0.7071067811865705544 ) ) ;
#2422 = VERTEX_POINT ( 'NONE', #2815 ) ;
#2423 = SHAPE_REPRESENTATION_RELATIONSHIP ( 'NONE' , 'NONE' ,  #132, #2468 ) ;
#2424 = ADVANCED_FACE ( 'NONE', ( #630 ), #2588, .T. ) ;
#2425 = AXIS2_PLACEMENT_3D ( 'NONE', #1803, #601, #1344 ) ;
#2426 = LINE ( 'NONE', #3143, #1165 ) ;
#2427 = EDGE_CURVE ( 'NONE', #1215, #217, #145, .T. ) ;
#2428 = EDGE_CURVE ( 'NONE', #1158, #1918, #648, .T. ) ;
#2429 = CARTESIAN_POINT ( 'NONE',  ( 2.079632457715280047, -0.4096045122865649701, 0.003000000000000000062 ) ) ;
#2430 = CARTESIAN_POINT ( 'NONE',  ( 1.536247171191910121, 0.5993205209132550504, 0.003000000000000000062 ) ) ;
#2431 = CARTESIAN_POINT ( 'NONE',  ( 1.800000000000000044, 3.734999999999999876, 0.1150000000000000050 ) ) ;
#2432 = EDGE_CURVE ( 'NONE', #411, #2729, #1398, .T. ) ;
#2433 = ORIENTED_EDGE ( 'NONE', *, *, #2427, .T. ) ;
#2434 = CARTESIAN_POINT ( 'NONE',  ( 2.474502032465289769, 0.4950340348809439406, 0.003000000000000000062 ) ) ;
#2435 = APPLICATION_CONTEXT ( 'automotive_design' ) ;
#2436 = ORIENTED_EDGE ( 'NONE', *, *, #2549, .T. ) ;
#2437 = CARTESIAN_POINT ( 'NONE',  ( 2.832721995474209997, -0.1255174576940550069, 0.000000000000000000 ) ) ;
#2438 = ORIENTED_EDGE ( 'NONE', *, *, #549, .F. ) ;
#2439 = CARTESIAN_POINT ( 'NONE',  ( 3.600000000000000089, -3.149999999999999911, 6.985000000000000320 ) ) ;
#2440 =( NAMED_UNIT ( * ) SI_UNIT ( $, .STERADIAN. ) SOLID_ANGLE_UNIT ( ) );
#2441 = CARTESIAN_POINT ( 'NONE',  ( 1.288013100534540101, -0.3089703607075160452, 0.003000000000000000062 ) ) ;
#2442 = CIRCLE ( 'NONE', #1478, 0.01499999999999999944 ) ;
#2443 = VERTEX_POINT ( 'NONE', #2603 ) ;
#2444 = CIRCLE ( 'NONE', #336, 0.01499999999999938882 ) ;
#2445 = CARTESIAN_POINT ( 'NONE',  ( 3.000000000000000000, -3.734999999999999876, 6.985000000000000320 ) ) ;
#2446 = CARTESIAN_POINT ( 'NONE',  ( 2.832721995474209997, -0.1255174576940550069, 0.003000000000000000062 ) ) ;
#2447 = EDGE_CURVE ( 'NONE', #1919, #2287, #405, .T. ) ;
#2448 = DIRECTION ( 'NONE',  ( -0.7071067811865475727, -0.7071067811865475727, 0.000000000000000000 ) ) ;
#2449 = CARTESIAN_POINT ( 'NONE',  ( 2.099434271891930326, -0.5781815891940540464, 0.003000000000000000062 ) ) ;
#2450 = EDGE_CURVE ( 'NONE', #332, #2609, #2144, .T. ) ;
#2451 = ORIENTED_EDGE ( 'NONE', *, *, #2772, .T. ) ;
#2452 = CARTESIAN_POINT ( 'NONE',  ( 2.675329132714209912, 0.05777234696325989766, 0.000000000000000000 ) ) ;
#2453 = ORIENTED_EDGE ( 'NONE', *, *, #2450, .F. ) ;
#2454 = CARTESIAN_POINT ( 'NONE',  ( 1.026986048082169978, 0.4758091128911680068, 0.000000000000000000 ) ) ;
#2455 = ADVANCED_FACE ( 'NONE', ( #1032 ), #1748, .T. ) ;
#2456 = LINE ( 'NONE', #1009, #252 ) ;
#2457 = VECTOR ( 'NONE', #1315, 1000.000000000000000 ) ;
#2458 = PRODUCT_DEFINITION_SHAPE ( 'NONE', 'NONE',  #3151 ) ;
#2459 = ORIENTED_EDGE ( 'NONE', *, *, #983, .T. ) ;
#2460 = CARTESIAN_POINT ( 'NONE',  ( 1.634753112524210072, -0.01781905633674120068, 0.000000000000000000 ) ) ;
#2461 = SURFACE_STYLE_FILL_AREA ( #2681 ) ;
#2462 = AXIS2_PLACEMENT_3D ( 'NONE', #1487, #1519, #1212 ) ;
#2463 = PLANE ( 'NONE',  #2495 ) ;
#2464 = FACE_OUTER_BOUND ( 'NONE', #1985, .T. ) ;
#2465 = ORIENTED_EDGE ( 'NONE', *, *, #2535, .F. ) ;
#2466 = CARTESIAN_POINT ( 'NONE',  ( 3.135000000000000231, -3.000000000000000000, 0.000000000000000000 ) ) ;
#2467 = ORIENTED_EDGE ( 'NONE', *, *, #2839, .T. ) ;
#2468 = ADVANCED_BREP_SHAPE_REPRESENTATION ( '', ( #1764, #1438 ), #1490 ) ;
#2469 = CARTESIAN_POINT ( 'NONE',  ( 1.244168778549600063, -0.01311918744405119949, 0.000000000000000000 ) ) ;
#2470 = ORIENTED_EDGE ( 'NONE', *, *, #285, .F. ) ;
#2471 = DIRECTION ( 'NONE',  ( 8.045094381341709113E-17, 0.000000000000000000, 1.000000000000000000 ) ) ;
#2472 = AXIS2_PLACEMENT_3D ( 'NONE', #2517, #2707, #533 ) ;
#2473 =( LENGTH_UNIT ( ) NAMED_UNIT ( * ) SI_UNIT ( .MILLI., .METRE. ) );
#2474 = ORIENTED_EDGE ( 'NONE', *, *, #2804, .F. ) ;
#2475 = CARTESIAN_POINT ( 'NONE',  ( 3.424264068711928566, 3.574264068711928477, 0.1149999999999978956 ) ) ;
#2476 = LINE ( 'NONE', #2915, #434 ) ;
#2477 = CARTESIAN_POINT ( 'NONE',  ( 1.795429313059579757, 0.1434575599809420066, 0.000000000000000000 ) ) ;
#2478 = PRESENTATION_STYLE_ASSIGNMENT (( #1512 ) ) ;
#2479 = CARTESIAN_POINT ( 'NONE',  ( 3.424264068711928566, -3.574264068711928477, 5.275000000000000355 ) ) ;
#2480 = B_SPLINE_SURFACE_WITH_KNOTS ( 'NONE', 3, 1, ( 
 ( #34, #1013 ),
 ( #1555, #318 ),
 ( #1310, #82 ),
 ( #2281, #1064 ) ),
 .UNSPECIFIED., .F., .F., .F.,
 ( 4, 4 ),
 ( 2, 2 ),
 ( 0.000000000000000000, 1.000000000000000000 ),
 ( 0.000000000000000000, 0.0002999999999999999737 ),
 .UNSPECIFIED. ) ;
#2481 = ORIENTED_EDGE ( 'NONE', *, *, #2192, .T. ) ;
#2482 = DIRECTION ( 'NONE',  ( -1.000000000000000000, 0.000000000000000000, 0.000000000000000000 ) ) ;
#2483 = ORIENTED_EDGE ( 'NONE', *, *, #1016, .F. ) ;
#2484 = DIRECTION ( 'NONE',  ( -0.9439217104492317878, -0.3301693573646659607, 0.000000000000000000 ) ) ;
#2485 = ORIENTED_EDGE ( 'NONE', *, *, #2581, .F. ) ;
#2486 = CARTESIAN_POINT ( 'NONE',  ( -3.600000000000000089, 3.149999999999999911, 1.824999999999999956 ) ) ;
#2487 = EDGE_CURVE ( 'NONE', #1504, #260, #2743, .T. ) ;
#2488 = EDGE_CURVE ( 'NONE', #1743, #1158, #2444, .T. ) ;
#2489 = FACE_OUTER_BOUND ( 'NONE', #2107, .T. ) ;
#2490 = EDGE_CURVE ( 'NONE', #464, #1318, #2898, .T. ) ;
#2491 = ORIENTED_EDGE ( 'NONE', *, *, #345, .T. ) ;
#2492 = CARTESIAN_POINT ( 'NONE',  ( -3.584999999999999964, 3.149999999999999911, 6.985000000000000320 ) ) ;
#2493 = CARTESIAN_POINT ( 'NONE',  ( 1.922268345214219742, -0.3770350416117450032, 0.003000000000000000062 ) ) ;
#2494 = ADVANCED_FACE ( 'NONE', ( #826 ), #1007, .T. ) ;
#2495 = AXIS2_PLACEMENT_3D ( 'NONE', #271, #2026, #1263 ) ;
#2496 = PLANE ( 'NONE',  #2784 ) ;
#2497 = LINE ( 'NONE', #3145, #2285 ) ;
#2498 = VECTOR ( 'NONE', #985, 1000.000000000000000 ) ;
#2499 = EDGE_LOOP ( 'NONE', ( #2371, #2050, #2701, #1485 ) ) ;
#2500 = DIRECTION ( 'NONE',  ( 0.000000000000000000, 0.000000000000000000, -1.000000000000000000 ) ) ;
#2501 = ORIENTED_EDGE ( 'NONE', *, *, #2660, .T. ) ;
#2502 = CARTESIAN_POINT ( 'NONE',  ( 2.619266014475499560, 0.5649641999185990304, 0.003000000000000000062 ) ) ;
#2503 = ORIENTED_EDGE ( 'NONE', *, *, #1157, .T. ) ;
#2504 = CARTESIAN_POINT ( 'NONE',  ( 3.584999999999999964, 3.149999999999999911, 0.09999999999999859002 ) ) ;
#2505 = VERTEX_POINT ( 'NONE', #535 ) ;
#2506 = AXIS2_PLACEMENT_3D ( 'NONE', #720, #1984, #2182 ) ;
#2507 = B_SPLINE_CURVE_WITH_KNOTS ( 'NONE', 3,
 ( #516, #498, #2656, #2675 ),
 .UNSPECIFIED., .F., .F.,
 ( 4, 4 ),
 ( 0.000000000000000000, 1.000000000000000000 ),
 .UNSPECIFIED. ) ;
#2508 = PRODUCT_DEFINITION_SHAPE ( 'NONE', 'NONE',  #3153 ) ;
#2509 = CARTESIAN_POINT ( 'NONE',  ( 2.675329132714209912, 0.05777234696325989766, 0.000000000000000000 ) ) ;
#2510 = CARTESIAN_POINT ( 'NONE',  ( 1.708558493636300080, -0.5778372421715053386, 0.003000000000000002665 ) ) ;
#2511 = EDGE_LOOP ( 'NONE', ( #1683, #2405, #2589, #926 ) ) ;
#2512 = CARTESIAN_POINT ( 'NONE',  ( 3.000000000000000000, 3.734999999999999876, 6.985000000000000320 ) ) ;
#2513 = VERTEX_POINT ( 'NONE', #2252 ) ;
#2514 = CARTESIAN_POINT ( 'NONE',  ( 1.144413015019980051, 0.2336072562400020036, 0.000000000000000000 ) ) ;
#2515 = ORIENTED_EDGE ( 'NONE', *, *, #724, .T. ) ;
#2516 = FACE_OUTER_BOUND ( 'NONE', #494, .T. ) ;
#2517 = CARTESIAN_POINT ( 'NONE',  ( 3.584999999999999964, 3.149999999999999911, 6.985000000000000320 ) ) ;
#2518 = ORIENTED_EDGE ( 'NONE', *, *, #532, .F. ) ;
#2519 = DIRECTION ( 'NONE',  ( -1.000000000000000000, 0.000000000000000000, 1.541976423090500071E-16 ) ) ;
#2520 = PRODUCT_DEFINITION ( 'UNKNOWN', '', #429, #593 ) ;
#2521 = EDGE_CURVE ( 'NONE', #2932, #3089, #1811, .T. ) ;
#2522 = FACE_OUTER_BOUND ( 'NONE', #25, .T. ) ;
#2523 = CARTESIAN_POINT ( 'NONE',  ( 1.708558493636300080, -0.5778372421715053386, 0.000000000000000000 ) ) ;
#2524 = EDGE_CURVE ( 'NONE', #59, #2560, #140, .T. ) ;
#2525 = B_SPLINE_CURVE_WITH_KNOTS ( 'NONE', 3,
 ( #3087, #231, #2623, #2169 ),
 .UNSPECIFIED., .F., .F.,
 ( 4, 4 ),
 ( 0.000000000000000000, 1.000000000000000000 ),
 .UNSPECIFIED. ) ;
#2526 = EDGE_CURVE ( 'NONE', #1821, #2513, #1776, .T. ) ;
#2527 = CIRCLE ( 'NONE', #162, 0.01499999999999979475 ) ;
#2528 = ORIENTED_EDGE ( 'NONE', *, *, #1298, .F. ) ;
#2529 = DIRECTION ( 'NONE',  ( -1.541976423090500071E-16, -9.904702175824489443E-32, -1.000000000000000000 ) ) ;
#2530 = ORIENTED_EDGE ( 'NONE', *, *, #2986, .T. ) ;
#2531 = CARTESIAN_POINT ( 'NONE',  ( -3.600000000000000089, 0.000000000000000000, 6.985000000000000320 ) ) ;
#2532 = AXIS2_PLACEMENT_3D ( 'NONE', #1575, #3049, #1544 ) ;
#2533 = VERTEX_POINT ( 'NONE', #1784 ) ;
#2534 = CARTESIAN_POINT ( 'NONE',  ( 1.678314112524220025, 0.1650514736986300190, 0.003000000000000000062 ) ) ;
#2535 = EDGE_CURVE ( 'NONE', #1710, #311, #2709, .T. ) ;
#2536 = PRESENTATION_STYLE_ASSIGNMENT (( #1521 ) ) ;
#2537 = ORIENTED_EDGE ( 'NONE', *, *, #914, .F. ) ;
#2538 = FACE_OUTER_BOUND ( 'NONE', #508, .T. ) ;
#2539 = DIRECTION ( 'NONE',  ( 0.000000000000000000, 0.000000000000000000, 1.000000000000000000 ) ) ;
#2540 = CARTESIAN_POINT ( 'NONE',  ( 1.685000000000000053, -3.000000000000000000, 0.000000000000000000 ) ) ;
#2541 = AXIS2_PLACEMENT_3D ( 'NONE', #460, #424, #2857 ) ;
#2542 = VECTOR ( 'NONE', #249, 1000.000000000000000 ) ;
#2543 = ORIENTED_EDGE ( 'NONE', *, *, #1796, .T. ) ;
#2544 = CARTESIAN_POINT ( 'NONE',  ( 1.597297882451490070, 0.1858484663206519949, 0.000000000000000000 ) ) ;
#2545 = ORIENTED_EDGE ( 'NONE', *, *, #243, .T. ) ;
#2546 = CARTESIAN_POINT ( 'NONE',  ( 1.640345535757350870, 0.3953668489850459822, 0.002999999999999999629 ) ) ;
#2547 = ORIENTED_EDGE ( 'NONE', *, *, #1314, .T. ) ;
#2548 = CARTESIAN_POINT ( 'NONE',  ( 2.655200030224209584, 0.5210366848059470035, 0.003000000000000000062 ) ) ;
#2549 = EDGE_CURVE ( 'NONE', #1934, #1086, #519, .T. ) ;
#2550 = CYLINDRICAL_SURFACE ( 'NONE', #367, 0.6000000000000001998 ) ;
#2551 = VERTEX_POINT ( 'NONE', #2475 ) ;
#2552 = ORIENTED_EDGE ( 'NONE', *, *, #2713, .F. ) ;
#2553 = DIRECTION ( 'NONE',  ( 0.000000000000000000, 0.000000000000000000, 1.000000000000000000 ) ) ;
#2554 = CARTESIAN_POINT ( 'NONE',  ( 1.167714493222769878, 0.3102210129289370011, 0.003000000000000000062 ) ) ;
#2555 = CIRCLE ( 'NONE', #2749, 0.01499999999999999944 ) ;
#2556 = CARTESIAN_POINT ( 'NONE',  ( 1.217051290869149982, 0.3731001197084319876, 0.000000000000000000 ) ) ;
#2557 = LINE ( 'NONE', #74, #2303 ) ;
#2558 = ORIENTED_EDGE ( 'NONE', *, *, #2346, .T. ) ;
#2559 = LINE ( 'NONE', #373, #436 ) ;
#2560 = VERTEX_POINT ( 'NONE', #267 ) ;
#2561 = CARTESIAN_POINT ( 'NONE',  ( 1.172828477761344246, 0.08989609997773259642, 0.002999999999999999629 ) ) ;
#2562 = CIRCLE ( 'NONE', #1186, 0.01499999999999938882 ) ;
#2563 = ADVANCED_FACE ( 'NONE', ( #2038 ), #806, .T. ) ;
#2564 = CARTESIAN_POINT ( 'NONE',  ( 2.469667620434440103, 0.4999403993251779754, 0.000000000000000000 ) ) ;
#2565 = ORIENTED_EDGE ( 'NONE', *, *, #1404, .F. ) ;
#2566 = ADVANCED_FACE ( 'NONE', ( #304 ), #2480, .T. ) ;
#2567 = ORIENTED_EDGE ( 'NONE', *, *, #2660, .F. ) ;
#2568 = CARTESIAN_POINT ( 'NONE',  ( 0.9614035468382650107, 0.1300767119914489900, 0.003000000000000000062 ) ) ;
#2569 =( GEOMETRIC_REPRESENTATION_CONTEXT ( 3 ) GLOBAL_UNCERTAINTY_ASSIGNED_CONTEXT ( ( #2167 ) ) GLOBAL_UNIT_ASSIGNED_CONTEXT ( ( #1230, #462, #251 ) ) REPRESENTATION_CONTEXT ( 'NONE', 'WORKASPACE' ) );
#2570 = CARTESIAN_POINT ( 'NONE',  ( 1.018173216159540040, -0.008495949283649110312, 0.000000000000000000 ) ) ;
#2571 = CARTESIAN_POINT ( 'NONE',  ( 1.263197675381910079, 0.4013528373059430110, 0.000000000000000000 ) ) ;
#2572 = CARTESIAN_POINT ( 'NONE',  ( 3.000000000000000000, 3.734999999999999876, 6.985000000000000320 ) ) ;
#2573 = CARTESIAN_POINT ( 'NONE',  ( 3.000000000000000000, 3.734999999999999876, 0.09999999999999879818 ) ) ;
#2574 = ORIENTED_EDGE ( 'NONE', *, *, #1927, .F. ) ;
#2575 = CARTESIAN_POINT ( 'NONE',  ( 1.629340632300850134, 0.1829139535453500054, 0.000000000000000000 ) ) ;
#2576 = B_SPLINE_CURVE_WITH_KNOTS ( 'NONE', 3,
 ( #3134, #2209, #975, #989 ),
 .UNSPECIFIED., .F., .F.,
 ( 4, 4 ),
 ( 0.000000000000000000, 1.000000000000000000 ),
 .UNSPECIFIED. ) ;
#2577 = LINE ( 'NONE', #1820, #1857 ) ;
#2578 = EDGE_LOOP ( 'NONE', ( #1884, #786, #1105, #597 ) ) ;
#2579 = B_SPLINE_CURVE_WITH_KNOTS ( 'NONE', 3,
 ( #396, #2840, #120, #1160 ),
 .UNSPECIFIED., .F., .F.,
 ( 4, 4 ),
 ( 0.000000000000000000, 1.000000000000000000 ),
 .UNSPECIFIED. ) ;
#2580 = EDGE_LOOP ( 'NONE', ( #2760, #2688, #2518, #1288 ) ) ;
#2581 = EDGE_CURVE ( 'NONE', #2953, #1547, #1491, .T. ) ;
#2582 = EDGE_CURVE ( 'NONE', #1457, #666, #497, .T. ) ;
#2583 = DIRECTION ( 'NONE',  ( 0.000000000000000000, 1.000000000000000000, 0.000000000000000000 ) ) ;
#2584 = CARTESIAN_POINT ( 'NONE',  ( 3.000000000000000000, -3.149999999999999911, 6.985000000000000320 ) ) ;
#2585 = CARTESIAN_POINT ( 'NONE',  ( 1.773719436967667651, 0.2656246642504118682, 0.000000000000000000 ) ) ;
#2586 = EDGE_CURVE ( 'NONE', #1922, #2533, #1899, .T. ) ;
#2587 = FACE_OUTER_BOUND ( 'NONE', #961, .T. ) ;
#2588 = CYLINDRICAL_SURFACE ( 'NONE', #1221, 0.01499999999999986761 ) ;
#2589 = ORIENTED_EDGE ( 'NONE', *, *, #1255, .F. ) ;
#2590 = CYLINDRICAL_SURFACE ( 'NONE', #2771, 0.01499999999999971495 ) ;
#2591 = VECTOR ( 'NONE', #96, 1000.000000000000000 ) ;
#2592 = CARTESIAN_POINT ( 'NONE',  ( 1.794075582381910117, 0.2053323303986359927, 0.000000000000000000 ) ) ;
#2593 = DIRECTION ( 'NONE',  ( -0.9665484591133635117, 0.2564840661436550984, 0.000000000000000000 ) ) ;
#2594 = ORIENTED_EDGE ( 'NONE', *, *, #1826, .T. ) ;
#2595 = VERTEX_POINT ( 'NONE', #2132 ) ;
#2596 = EDGE_LOOP ( 'NONE', ( #2385, #1301, #1063, #729 ) ) ;
#2597 = CARTESIAN_POINT ( 'NONE',  ( 2.449595719718839604, -0.5350015809741649475, 0.003000000000000000062 ) ) ;
#2598 = CARTESIAN_POINT ( 'NONE',  ( 1.569041344024219908, 0.1750581614132520059, 0.000000000000000000 ) ) ;
#2599 = CARTESIAN_POINT ( 'NONE',  ( 1.017479223123999965, 0.4623200860305849980, 0.000000000000000000 ) ) ;
#2600 = AXIS2_PLACEMENT_3D ( 'NONE', #1671, #2633, #431 ) ;
#2601 = CARTESIAN_POINT ( 'NONE',  ( -0.9038064344890468504, -2.815499810793200108, 0.003000000000000000062 ) ) ;
#2602 = DIRECTION ( 'NONE',  ( 0.000000000000000000, 0.000000000000000000, 1.000000000000000000 ) ) ;
#2603 = CARTESIAN_POINT ( 'NONE',  ( 3.000000000000000000, -3.745606601717796913, 6.995606601717796913 ) ) ;
#2604 = CARTESIAN_POINT ( 'NONE',  ( 1.794075582381910117, 0.2053323303986359927, 0.000000000000000000 ) ) ;
#2605 = UNCERTAINTY_MEASURE_WITH_UNIT (LENGTH_MEASURE( 1.000000000000000082E-05 ), #1261, 'distance_accuracy_value', 'NONE');
#2606 = CARTESIAN_POINT ( 'NONE',  ( 1.371784067724219902, -0.3625183383617430199, 0.003000000000000000062 ) ) ;
#2607 = CARTESIAN_POINT ( 'NONE',  ( 1.424003106881910119, 0.4346410644809429735, 0.000000000000000000 ) ) ;
#2608 = ORIENTED_EDGE ( 'NONE', *, *, #2294, .F. ) ;
#2609 = VERTEX_POINT ( 'NONE', #578 ) ;
#2610 = ORIENTED_EDGE ( 'NONE', *, *, #109, .F. ) ;
#2611 = DIRECTION ( 'NONE',  ( -2.443350504691545093E-16, -9.918962001855379101E-19, -1.000000000000000000 ) ) ;
#2612 = CARTESIAN_POINT ( 'NONE',  ( 1.159885503714219945, 0.1243556984736300247, 0.003000000000000000062 ) ) ;
#2613 = DIRECTION ( 'NONE',  ( 0.000000000000000000, 0.000000000000000000, 1.000000000000000000 ) ) ;
#2614 = PRODUCT_DEFINITION ( 'UNKNOWN', '', #27, #2636 ) ;
#2615 = CARTESIAN_POINT ( 'NONE',  ( 1.779459132895959916, -0.08873997716870929420, 0.000000000000000000 ) ) ;
#2616 = EDGE_CURVE ( 'NONE', #279, #2987, #2819, .T. ) ;
#2617 = EDGE_CURVE ( 'NONE', #311, #844, #2042, .T. ) ;
#2618 = PLANE ( 'NONE',  #767 ) ;
#2619 = CARTESIAN_POINT ( 'NONE',  ( 1.685000000000000053, -3.000000000000000000, 0.000000000000000000 ) ) ;
#2620 = ADVANCED_FACE ( 'NONE', ( #2538 ), #1520, .T. ) ;
#2621 = CARTESIAN_POINT ( 'NONE',  ( 2.568753516131890180, 0.3616720333809389509, 0.003000000000000000062 ) ) ;
#2622 = FACE_OUTER_BOUND ( 'NONE', #1324, .T. ) ;
#2623 = CARTESIAN_POINT ( 'NONE',  ( 2.079632457715280047, -0.4096045122865649701, 0.000000000000000000 ) ) ;
#2624 = ORIENTED_EDGE ( 'NONE', *, *, #268, .F. ) ;
#2625 = EDGE_CURVE ( 'NONE', #441, #2229, #1325, .T. ) ;
#2626 = ORIENTED_EDGE ( 'NONE', *, *, #2327, .T. ) ;
#2627 = CARTESIAN_POINT ( 'NONE',  ( 2.449595719718839604, -0.5350015809741649475, 0.003000000000000000062 ) ) ;
#2628 = CARTESIAN_POINT ( 'NONE',  ( 1.207154285107769898, -0.2380143257998580120, 0.003000000000000000062 ) ) ;
#2629 = CARTESIAN_POINT ( 'NONE',  ( 0.000000000000000000, 0.000000000000000000, 0.000000000000000000 ) ) ;
#2630 = FACE_OUTER_BOUND ( 'NONE', #2652, .T. ) ;
#2631 = CARTESIAN_POINT ( 'NONE',  ( 2.568753516131890180, 0.3616720333809389509, 0.000000000000000000 ) ) ;
#2632 = CARTESIAN_POINT ( 'NONE',  ( 0.9967332959419099581, 0.4193616807236299482, 0.003000000000000000062 ) ) ;
#2633 = DIRECTION ( 'NONE',  ( 0.000000000000000000, 1.000000000000000000, 0.000000000000000000 ) ) ;
#2634 = CARTESIAN_POINT ( 'NONE',  ( -1.685000000000000053, -3.000000000000000000, 0.000000000000000000 ) ) ;
#2635 = CARTESIAN_POINT ( 'NONE',  ( -3.000000000000000000, -3.734999999999999876, 6.985000000000000320 ) ) ;
#2636 = PRODUCT_DEFINITION_CONTEXT ( 'detailed design', #1195, 'design' ) ;
#2637 = CARTESIAN_POINT ( 'NONE',  ( 2.832721995474209997, -0.1255174576940550069, 0.003000000000000000062 ) ) ;
#2638 = CARTESIAN_POINT ( 'NONE',  ( -3.424264068711928122, -3.574264068711928921, 0.1150000000000001160 ) ) ;
#2639 = EDGE_LOOP ( 'NONE', ( #1725, #1355, #2896, #2181 ) ) ;
#2640 = AXIS2_PLACEMENT_3D ( 'NONE', #121, #2359, #355 ) ;
#2641 = ORIENTED_EDGE ( 'NONE', *, *, #1228, .F. ) ;
#2642 = FACE_OUTER_BOUND ( 'NONE', #1563, .T. ) ;
#2643 = SURFACE_STYLE_USAGE ( .BOTH. , #727 ) ;
#2644 = AXIS2_PLACEMENT_3D ( 'NONE', #749, #194, #695 ) ;
#2645 = ORIENTED_EDGE ( 'NONE', *, *, #845, .F. ) ;
#2646 = CARTESIAN_POINT ( 'NONE',  ( 2.474502032465289769, 0.4950340348809439406, 0.003000000000000000062 ) ) ;
#2647 = CARTESIAN_POINT ( 'NONE',  ( 3.000000000000000000, -3.149999999999999911, 5.275000000000000355 ) ) ;
#2648 = CARTESIAN_POINT ( 'NONE',  ( 2.425742753131709950, -0.3295829552866880174, 0.000000000000000000 ) ) ;
#2649 =( LENGTH_UNIT ( ) NAMED_UNIT ( * ) SI_UNIT ( .MILLI., .METRE. ) );
#2650 = DIRECTION ( 'NONE',  ( 0.000000000000000000, 1.000000000000000000, 0.000000000000000000 ) ) ;
#2651 = DIRECTION ( 'NONE',  ( 0.000000000000000000, 0.000000000000000000, -1.000000000000000000 ) ) ;
#2652 = EDGE_LOOP ( 'NONE', ( #2610, #3120, #1829, #57 ) ) ;
#2653 = LINE ( 'NONE', #456, #2847 ) ;
#2654 = DIRECTION ( 'NONE',  ( 0.000000000000000000, 0.000000000000000000, 1.000000000000000000 ) ) ;
#2655 = VERTEX_POINT ( 'NONE', #875 ) ;
#2656 = CARTESIAN_POINT ( 'NONE',  ( 1.806673425308060077, 0.1573462592663009973, 0.003000000000000000062 ) ) ;
#2657 = ADVANCED_FACE ( 'NONE', ( #1572 ), #1116, .T. ) ;
#2658 = ORIENTED_EDGE ( 'NONE', *, *, #2213, .F. ) ;
#2659 = CARTESIAN_POINT ( 'NONE',  ( 1.718932857381910040, 0.3189176378986359750, 0.000000000000000000 ) ) ;
#2660 = EDGE_CURVE ( 'NONE', #745, #2505, #277, .T. ) ;
#2661 = EDGE_CURVE ( 'NONE', #1870, #150, #368, .T. ) ;
#2662 = ORIENTED_EDGE ( 'NONE', *, *, #2625, .F. ) ;
#2663 =( LENGTH_UNIT ( ) NAMED_UNIT ( * ) SI_UNIT ( .MILLI., .METRE. ) );
#2664 =( NAMED_UNIT ( * ) PLANE_ANGLE_UNIT ( ) SI_UNIT ( $, .RADIAN. ) );
#2665 = ADVANCED_FACE ( 'NONE', ( #2622 ), #1644, .T. ) ;
#2666 = CARTESIAN_POINT ( 'NONE',  ( 0.9610419888376440234, 0.3454604272046409852, 0.003000000000000000062 ) ) ;
#2667 = FACE_OUTER_BOUND ( 'NONE', #1938, .T. ) ;
#2668 = CARTESIAN_POINT ( 'NONE',  ( 2.801103770308360108, -0.2501743033566969920, 0.000000000000000000 ) ) ;
#2669 = DIRECTION ( 'NONE',  ( 0.000000000000000000, -0.7071067811865185959, 0.7071067811865764385 ) ) ;
#2670 = EDGE_LOOP ( 'NONE', ( #2187, #719, #2912, #2515, #2708, #2043, #317 ) ) ;
#2671 = LINE ( 'NONE', #2966, #509 ) ;
#2672 = VERTEX_POINT ( 'NONE', #1678 ) ;
#2673 = CARTESIAN_POINT ( 'NONE',  ( 2.832721995474209997, -0.1255174576940550069, 0.000000000000000000 ) ) ;
#2674 = ORIENTED_EDGE ( 'NONE', *, *, #487, .T. ) ;
#2675 = CARTESIAN_POINT ( 'NONE',  ( 1.795429313059579757, 0.1434575599809420066, 0.003000000000000000062 ) ) ;
#2676 = CARTESIAN_POINT ( 'NONE',  ( 0.000000000000000000, 0.000000000000000000, 0.000000000000000000 ) ) ;
#2677 = ORIENTED_EDGE ( 'NONE', *, *, #2750, .F. ) ;
#2678 = EDGE_CURVE ( 'NONE', #667, #1236, #420, .T. ) ;
#2679 = EDGE_CURVE ( 'NONE', #703, #464, #671, .T. ) ;
#2680 = AXIS2_PLACEMENT_3D ( 'NONE', #2377, #1653, #2613 ) ;
#2681 = FILL_AREA_STYLE ('',( #1015 ) ) ;
#2682 =( NAMED_UNIT ( * ) SI_UNIT ( $, .STERADIAN. ) SOLID_ANGLE_UNIT ( ) );
#2683 = CARTESIAN_POINT ( 'NONE',  ( 2.334754714381940044, -0.3594912118690549718, 0.003000000000000000062 ) ) ;
#2684 = DIRECTION ( 'NONE',  ( 8.045094381341699252E-17, 8.045094381341699252E-17, 1.000000000000000000 ) ) ;
#2685 = ADVANCED_FACE ( 'NONE', ( #1188 ), #2695, .T. ) ;
#2686 = EDGE_LOOP ( 'NONE', ( #2594, #2277, #1476, #1931 ) ) ;
#2687 = CARTESIAN_POINT ( 'NONE',  ( 3.000000000000000000, 3.149999999999999911, 0.1149999999999979927 ) ) ;
#2688 = ORIENTED_EDGE ( 'NONE', *, *, #1354, .T. ) ;
#2689 = CARTESIAN_POINT ( 'NONE',  ( 0.9967332959419099581, 0.4193616807236299482, 0.000000000000000000 ) ) ;
#2690 = CARTESIAN_POINT ( 'NONE',  ( 1.922268345214219742, -0.3770350416117450032, 0.003000000000000000062 ) ) ;
#2691 = CONTEXT_DEPENDENT_SHAPE_REPRESENTATION ( #1392, #2458 ) ;
#2692 = CARTESIAN_POINT ( 'NONE',  ( -3.595606601717798334, 3.149999999999999911, 6.995606601717797801 ) ) ;
#2693 = VECTOR ( 'NONE', #763, 1000.000000000000000 ) ;
#2694 = VERTEX_POINT ( 'NONE', #2766 ) ;
#2695 = TOROIDAL_SURFACE ( 'NONE', #1739, 0.5849999999999999645, 0.01500000000000000118 ) ;
#2696 = CARTESIAN_POINT ( 'NONE',  ( -3.135000000000000231, -3.000000000000000000, 0.000000000000000000 ) ) ;
#2697 = DIRECTION ( 'NONE',  ( -0.7071067811865472397, 0.7071067811865479058, 0.000000000000000000 ) ) ;
#2698 = CARTESIAN_POINT ( 'NONE',  ( 2.559202766881900182, -0.2243613597867389897, 0.003000000000000000062 ) ) ;
#2699 = ORIENTED_EDGE ( 'NONE', *, *, #407, .T. ) ;
#2700 = DIRECTION ( 'NONE',  ( 1.000000000000000000, 0.000000000000000000, 0.000000000000000000 ) ) ;
#2701 = ORIENTED_EDGE ( 'NONE', *, *, #532, .T. ) ;
#2702 = CARTESIAN_POINT ( 'NONE',  ( 2.605213782724209892, -0.4309454091940529974, 0.003000000000000000062 ) ) ;
#2703 = CARTESIAN_POINT ( 'NONE',  ( 3.600000000000000089, 3.149999999999999911, 6.985000000000000320 ) ) ;
#2704 = STYLED_ITEM ( 'NONE', ( #1424 ), #748 ) ;
#2705 = VECTOR ( 'NONE', #2700, 1000.000000000000000 ) ;
#2706 = ITEM_DEFINED_TRANSFORMATION ( 'NONE', 'NONE', #2007,  #1438 ) ;
#2707 = DIRECTION ( 'NONE',  ( 0.000000000000000000, 1.000000000000000000, 0.000000000000000000 ) ) ;
#2708 = ORIENTED_EDGE ( 'NONE', *, *, #1258, .T. ) ;
#2709 = LINE ( 'NONE', #1243, #759 ) ;
#2710 = DIRECTION ( 'NONE',  ( 0.000000000000000000, -1.000000000000000000, 0.000000000000000000 ) ) ;
#2711 = CARTESIAN_POINT ( 'NONE',  ( 1.371784067724219902, -0.3625183383617430199, 0.000000000000000000 ) ) ;
#2712 = CARTESIAN_POINT ( 'NONE',  ( -3.000000000000000000, 3.149999999999999911, 1.824999999999999956 ) ) ;
#2713 = EDGE_CURVE ( 'NONE', #2551, #844, #1168, .T. ) ;
#2714 = VERTEX_POINT ( 'NONE', #275 ) ;
#2715 = EDGE_CURVE ( 'NONE', #586, #3104, #707, .T. ) ;
#2716 = DIRECTION ( 'NONE',  ( 0.000000000000000000, 0.000000000000000000, -1.000000000000000000 ) ) ;
#2717 = ORIENTED_EDGE ( 'NONE', *, *, #1201, .T. ) ;
#2718 = CARTESIAN_POINT ( 'NONE',  ( 1.424003106881910119, 0.4346410644809469703, 0.000000000000000000 ) ) ;
#2719 = ORIENTED_EDGE ( 'NONE', *, *, #978, .T. ) ;
#2720 = LINE ( 'NONE', #1505, #1606 ) ;
#2721 = CIRCLE ( 'NONE', #1812, 0.01499999999999982250 ) ;
#2722 = EDGE_CURVE ( 'NONE', #1316, #2595, #1268, .T. ) ;
#2723 = CARTESIAN_POINT ( 'NONE',  ( 1.172828477761344246, 0.08989609997773259642, 0.000000000000000000 ) ) ;
#2724 = ORIENTED_EDGE ( 'NONE', *, *, #584, .T. ) ;
#2725 = DIRECTION ( 'NONE',  ( 0.000000000000000000, -1.000000000000000000, 0.000000000000000000 ) ) ;
#2726 = CARTESIAN_POINT ( 'NONE',  ( 2.099434271891930326, -0.5781815891940540464, 0.000000000000000000 ) ) ;
#2727 = FACE_OUTER_BOUND ( 'NONE', #2341, .T. ) ;
#2728 = CARTESIAN_POINT ( 'NONE',  ( 3.000000000000000000, -3.734999999999999876, 0.1149999999999979927 ) ) ;
#2729 = VERTEX_POINT ( 'NONE', #1209 ) ;
#2730 = CARTESIAN_POINT ( 'NONE',  ( 3.584999999999999964, -3.149999999999999911, 6.985000000000000320 ) ) ;
#2731 = EDGE_LOOP ( 'NONE', ( #2608, #2491, #2870, #1518 ) ) ;
#2732 = CARTESIAN_POINT ( 'NONE',  ( 2.099434271891930326, -0.5781815891940540464, 0.000000000000000000 ) ) ;
#2733 = EDGE_LOOP ( 'NONE', ( #2934, #292, #2719, #608, #1012, #2802, #541 ) ) ;
#2734 = ORIENTED_EDGE ( 'NONE', *, *, #2096, .F. ) ;
#2735 = CARTESIAN_POINT ( 'NONE',  ( 1.491165166717669965, 0.1453172505132439840, 0.000000000000000000 ) ) ;
#2736 = VECTOR ( 'NONE', #772, 1000.000000000000000 ) ;
#2737 = CARTESIAN_POINT ( 'NONE',  ( 2.675329132714209912, 0.05777234696325989766, 0.003000000000000000062 ) ) ;
#2738 = CARTESIAN_POINT ( 'NONE',  ( 3.000000000000000000, -3.149999999999999911, 6.985000000000000320 ) ) ;
#2739 = ORIENTED_EDGE ( 'NONE', *, *, #958, .T. ) ;
#2740 = DIRECTION ( 'NONE',  ( -0.7071067811865471286, -0.7071067811865479058, 0.000000000000000000 ) ) ;
#2741 = ORIENTED_EDGE ( 'NONE', *, *, #2015, .T. ) ;
#2742 = DIRECTION ( 'NONE',  ( -1.541976423090500071E-16, 1.800854941058999748E-32, -1.000000000000000000 ) ) ;
#2743 = B_SPLINE_CURVE_WITH_KNOTS ( 'NONE', 3,
 ( #2960, #3005, #15, #1292 ),
 .UNSPECIFIED., .F., .F.,
 ( 4, 4 ),
 ( 0.000000000000000000, 1.000000000000000000 ),
 .UNSPECIFIED. ) ;
#2744 = EDGE_LOOP ( 'NONE', ( #2558, #1604, #2210, #753 ) ) ;
#2745 = DIRECTION ( 'NONE',  ( 1.000000000000000000, 0.000000000000000000, 0.000000000000000000 ) ) ;
#2746 = EDGE_CURVE ( 'NONE', #482, #200, #2576, .T. ) ;
#2747 = AXIS2_PLACEMENT_3D ( 'NONE', #2809, #625, #1905 ) ;
#2748 = VERTEX_POINT ( 'NONE', #1003 ) ;
#2749 = AXIS2_PLACEMENT_3D ( 'NONE', #3012, #2757, #1815 ) ;
#2750 = EDGE_CURVE ( 'NONE', #2987, #425, #297, .T. ) ;
#2751 = DIRECTION ( 'NONE',  ( 2.312964634635739999E-16, 0.000000000000000000, 1.000000000000000000 ) ) ;
#2752 = EDGE_CURVE ( 'NONE', #1101, #558, #770, .T. ) ;
#2753 = DIRECTION ( 'NONE',  ( -0.7071067811865471286, 0.7071067811865479058, 0.000000000000000000 ) ) ;
#2754 = CARTESIAN_POINT ( 'NONE',  ( 1.159885503714219945, 0.1243556984736300247, 0.003000000000000000062 ) ) ;
#2755 =( BOUNDED_CURVE ( )  B_SPLINE_CURVE ( 3, ( #264, #2232, #2723, #29 ),
 .UNSPECIFIED., .F., .F. ) 
 B_SPLINE_CURVE_WITH_KNOTS ( ( 4, 4 ),
 ( 3.859682370326960044, 5.787427504175473914 ),
 .UNSPECIFIED. ) 
 CURVE ( )  GEOMETRIC_REPRESENTATION_ITEM ( )  RATIONAL_B_SPLINE_CURVE ( ( 1.000000000000000000, 0.7135622129066983010, 0.7135622129066983010, 1.000000000000000000 ) ) 
 REPRESENTATION_ITEM ( '' )  );
#2756 = ORIENTED_EDGE ( 'NONE', *, *, #855, .F. ) ;
#2757 = DIRECTION ( 'NONE',  ( 1.000000000000000000, 0.000000000000000000, 0.000000000000000000 ) ) ;
#2758 = ORIENTED_EDGE ( 'NONE', *, *, #2910, .T. ) ;
#2759 = CARTESIAN_POINT ( 'NONE',  ( 2.727228053747860148, -0.3493482614828520294, 0.003000000000000000062 ) ) ;
#2760 = ORIENTED_EDGE ( 'NONE', *, *, #514, .T. ) ;
#2761 = CARTESIAN_POINT ( 'NONE',  ( 1.730833430178969845, 0.1475065474112220165, 0.003000000000000000062 ) ) ;
#2762 = ADVANCED_BREP_SHAPE_REPRESENTATION ( '', ( #680, #1757, #1438 ), #2402 ) ;
#2763 = LINE ( 'NONE', #2005, #209 ) ;
#2764 = PRESENTATION_LAYER_ASSIGNMENT (  '', '', ( #1306 ) ) ;
#2765 = ORIENTED_EDGE ( 'NONE', *, *, #108, .F. ) ;
#2766 = CARTESIAN_POINT ( 'NONE',  ( -3.000000000000000000, -3.734999999999999876, 7.000000000000000000 ) ) ;
#2767 = ADVANCED_FACE ( 'NONE', ( #1742 ), #2244, .T. ) ;
#2768 = B_SPLINE_CURVE_WITH_KNOTS ( 'NONE', 3,
 ( #2931, #751, #1738, #2698 ),
 .UNSPECIFIED., .F., .F.,
 ( 4, 4 ),
 ( 0.000000000000000000, 1.000000000000000000 ),
 .UNSPECIFIED. ) ;
#2769 = CARTESIAN_POINT ( 'NONE',  ( 3.000000000000000000, 3.750000000000000000, 5.275000000000000355 ) ) ;
#2770 = CARTESIAN_POINT ( 'NONE',  ( 2.464867708101849963, 0.5046778239880860273, 0.003000000000000000062 ) ) ;
#2771 = AXIS2_PLACEMENT_3D ( 'NONE', #681, #1150, #2352 ) ;
#2772 = EDGE_CURVE ( 'NONE', #2907, #771, #818, .T. ) ;
#2773 = EDGE_LOOP ( 'NONE', ( #55, #1421, #1469, #2808 ) ) ;
#2774 = LINE ( 'NONE', #1051, #2457 ) ;
#2775 = VERTEX_POINT ( 'NONE', #2452 ) ;
#2776 = CARTESIAN_POINT ( 'NONE',  ( 1.233345757153820221, 0.6104357434048468534, 0.003000000000000000062 ) ) ;
#2777 = ORIENTED_EDGE ( 'NONE', *, *, #1974, .T. ) ;
#2778 = CARTESIAN_POINT ( 'NONE',  ( 1.678314112524220025, 0.1650514736986300190, 0.000000000000000000 ) ) ;
#2779 = FACE_OUTER_BOUND ( 'NONE', #836, .T. ) ;
#2780 = ORIENTED_EDGE ( 'NONE', *, *, #484, .F. ) ;
#2781 = ORIENTED_EDGE ( 'NONE', *, *, #580, .T. ) ;
#2782 = CARTESIAN_POINT ( 'NONE',  ( 1.072602293706329979, -0.08848652560885598983, 0.003000000000000000062 ) ) ;
#2783 = CARTESIAN_POINT ( 'NONE',  ( 1.491165166717669965, 0.1453172505132439840, 0.003000000000000000062 ) ) ;
#2784 = AXIS2_PLACEMENT_3D ( 'NONE', #2477, #2282, #2052 ) ;
#2785 =( GEOMETRIC_REPRESENTATION_CONTEXT ( 3 ) GLOBAL_UNCERTAINTY_ASSIGNED_CONTEXT ( ( #2605 ) ) GLOBAL_UNIT_ASSIGNED_CONTEXT ( ( #1261, #2220, #997 ) ) REPRESENTATION_CONTEXT ( 'NONE', 'WORKASPACE' ) );
#2786 = VECTOR ( 'NONE', #2519, 1000.000000000000000 ) ;
#2787 = EDGE_CURVE ( 'NONE', #982, #2018, #968, .T. ) ;
#2788 = CARTESIAN_POINT ( 'NONE',  ( 1.922268345214219742, -0.3770350416117450032, 0.000000000000000000 ) ) ;
#2789 = ORIENTED_EDGE ( 'NONE', *, *, #1435, .T. ) ;
#2790 = AXIS2_PLACEMENT_3D ( 'NONE', #675, #1962, #1445 ) ;
#2791 = CARTESIAN_POINT ( 'NONE',  ( 1.058179716524219938, 0.5065490222236270768, 0.000000000000000000 ) ) ;
#2792 = ORIENTED_EDGE ( 'NONE', *, *, #1458, .T. ) ;
#2793 = DIRECTION ( 'NONE',  ( 0.000000000000000000, -1.000000000000000000, 0.000000000000000000 ) ) ;
#2794 = PLANE ( 'NONE',  #1085 ) ;
#2795 = VERTEX_POINT ( 'NONE', #2434 ) ;
#2796 = ORIENTED_EDGE ( 'NONE', *, *, #1254, .F. ) ;
#2797 = PLANE ( 'NONE',  #2747 ) ;
#2798 = CARTESIAN_POINT ( 'NONE',  ( 1.288013100534540101, -0.3089703607075160452, 0.003000000000000000062 ) ) ;
#2799 = CARTESIAN_POINT ( 'NONE',  ( 1.238754990431230052, 0.3894733533833369954, 0.000000000000000000 ) ) ;
#2800 = CARTESIAN_POINT ( 'NONE',  ( 2.523831252700539984, 0.4406808133024320284, 0.003000000000000000062 ) ) ;
#2801 = CARTESIAN_POINT ( 'NONE',  ( 2.655200030224209584, 0.5210366848059470035, 0.003000000000000000062 ) ) ;
#2802 = ORIENTED_EDGE ( 'NONE', *, *, #1014, .T. ) ;
#2803 = FACE_OUTER_BOUND ( 'NONE', #995, .T. ) ;
#2804 = EDGE_CURVE ( 'NONE', #631, #1405, #1340, .T. ) ;
#2805 = EDGE_CURVE ( 'NONE', #1919, #1922, #959, .T. ) ;
#2806 = CARTESIAN_POINT ( 'NONE',  ( 2.469667620434440103, 0.4999403993251779754, 0.003000000000000000062 ) ) ;
#2807 = ORIENTED_EDGE ( 'NONE', *, *, #830, .F. ) ;
#2808 = ORIENTED_EDGE ( 'NONE', *, *, #1925, .T. ) ;
#2809 = CARTESIAN_POINT ( 'NONE',  ( -0.7225458846708531224, 0.000000000000000000, 0.000000000000000000 ) ) ;
#2810 = CIRCLE ( 'NONE', #2472, 0.01499999999999852146 ) ;
#2811 = LINE ( 'NONE', #627, #1108 ) ;
#2812 = LINE ( 'NONE', #841, #1872 ) ;
#2813 = CARTESIAN_POINT ( 'NONE',  ( 1.244168778549600063, -0.01311918744405119949, 0.003000000000000000062 ) ) ;
#2814 = B_SPLINE_SURFACE_WITH_KNOTS ( 'NONE', 3, 1, ( 
 ( #2509, #2737 ),
 ( #1801, #1542 ),
 ( #85, #1048 ),
 ( #553, #308 ) ),
 .UNSPECIFIED., .F., .F., .F.,
 ( 4, 4 ),
 ( 2, 2 ),
 ( 0.000000000000000000, 1.000000000000000000 ),
 ( 0.000000000000000000, 0.0002999999999999999737 ),
 .UNSPECIFIED. ) ;
#2815 = CARTESIAN_POINT ( 'NONE',  ( 3.000000000000000000, 3.750000000000000000, 0.1149999999999979927 ) ) ;
#2816 = EDGE_CURVE ( 'NONE', #2505, #185, #1953, .T. ) ;
#2817 = ORIENTED_EDGE ( 'NONE', *, *, #1540, .F. ) ;
#2818 = CARTESIAN_POINT ( 'NONE',  ( -3.600000000000000089, 0.000000000000000000, 7.000000000000000000 ) ) ;
#2819 = LINE ( 'NONE', #2383, #2591 ) ;
#2820 = AXIS2_PLACEMENT_3D ( 'NONE', #1171, #696, #143 ) ;
#2821 = CARTESIAN_POINT ( 'NONE',  ( -3.584999999999999964, 0.000000000000000000, 0.1000000000000000056 ) ) ;
#2822 = ORIENTED_EDGE ( 'NONE', *, *, #3002, .F. ) ;
#2823 = ORIENTED_EDGE ( 'NONE', *, *, #347, .T. ) ;
#2824 = ORIENTED_EDGE ( 'NONE', *, *, #2586, .T. ) ;
#2825 = CARTESIAN_POINT ( 'NONE',  ( 2.710141341474209931, 0.4458213581382519664, 0.000000000000000000 ) ) ;
#2826 = CARTESIAN_POINT ( 'NONE',  ( 1.159885503714219945, 0.1243556984736300247, 0.003000000000000000062 ) ) ;
#2827 = LINE ( 'NONE', #3078, #478 ) ;
#2828 = CARTESIAN_POINT ( 'NONE',  ( 2.513107981559430382, 0.4558545581193509943, 0.003000000000000000062 ) ) ;
#2829 = LINE ( 'NONE', #678, #68 ) ;
#2830 = DIRECTION ( 'NONE',  ( 0.000000000000000000, -1.000000000000000000, 0.000000000000000000 ) ) ;
#2831 = VECTOR ( 'NONE', #1035, 1000.000000000000000 ) ;
#2832 = DIRECTION ( 'NONE',  ( 0.000000000000000000, 1.000000000000000000, 0.000000000000000000 ) ) ;
#2833 = AXIS2_PLACEMENT_3D ( 'NONE', #1401, #3086, #198 ) ;
#2834 = CARTESIAN_POINT ( 'NONE',  ( 1.839775840903343784, -0.5779528397739989165, 0.002999999999999999629 ) ) ;
#2835 = CARTESIAN_POINT ( 'NONE',  ( 1.786702955734599918, 0.1326809315882560014, 0.003000000000000000062 ) ) ;
#2836 = ORIENTED_EDGE ( 'NONE', *, *, #2582, .T. ) ;
#2837 = EDGE_LOOP ( 'NONE', ( #3069, #1516, #1999, #81 ) ) ;
#2838 = ORIENTED_EDGE ( 'NONE', *, *, #1545, .F. ) ;
#2839 = EDGE_CURVE ( 'NONE', #2443, #3024, #1932, .T. ) ;
#2840 = CARTESIAN_POINT ( 'NONE',  ( 1.779459132895959916, -0.08873997716870929420, 0.000000000000000000 ) ) ;
#2841 = EDGE_CURVE ( 'NONE', #441, #2932, #700, .T. ) ;
#2842 = EDGE_CURVE ( 'NONE', #2533, #2089, #2653, .T. ) ;
#2843 = DIRECTION ( 'NONE',  ( -0.7071067811865479058, 0.7071067811865472397, 1.807003620809174385E-16 ) ) ;
#2844 = FACE_OUTER_BOUND ( 'NONE', #539, .T. ) ;
#2845 = FACE_OUTER_BOUND ( 'NONE', #1680, .T. ) ;
#2846 = PRESENTATION_LAYER_ASSIGNMENT (  '', '', ( #2704 ) ) ;
#2847 = VECTOR ( 'NONE', #215, 1000.000000000000000 ) ;
#2848 = DIRECTION ( 'NONE',  ( 1.537634919886934886E-16, 4.341503203566779605E-19, 1.000000000000000000 ) ) ;
#2849 = LINE ( 'NONE', #2900, #1982 ) ;
#2850 = EDGE_CURVE ( 'NONE', #2032, #2919, #1029, .T. ) ;
#2851 = CARTESIAN_POINT ( 'NONE',  ( 2.659436337897759906, 0.5143827423690230383, 0.000000000000000000 ) ) ;
#2852 = DIRECTION ( 'NONE',  ( 0.000000000000000000, 1.000000000000000000, 0.000000000000000000 ) ) ;
#2853 = LINE ( 'NONE', #1711, #1971 ) ;
#2854 = ORIENTED_EDGE ( 'NONE', *, *, #2850, .T. ) ;
#2855 = VECTOR ( 'NONE', #1253, 1000.000000000000000 ) ;
#2856 = ORIENTED_EDGE ( 'NONE', *, *, #1394, .T. ) ;
#2857 = DIRECTION ( 'NONE',  ( 0.7071067811865475727, 0.7071067811865475727, 0.000000000000000000 ) ) ;
#2858 = CARTESIAN_POINT ( 'NONE',  ( 3.424264068711928566, 3.574264068711928477, 6.985000000000000320 ) ) ;
#2859 = DIRECTION ( 'NONE',  ( 0.000000000000000000, 0.000000000000000000, 1.000000000000000000 ) ) ;
#2860 = CARTESIAN_POINT ( 'NONE',  ( 1.922268345214219742, -0.3770350416117450032, 0.000000000000000000 ) ) ;
#2861 =( LENGTH_UNIT ( ) NAMED_UNIT ( * ) SI_UNIT ( .MILLI., .METRE. ) );
#2862 = AXIS2_PLACEMENT_3D ( 'NONE', #2922, #2906, #3119 ) ;
#2863 = FACE_OUTER_BOUND ( 'NONE', #605, .T. ) ;
#2864 = CARTESIAN_POINT ( 'NONE',  ( 2.523831252700539984, 0.4406808133024320284, 0.000000000000000000 ) ) ;
#2865 = LINE ( 'NONE', #1205, #2137 ) ;
#2866 = CARTESIAN_POINT ( 'NONE',  ( 3.584999999999999964, 0.000000000000000000, 0.1149999999999979927 ) ) ;
#2867 = EDGE_CURVE ( 'NONE', #2091, #1623, #2671, .T. ) ;
#2868 = CARTESIAN_POINT ( 'NONE',  ( 1.806673425308060077, 0.1573462592663009973, 0.000000000000000000 ) ) ;
#2869 = CARTESIAN_POINT ( 'NONE',  ( 0.9550272685242209292, 0.2378575140559439915, 0.000000000000000000 ) ) ;
#2870 = ORIENTED_EDGE ( 'NONE', *, *, #1363, .F. ) ;
#2871 = ORIENTED_EDGE ( 'NONE', *, *, #2096, .T. ) ;
#2872 = DIRECTION ( 'NONE',  ( -2.433431542689689592E-16, 0.000000000000000000, -1.000000000000000000 ) ) ;
#2873 =( BOUNDED_SURFACE ( )  B_SPLINE_SURFACE ( 1, 2, ( 
 ( #628, #2585, #1637 ),
 ( #1391, #1410, #138 ) ),
 .UNSPECIFIED., .F., .F., .F. ) 
 B_SPLINE_SURFACE_WITH_KNOTS ( ( 2, 2 ),
 ( 3, 3 ),
 ( 0.000000000000000000, 0.01388550006345870037 ),
 ( 0.8008987677112529013, 1.482512624733959949 ),
 .UNSPECIFIED. ) 
 GEOMETRIC_REPRESENTATION_ITEM ( )  RATIONAL_B_SPLINE_SURFACE ( (
 ( 1.000000000000000000, 0.9424852583851190957, 1.000000000000000000),
 ( 1.000000000000000000, 0.9424852583851190957, 1.000000000000000000) ) ) 
 REPRESENTATION_ITEM ( '' )  SURFACE ( )  );
#2874 = DIRECTION ( 'NONE',  ( 1.000000000000000000, 1.216715771344843810E-16, -1.216715771344781934E-16 ) ) ;
#2875 = ORIENTED_EDGE ( 'NONE', *, *, #1161, .T. ) ;
#2876 = CARTESIAN_POINT ( 'NONE',  ( 1.948065610680079995, -0.06525331790171930157, 0.003000000000000000062 ) ) ;
#2877 = CARTESIAN_POINT ( 'NONE',  ( 1.998088153358619889, 0.03279882566325869470, 0.000000000000000000 ) ) ;
#2878 = DIRECTION ( 'NONE',  ( 0.000000000000000000, 0.000000000000000000, 1.000000000000000000 ) ) ;
#2879 = CARTESIAN_POINT ( 'NONE',  ( 2.197559344882119792, -0.4045877371190380600, 0.000000000000000000 ) ) ;
#2880 = FACE_OUTER_BOUND ( 'NONE', #2686, .T. ) ;
#2881 = EDGE_CURVE ( 'NONE', #2694, #245, #1232, .T. ) ;
#2882 = DIRECTION ( 'NONE',  ( 0.000000000000000000, -1.000000000000000000, 0.000000000000000000 ) ) ;
#2883 = EDGE_CURVE ( 'NONE', #3055, #1804, #540, .T. ) ;
#2884 = ORIENTED_EDGE ( 'NONE', *, *, #172, .T. ) ;
#2885 = EDGE_CURVE ( 'NONE', #982, #2225, #1492, .T. ) ;
#2886 = DIRECTION ( 'NONE',  ( -1.000000000000000000, 7.709882115452500353E-17, 7.709882115451919801E-17 ) ) ;
#2887 = CARTESIAN_POINT ( 'NONE',  ( 3.584999999999999964, -3.149999999999999911, 0.09999999999999859002 ) ) ;
#2888 = EDGE_LOOP ( 'NONE', ( #2537, #1250, #699, #1628 ) ) ;
#2889 = CIRCLE ( 'NONE', #2640, 0.6000000000000001998 ) ;
#2890 = CARTESIAN_POINT ( 'NONE',  ( 1.597297882451490070, 0.1858484663206519949, 0.003000000000000000062 ) ) ;
#2891 = ORIENTED_EDGE ( 'NONE', *, *, #726, .F. ) ;
#2892 = CARTESIAN_POINT ( 'NONE',  ( -3.000000000000000000, 3.750000000000000000, 1.824999999999999956 ) ) ;
#2893 = SHAPE_DEFINITION_REPRESENTATION ( #2957, #1107 ) ;
#2894 = FILL_AREA_STYLE ('',( #1959 ) ) ;
#2895 = AXIS2_PLACEMENT_3D ( 'NONE', #2930, #210, #715 ) ;
#2896 = ORIENTED_EDGE ( 'NONE', *, *, #983, .F. ) ;
#2897 = DIRECTION ( 'NONE',  ( 1.000000000000000000, 0.000000000000000000, 0.000000000000000000 ) ) ;
#2898 = B_SPLINE_CURVE_WITH_KNOTS ( 'NONE', 3,
 ( #2051, #1990, #2268, #65 ),
 .UNSPECIFIED., .F., .F.,
 ( 4, 4 ),
 ( 0.000000000000000000, 1.000000000000000000 ),
 .UNSPECIFIED. ) ;
#2899 = DIRECTION ( 'NONE',  ( 1.000000000000000000, 0.000000000000000000, 0.000000000000000000 ) ) ;
#2900 = CARTESIAN_POINT ( 'NONE',  ( -0.9038064344890468504, 2.815499810793200108, 0.003000000000000000062 ) ) ;
#2901 = CIRCLE ( 'NONE', #448, 0.01499999999999960566 ) ;
#2902 = DIRECTION ( 'NONE',  ( -0.7071067811865475727, -0.7071067811865475727, 0.000000000000000000 ) ) ;
#2903 = VECTOR ( 'NONE', #1484, 1000.000000000000000 ) ;
#2904 = ORIENTED_EDGE ( 'NONE', *, *, #2382, .F. ) ;
#2905 = CARTESIAN_POINT ( 'NONE',  ( 1.922268345214219742, -0.3770350416117450032, 0.003000000000000000062 ) ) ;
#2906 = DIRECTION ( 'NONE',  ( 0.000000000000000000, 1.000000000000000000, 0.000000000000000000 ) ) ;
#2907 = VERTEX_POINT ( 'NONE', #1084 ) ;
#2908 = ADVANCED_FACE ( 'NONE', ( #2288 ), #56, .T. ) ;
#2909 = LINE ( 'NONE', #26, #662 ) ;
#2910 = EDGE_CURVE ( 'NONE', #1743, #2416, #2774, .T. ) ;
#2911 = CARTESIAN_POINT ( 'NONE',  ( 1.536247171191910121, 0.5993205209132629330, 0.003000000000000000062 ) ) ;
#2912 = ORIENTED_EDGE ( 'NONE', *, *, #2881, .T. ) ;
#2913 = EDGE_CURVE ( 'NONE', #2020, #1710, #2098, .T. ) ;
#2914 =( LENGTH_UNIT ( ) NAMED_UNIT ( * ) SI_UNIT ( .MILLI., .METRE. ) );
#2915 = CARTESIAN_POINT ( 'NONE',  ( 1.424003106881910119, 0.4346410644809469703, 0.000000000000000000 ) ) ;
#2916 = CARTESIAN_POINT ( 'NONE',  ( 1.794075582381910117, 0.2053323303986359927, 0.000000000000000000 ) ) ;
#2917 = CARTESIAN_POINT ( 'NONE',  ( 1.922268345214219742, -0.3770350416117450032, 0.000000000000000000 ) ) ;
#2918 = DIRECTION ( 'NONE',  ( 8.045094381341699252E-17, 8.045094381341699252E-17, 1.000000000000000000 ) ) ;
#2919 = VERTEX_POINT ( 'NONE', #2305 ) ;
#2920 = CARTESIAN_POINT ( 'NONE',  ( 2.840364782661195076, 0.2718616372258605973, 0.000000000000000000 ) ) ;
#2921 = ORIENTED_EDGE ( 'NONE', *, *, #268, .T. ) ;
#2922 = CARTESIAN_POINT ( 'NONE',  ( 3.584999999999999964, 0.000000000000000000, 6.985000000000000320 ) ) ;
#2923 = CARTESIAN_POINT ( 'NONE',  ( 1.244168778549600063, -0.01311918744405119949, 0.000000000000000000 ) ) ;
#2924 = CARTESIAN_POINT ( 'NONE',  ( 0.9550272685242209292, 0.2378575140559439915, 0.003000000000000000062 ) ) ;
#2925 = AXIS2_PLACEMENT_3D ( 'NONE', #2866, #2832, #2104 ) ;
#2926 = ORIENTED_EDGE ( 'NONE', *, *, #2986, .F. ) ;
#2927 = AXIS2_PLACEMENT_3D ( 'NONE', #1620, #897, #1891 ) ;
#2928 = LINE ( 'NONE', #2009, #898 ) ;
#2929 = PRODUCT_DEFINITION_SHAPE ( 'NONE', 'NONE',  #1861 ) ;
#2930 = CARTESIAN_POINT ( 'NONE',  ( 2.409999999999999698, 0.000000000000000000, 0.000000000000000000 ) ) ;
#2931 = CARTESIAN_POINT ( 'NONE',  ( 2.675329132714209912, 0.05777234696325989766, 0.003000000000000000062 ) ) ;
#2932 = VERTEX_POINT ( 'NONE', #293 ) ;
#2933 = DIRECTION ( 'NONE',  ( -1.541976423090500071E-16, -1.800854941058999748E-32, -1.000000000000000000 ) ) ;
#2934 = ORIENTED_EDGE ( 'NONE', *, *, #1823, .T. ) ;
#2935 = CARTESIAN_POINT ( 'NONE',  ( -0.5412853348526590613, -2.815499810793200108, 0.000000000000000000 ) ) ;
#2936 = CARTESIAN_POINT ( 'NONE',  ( 0.9550272685242209292, 0.2378575140559439915, 0.000000000000000000 ) ) ;
#2937 = AXIS2_PLACEMENT_3D ( 'NONE', #2161, #1200, #2128 ) ;
#2938 = AXIS2_PLACEMENT_3D ( 'NONE', #202, #2173, #706 ) ;
#2939 = ORIENTED_EDGE ( 'NONE', *, *, #842, .T. ) ;
#2940 = VECTOR ( 'NONE', #1641, 1000.000000000000000 ) ;
#2941 = CARTESIAN_POINT ( 'NONE',  ( 2.559202766881900182, -0.2243613597867389897, 0.003000000000000000062 ) ) ;
#2942 = EDGE_CURVE ( 'NONE', #1710, #2263, #657, .T. ) ;
#2943 = EDGE_CURVE ( 'NONE', #2513, #2795, #2557, .T. ) ;
#2944 = EDGE_CURVE ( 'NONE', #201, #332, #1367, .T. ) ;
#2945 = CARTESIAN_POINT ( 'NONE',  ( 2.568753516131890180, 0.3616720333809389509, 0.003000000000000000062 ) ) ;
#2946 = CARTESIAN_POINT ( 'NONE',  ( -3.000000000000000000, -3.149999999999999911, 1.824999999999999956 ) ) ;
#2947 = CARTESIAN_POINT ( 'NONE',  ( 1.491165166717669965, 0.1453172505132439840, 0.000000000000000000 ) ) ;
#2948 = EDGE_CURVE ( 'NONE', #2324, #1934, #3004, .T. ) ;
#2949 = ORIENTED_EDGE ( 'NONE', *, *, #3110, .F. ) ;
#2950 = CARTESIAN_POINT ( 'NONE',  ( -3.135000000000000231, -3.000000000000000000, 0.000000000000000000 ) ) ;
#2951 = ORIENTED_EDGE ( 'NONE', *, *, #2521, .T. ) ;
#2952 = CARTESIAN_POINT ( 'NONE',  ( 2.832721995474209997, -0.1255174576940550069, 0.003000000000000000062 ) ) ;
#2953 = VERTEX_POINT ( 'NONE', #2044 ) ;
#2954 = CARTESIAN_POINT ( 'NONE',  ( 1.754729093992830613, 0.2840972875713200230, 0.003000000000000000062 ) ) ;
#2955 = AXIS2_PLACEMENT_3D ( 'NONE', #2031, #2529, #2740 ) ;
#2956 = APPLICATION_PROTOCOL_DEFINITION ( 'draft international standard', 'automotive_design', 1998, #1360 ) ;
#2957 = PRODUCT_DEFINITION_SHAPE ( 'NONE', 'NONE',  #2614 ) ;
#2958 = LINE ( 'NONE', #63, #2025 ) ;
#2959 = ORIENTED_EDGE ( 'NONE', *, *, #2432, .T. ) ;
#2960 = CARTESIAN_POINT ( 'NONE',  ( 2.568753516131890180, 0.3616720333809389509, 0.003000000000000000062 ) ) ;
#2961 = CARTESIAN_POINT ( 'NONE',  ( 2.568753516131890180, 0.3616720333809389509, 0.000000000000000000 ) ) ;
#2962 = TOROIDAL_SURFACE ( 'NONE', #319, 0.5849999999999999645, 0.01500000000000000118 ) ;
#2963 = CARTESIAN_POINT ( 'NONE',  ( 1.132963105199810139, 0.5802531291009349612, 0.000000000000000000 ) ) ;
#2964 = CARTESIAN_POINT ( 'NONE',  ( 3.424264068711928566, -3.574264068711928477, 0.1149999999999978956 ) ) ;
#2965 = ORIENTED_EDGE ( 'NONE', *, *, #514, .F. ) ;
#2966 = CARTESIAN_POINT ( 'NONE',  ( 3.000000000000000000, -3.750000000000000000, 5.275000000000000355 ) ) ;
#2967 = VERTEX_POINT ( 'NONE', #2979 ) ;
#2968 = DIRECTION ( 'NONE',  ( 0.000000000000000000, 0.000000000000000000, 1.000000000000000000 ) ) ;
#2969 = ORIENTED_EDGE ( 'NONE', *, *, #638, .F. ) ;
#2970 = LINE ( 'NONE', #792, #66 ) ;
#2971 = AXIS2_PLACEMENT_3D ( 'NONE', #1011, #1062, #2049 ) ;
#2972 = CARTESIAN_POINT ( 'NONE',  ( 1.786702955734599918, 0.1326809315882560014, 0.000000000000000000 ) ) ;
#2973 = ORIENTED_EDGE ( 'NONE', *, *, #1632, .T. ) ;
#2974 = CARTESIAN_POINT ( 'NONE',  ( 2.464867708101849963, 0.5046778239880860273, 0.000000000000000000 ) ) ;
#2975 = FACE_OUTER_BOUND ( 'NONE', #1903, .T. ) ;
#2976 = CARTESIAN_POINT ( 'NONE',  ( 1.676306914847302432, 0.5692592713618336298, 0.003000000000000000496 ) ) ;
#2977 = PRODUCT_DEFINITION_SHAPE ( 'NONE', 'NONE',  #3152 ) ;
#2978 = ORIENTED_EDGE ( 'NONE', *, *, #1927, .T. ) ;
#2979 = CARTESIAN_POINT ( 'NONE',  ( 3.000000000000000000, -3.745606601717799133, 0.1043933982822007750 ) ) ;
#2980 = EDGE_CURVE ( 'NONE', #534, #471, #1948, .T. ) ;
#2981 = ORIENTED_EDGE ( 'NONE', *, *, #1093, .F. ) ;
#2982 = DIRECTION ( 'NONE',  ( 0.000000000000000000, 0.000000000000000000, -1.000000000000000000 ) ) ;
#2983 = ORIENTED_EDGE ( 'NONE', *, *, #855, .T. ) ;
#2984 = CARTESIAN_POINT ( 'NONE',  ( 1.903845615401990043, 0.01603873255465710149, 0.003000000000000000062 ) ) ;
#2985 = EDGE_CURVE ( 'NONE', #2907, #1547, #2555, .T. ) ;
#2986 = EDGE_CURVE ( 'NONE', #666, #2324, #2317, .T. ) ;
#2987 = VERTEX_POINT ( 'NONE', #570 ) ;
#2988 = EDGE_CURVE ( 'NONE', #1215, #2089, #3023, .T. ) ;
#2989 = DIRECTION ( 'NONE',  ( -1.000000000000000000, 0.000000000000000000, 0.000000000000000000 ) ) ;
#2990 = VECTOR ( 'NONE', #1287, 1000.000000000000000 ) ;
#2991 = DIRECTION ( 'NONE',  ( 0.000000000000000000, 0.000000000000000000, 1.000000000000000000 ) ) ;
#2992 = CARTESIAN_POINT ( 'NONE',  ( 1.678314112524220025, 0.1650514736986300190, 0.003000000000000000062 ) ) ;
#2993 = VERTEX_POINT ( 'NONE', #1300 ) ;
#2994 = ORIENTED_EDGE ( 'NONE', *, *, #2295, .T. ) ;
#2995 = CARTESIAN_POINT ( 'NONE',  ( 2.300667941559309870, -0.5783582782955331014, 0.000000000000000000 ) ) ;
#2996 = ORIENTED_EDGE ( 'NONE', *, *, #2526, .T. ) ;
#2997 = LINE ( 'NONE', #573, #2736 ) ;
#2998 = ORIENTED_EDGE ( 'NONE', *, *, #1161, .F. ) ;
#2999 = CARTESIAN_POINT ( 'NONE',  ( 2.710141341474209931, 0.4458213581382539648, 0.003000000000000000062 ) ) ;
#3000 = EDGE_CURVE ( 'NONE', #328, #586, #1038, .T. ) ;
#3001 = CARTESIAN_POINT ( 'NONE',  ( 1.402427779191900203, 0.6100535883059429176, 0.003000000000000000062 ) ) ;
#3002 = EDGE_CURVE ( 'NONE', #1918, #2059, #1702, .T. ) ;
#3003 = EDGE_LOOP ( 'NONE', ( #636, #2939, #87, #2388, #614, #6, #2823 ) ) ;
#3004 = CIRCLE ( 'NONE', #1597, 0.01499999999999938882 ) ;
#3005 = CARTESIAN_POINT ( 'NONE',  ( 2.646531726474360191, 0.2248832587108499925, 0.003000000000000000062 ) ) ;
#3006 = PRODUCT_DEFINITION_SHAPE ( 'NONE', 'NONE',  #2520 ) ;
#3007 = EDGE_CURVE ( 'NONE', #974, #1588, #788, .T. ) ;
#3008 = FACE_OUTER_BOUND ( 'NONE', #2580, .T. ) ;
#3009 = CARTESIAN_POINT ( 'NONE',  ( 1.159885503714219945, 0.1243556984736300247, 0.000000000000000000 ) ) ;
#3010 = AXIS2_PLACEMENT_3D ( 'NONE', #2647, #760, #1761 ) ;
#3011 = ORIENTED_EDGE ( 'NONE', *, *, #2386, .T. ) ;
#3012 = CARTESIAN_POINT ( 'NONE',  ( -3.000000000000000000, 3.734999999999999876, 0.1150000000000000050 ) ) ;
#3013 = ORIENTED_EDGE ( 'NONE', *, *, #1740, .F. ) ;
#3014 = DIRECTION ( 'NONE',  ( -1.000000000000000000, 0.000000000000000000, 0.000000000000000000 ) ) ;
#3015 = ORIENTED_EDGE ( 'NONE', *, *, #1059, .T. ) ;
#3016 = CARTESIAN_POINT ( 'NONE',  ( -3.584999999999999964, 0.000000000000000000, 0.1150000000000000050 ) ) ;
#3017 = CARTESIAN_POINT ( 'NONE',  ( 1.424003106881910119, 0.4346410644809429735, 0.003000000000000000062 ) ) ;
#3018 = AXIS2_PLACEMENT_3D ( 'NONE', #1646, #3054, #2367 ) ;
#3019 = EDGE_LOOP ( 'NONE', ( #561, #2320, #1473, #1514 ) ) ;
#3020 = CARTESIAN_POINT ( 'NONE',  ( 1.244168778549600063, -0.01311918744405119949, 0.000000000000000000 ) ) ;
#3021 = CARTESIAN_POINT ( 'NONE',  ( 1.371784067724219902, -0.3625183383617430199, 0.000000000000000000 ) ) ;
#3022 = CARTESIAN_POINT ( 'NONE',  ( 1.167714493222769878, 0.3102210129289370011, 0.003000000000000000062 ) ) ;
#3023 = LINE ( 'NONE', #602, #1543 ) ;
#3024 = VERTEX_POINT ( 'NONE', #1378 ) ;
#3025 = CARTESIAN_POINT ( 'NONE',  ( 1.424003106881910119, 0.4346410644809469703, 0.003000000000000000062 ) ) ;
#3026 = ORIENTED_EDGE ( 'NONE', *, *, #2196, .F. ) ;
#3027 = DIRECTION ( 'NONE',  ( -0.7071067811865479058, -0.7071067811865472397, 1.807003620809174385E-16 ) ) ;
#3028 = CARTESIAN_POINT ( 'NONE',  ( 3.000000000000000000, -3.149999999999999911, 5.275000000000000355 ) ) ;
#3029 = ORIENTED_EDGE ( 'NONE', *, *, #283, .F. ) ;
#3030 = ORIENTED_EDGE ( 'NONE', *, *, #112, .F. ) ;
#3031 = DIRECTION ( 'NONE',  ( -0.7071067811865479058, -0.7071067811865472397, 1.807003620809174385E-16 ) ) ;
#3032 = ADVANCED_FACE ( 'NONE', ( #2349 ), #902, .F. ) ;
#3033 = CARTESIAN_POINT ( 'NONE',  ( 1.144570052030599916, 0.1785607519527110110, 0.000000000000000000 ) ) ;
#3034 = ADVANCED_FACE ( 'NONE', ( #142 ), #480, .T. ) ;
#3035 = VECTOR ( 'NONE', #2070, 1000.000000000000000 ) ;
#3036 = EDGE_CURVE ( 'NONE', #877, #745, #1673, .T. ) ;
#3037 = CARTESIAN_POINT ( 'NONE',  ( 3.000000000000000000, 3.149999999999999911, 0.1149999999999979927 ) ) ;
#3038 = CARTESIAN_POINT ( 'NONE',  ( 1.795429313059579757, 0.1434575599809420066, 0.000000000000000000 ) ) ;
#3039 = ORIENTED_EDGE ( 'NONE', *, *, #592, .T. ) ;
#3040 = FACE_OUTER_BOUND ( 'NONE', #3019, .T. ) ;
#3041 = EDGE_CURVE ( 'NONE', #2006, #2324, #136, .T. ) ;
#3042 = DIRECTION ( 'NONE',  ( 0.000000000000000000, 1.000000000000000000, 0.000000000000000000 ) ) ;
#3043 = ORIENTED_EDGE ( 'NONE', *, *, #2910, .F. ) ;
#3044 = ORIENTED_EDGE ( 'NONE', *, *, #783, .T. ) ;
#3045 = STYLED_ITEM ( 'NONE', ( #2080 ), #1662 ) ;
#3046 = CARTESIAN_POINT ( 'NONE',  ( 0.9550272685242209292, 0.2378575140559439915, 0.000000000000000000 ) ) ;
#3047 = VECTOR ( 'NONE', #2417, 1000.000000000000000 ) ;
#3048 = CARTESIAN_POINT ( 'NONE',  ( 1.730833430178969845, 0.1475065474112220165, 0.000000000000000000 ) ) ;
#3049 = DIRECTION ( 'NONE',  ( 1.537634919886934886E-16, -4.341503203566779605E-19, 1.000000000000000000 ) ) ;
#3050 = CARTESIAN_POINT ( 'NONE',  ( 2.568753516131890180, 0.3616720333809389509, 0.000000000000000000 ) ) ;
#3051 = CARTESIAN_POINT ( 'NONE',  ( 3.135000000000000231, 3.000000000000000000, 0.000000000000000000 ) ) ;
#3052 = VERTEX_POINT ( 'NONE', #1845 ) ;
#3053 = CARTESIAN_POINT ( 'NONE',  ( 3.584999999999999964, -3.149999999999999911, 6.985000000000000320 ) ) ;
#3054 = DIRECTION ( 'NONE',  ( -1.000000000000000000, 0.000000000000000000, 0.000000000000000000 ) ) ;
#3055 = VERTEX_POINT ( 'NONE', #1621 ) ;
#3056 = B_SPLINE_CURVE_WITH_KNOTS ( 'NONE', 3,
 ( #2646, #658, #1181, #449 ),
 .UNSPECIFIED., .F., .F.,
 ( 4, 4 ),
 ( 0.000000000000000000, 1.000000000000000000 ),
 .UNSPECIFIED. ) ;
#3057 = ORIENTED_EDGE ( 'NONE', *, *, #1733, .F. ) ;
#3058 = CARTESIAN_POINT ( 'NONE',  ( -1.800000000000000044, 3.734999999999999876, 6.985000000000000320 ) ) ;
#3059 = CARTESIAN_POINT ( 'NONE',  ( 1.678314112524220025, 0.1650514736986300190, 0.000000000000000000 ) ) ;
#3060 = DIRECTION ( 'NONE',  ( -0.6293036538429319648, -0.7771595146814681554, 0.000000000000000000 ) ) ;
#3061 = CARTESIAN_POINT ( 'NONE',  ( 3.000000000000000000, -3.149999999999999911, 6.985000000000000320 ) ) ;
#3062 = CARTESIAN_POINT ( 'NONE',  ( 2.425742753131709950, -0.3295829552866880174, 0.000000000000000000 ) ) ;
#3063 = CARTESIAN_POINT ( 'NONE',  ( 1.685000000000000053, 3.000000000000000000, 0.000000000000000000 ) ) ;
#3064 = CARTESIAN_POINT ( 'NONE',  ( -3.000000000000000000, -3.149999999999999911, 1.824999999999999956 ) ) ;
#3065 = EDGE_CURVE ( 'NONE', #1551, #1140, #1958, .T. ) ;
#3066 = CARTESIAN_POINT ( 'NONE',  ( 3.584999999999999964, 3.149999999999999911, 0.1149999999999979927 ) ) ;
#3067 = VECTOR ( 'NONE', #2602, 1000.000000000000000 ) ;
#3068 = CARTESIAN_POINT ( 'NONE',  ( 1.718932857381910040, 0.3189176378986320337, 0.003000000000000000062 ) ) ;
#3069 = ORIENTED_EDGE ( 'NONE', *, *, #1826, .F. ) ;
#3070 = ADVANCED_FACE ( 'NONE', ( #885 ), #2618, .T. ) ;
#3071 =( BOUNDED_CURVE ( )  B_SPLINE_CURVE ( 3, ( #1220, #734, #2976, #2430 ),
 .UNSPECIFIED., .F., .F. ) 
 B_SPLINE_CURVE_WITH_KNOTS ( ( 4, 4 ),
 ( 6.252545722613037427, 6.505517679453409308 ),
 .UNSPECIFIED. ) 
 CURVE ( )  GEOMETRIC_REPRESENTATION_ITEM ( )  RATIONAL_B_SPLINE_CURVE ( ( 1.000000000000000000, 0.9946742052551439395, 0.9946742052551439395, 1.000000000000000000 ) ) 
 REPRESENTATION_ITEM ( '' )  );
#3072 = EDGE_CURVE ( 'NONE', #2422, #2551, #2348, .T. ) ;
#3073 = ORIENTED_EDGE ( 'NONE', *, *, #307, .T. ) ;
#3074 = EDGE_LOOP ( 'NONE', ( #366, #2951, #2780, #2662 ) ) ;
#3075 = EDGE_CURVE ( 'NONE', #558, #2356, #163, .T. ) ;
#3076 = B_SPLINE_CURVE_WITH_KNOTS ( 'NONE', 3,
 ( #790, #2759, #2275, #2952 ),
 .UNSPECIFIED., .F., .F.,
 ( 4, 4 ),
 ( 0.000000000000000000, 1.000000000000000000 ),
 .UNSPECIFIED. ) ;
#3077 = CARTESIAN_POINT ( 'NONE',  ( 2.605213782724209892, -0.4309454091940529974, 0.003000000000000000062 ) ) ;
#3078 = CARTESIAN_POINT ( 'NONE',  ( 1.795429313059579757, 0.1434575599809420066, 0.003000000000000000062 ) ) ;
#3079 = CARTESIAN_POINT ( 'NONE',  ( 0.9967332959419099581, 0.4193616807236299482, 0.000000000000000000 ) ) ;
#3080 = DIRECTION ( 'NONE',  ( 0.000000000000000000, 0.000000000000000000, 1.000000000000000000 ) ) ;
#3081 = DIRECTION ( 'NONE',  ( 0.000000000000000000, 0.000000000000000000, 1.000000000000000000 ) ) ;
#3082 = VECTOR ( 'NONE', #520, 1000.000000000000000 ) ;
#3083 = CIRCLE ( 'NONE', #2532, 0.6000000000000001998 ) ;
#3084 = DIRECTION ( 'NONE',  ( 1.000000000000000000, 0.000000000000000000, 0.000000000000000000 ) ) ;
#3085 = VECTOR ( 'NONE', #102, 999.9999999999998863 ) ;
#3086 = DIRECTION ( 'NONE',  ( -0.000000000000000000, 1.000000000000000000, 0.000000000000000000 ) ) ;
#3087 = CARTESIAN_POINT ( 'NONE',  ( 2.334754714381940044, -0.3594912118690549718, 0.000000000000000000 ) ) ;
#3088 = EDGE_LOOP ( 'NONE', ( #2501, #1371, #710, #2565 ) ) ;
#3089 = VERTEX_POINT ( 'NONE', #2601 ) ;
#3090 = EDGE_LOOP ( 'NONE', ( #1603, #2741, #1417, #2280 ) ) ;
#3091 = SURFACE_SIDE_STYLE ('',( #1142 ) ) ;
#3092 = SURFACE_STYLE_USAGE ( .BOTH. , #483 ) ;
#3093 = LINE ( 'NONE', #174, #1080 ) ;
#3094 = ADVANCED_FACE ( 'NONE', ( #660 ), #2362, .T. ) ;
#3095 = SURFACE_SIDE_STYLE ('',( #176 ) ) ;
#3096 =( GEOMETRIC_REPRESENTATION_CONTEXT ( 3 ) GLOBAL_UNCERTAINTY_ASSIGNED_CONTEXT ( ( #650 ) ) GLOBAL_UNIT_ASSIGNED_CONTEXT ( ( #2649, #1963, #1707 ) ) REPRESENTATION_CONTEXT ( 'NONE', 'WORKASPACE' ) );
#3097 = AXIS2_PLACEMENT_3D ( 'NONE', #1412, #124, #2083 ) ;
#3098 = CARTESIAN_POINT ( 'NONE',  ( -3.000000000000000000, 3.149999999999999911, 6.985000000000000320 ) ) ;
#3099 = DIRECTION ( 'NONE',  ( 2.312964634635739999E-16, 0.000000000000000000, 1.000000000000000000 ) ) ;
#3100 = DIRECTION ( 'NONE',  ( -1.000000000000000000, 0.000000000000000000, 0.000000000000000000 ) ) ;
#3101 = CARTESIAN_POINT ( 'NONE',  ( 2.710141341474209931, 0.4458213581382519664, 0.000000000000000000 ) ) ;
#3102 = DIRECTION ( 'NONE',  ( -1.000000000000000000, 1.216715771344843810E-16, 1.216715771344781934E-16 ) ) ;
#3103 = CARTESIAN_POINT ( 'NONE',  ( 1.017479223123999965, 0.4623200860305849980, 0.000000000000000000 ) ) ;
#3104 = VERTEX_POINT ( 'NONE', #2813 ) ;
#3105 = VECTOR ( 'NONE', #1936, 1000.000000000000000 ) ;
#3106 = ORIENTED_EDGE ( 'NONE', *, *, #3065, .T. ) ;
#3107 = LINE ( 'NONE', #1701, #757 ) ;
#3108 = CARTESIAN_POINT ( 'NONE',  ( 1.402427779191900203, 0.6100535883059420295, 0.003000000000000000062 ) ) ;
#3109 = ORIENTED_EDGE ( 'NONE', *, *, #2841, .F. ) ;
#3110 = EDGE_CURVE ( 'NONE', #1847, #1630, #2100, .T. ) ;
#3111 = CARTESIAN_POINT ( 'NONE',  ( 1.793089119509956975, 0.5081261630582256661, 0.000000000000000000 ) ) ;
#3112 = CARTESIAN_POINT ( 'NONE',  ( 1.779459132895959916, -0.08873997716870929420, 0.003000000000000000062 ) ) ;
#3113 = ADVANCED_FACE ( 'NONE', ( #417 ), #1645, .T. ) ;
#3114 = VECTOR ( 'NONE', #1337, 1000.000000000000000 ) ;
#3115 = CARTESIAN_POINT ( 'NONE',  ( 2.425742753131709950, -0.3295829552866880174, 0.003000000000000000062 ) ) ;
#3116 = CARTESIAN_POINT ( 'NONE',  ( 2.832721995474209997, -0.1255174576940550069, 0.000000000000000000 ) ) ;
#3117 = DIRECTION ( 'NONE',  ( 2.433431542689689592E-16, -1.980940435164900078E-31, 1.000000000000000000 ) ) ;
#3118 = CARTESIAN_POINT ( 'NONE',  ( 2.710141341474209931, 0.4458213581382519664, 0.003000000000000000062 ) ) ;
#3119 = DIRECTION ( 'NONE',  ( 0.7071067811865764385, 0.000000000000000000, 0.7071067811865185959 ) ) ;
#3120 = ORIENTED_EDGE ( 'NONE', *, *, #1014, .F. ) ;
#3121 = CARTESIAN_POINT ( 'NONE',  ( -3.600000000000000089, 3.149999999999999911, 6.985000000000000320 ) ) ;
#3122 = EDGE_LOOP ( 'NONE', ( #1705, #2503, #2272, #1403 ) ) ;
#3123 = FACE_OUTER_BOUND ( 'NONE', #1176, .T. ) ;
#3124 = CARTESIAN_POINT ( 'NONE',  ( 1.884727911024229874, 0.4168979431632580113, 0.000000000000000000 ) ) ;
#3125 = VERTEX_POINT ( 'NONE', #1911 ) ;
#3126 =( NAMED_UNIT ( * ) PLANE_ANGLE_UNIT ( ) SI_UNIT ( $, .RADIAN. ) );
#3127 = SURFACE_STYLE_USAGE ( .BOTH. , #3095 ) ;
#3128 = CARTESIAN_POINT ( 'NONE',  ( 1.800000000000000044, -3.734999999999999876, 0.1150000000000000050 ) ) ;
#3129 = ADVANCED_FACE ( 'NONE', ( #2587 ), #919, .T. ) ;
#3130 = CARTESIAN_POINT ( 'NONE',  ( -3.600000000000000089, 3.149999999999999911, 0.1150000000000000050 ) ) ;
#3131 = ADVANCED_FACE ( 'NONE', ( #113 ), #743, .T. ) ;
#3132 = CARTESIAN_POINT ( 'NONE',  ( 1.529103169294280029, 0.03396045173576670018, 0.003000000000000000062 ) ) ;
#3133 = VERTEX_POINT ( 'NONE', #1980 ) ;
#3134 = CARTESIAN_POINT ( 'NONE',  ( 1.058179716524219938, 0.5065490222236270768, 0.003000000000000000062 ) ) ;
#3135 = B_SPLINE_CURVE_WITH_KNOTS ( 'NONE', 3,
 ( #2924, #1475, #235, #2216 ),
 .UNSPECIFIED., .F., .F.,
 ( 4, 4 ),
 ( 0.000000000000000000, 1.000000000000000000 ),
 .UNSPECIFIED. ) ;
#3136 = CARTESIAN_POINT ( 'NONE',  ( 1.685000000000000053, 3.000000000000000000, 0.1000000000000000056 ) ) ;
#3137 = ORIENTED_EDGE ( 'NONE', *, *, #2985, .T. ) ;
#3138 = VECTOR ( 'NONE', #779, 1000.000000000000000 ) ;
#3139 = CARTESIAN_POINT ( 'NONE',  ( 1.685000000000000053, 3.000000000000000000, 0.000000000000000000 ) ) ;
#3140 = APPLICATION_PROTOCOL_DEFINITION ( 'draft international standard', 'automotive_design', 1998, #1195 ) ;
#3141 = CARTESIAN_POINT ( 'NONE',  ( 3.595606601717797890, -3.149999999999999911, 0.1043933982821999423 ) ) ;
#3142 = ORIENTED_EDGE ( 'NONE', *, *, #2944, .F. ) ;
#3143 = CARTESIAN_POINT ( 'NONE',  ( 0.9967332959419099581, 0.4193616807236299482, 0.000000000000000000 ) ) ;
#3144 = FILL_AREA_STYLE ('',( #1464 ) ) ;
#3145 = CARTESIAN_POINT ( 'NONE',  ( -3.600000000000000089, 0.000000000000000000, 0.1150000000000000050 ) ) ;
#3146 =( GEOMETRIC_REPRESENTATION_CONTEXT ( 3 ) GLOBAL_UNCERTAINTY_ASSIGNED_CONTEXT ( ( #1103 ) ) GLOBAL_UNIT_ASSIGNED_CONTEXT ( ( #1216, #1204, #2440 ) ) REPRESENTATION_CONTEXT ( 'NONE', 'WORKASPACE' ) );
#3147 = AXIS2_PLACEMENT_3D ( 'NONE', #159, #1148, #3080 ) ;
#3148 = PRODUCT ( 'terminals^Coilcraft_-_XAL7070-472MEC.step', 'terminals^Coilcraft_-_XAL7070-472MEC.step', '', ( #943 ) ) ;
#3149 = EDGE_LOOP ( 'NONE', ( #988, #377, #2965, #3109 ) ) ;
#3150 = CARTESIAN_POINT ( 'NONE',  ( 3.000000000000000000, -3.750000000000000000, 6.985000000000000320 ) ) ;
#3151 = NEXT_ASSEMBLY_USAGE_OCCURRENCE ( 'NAUO1', ' ', ' ', #305, #1861, $ ) ;
#3152 = NEXT_ASSEMBLY_USAGE_OCCURRENCE ( 'NAUO2', ' ', ' ', #305, #2520, $ ) ;
#3153 = NEXT_ASSEMBLY_USAGE_OCCURRENCE ( 'NAUO3', ' ', ' ', #305, #2614, $ ) ;
ENDSEC;
END-ISO-10303-21;
